block_id,source_text,target_text,notes
1-1,"1. Katame dhammā kusalā? Yasmiṃ samaye kāmāvacaraṃ kusalaṃ cittaṃ uppannaṃ hoti somanassasahagataṃ ñāṇasampayuttaṃ rūpārammaṇaṃ vā saddārammaṇaṃ vā gandhārammaṇaṃ vā rasārammaṇaṃ vā phoṭṭhabbārammaṇaṃ vā dhammārammaṇaṃ vā yaṃ yaṃ vā panārabbha, tasmiṃ samaye phasso hoti, vedanā hoti, saññā hoti, cetanā hoti, cittaṃ hoti, vitakko hoti, vicāro hoti, pīti hoti, sukhaṃ hoti, cittassekaggatā hoti, saddhindriyaṃ hoti, vīriyindriyaṃ [viriyindriyaṃ (sī. syā.)] hoti, satindriyaṃ hoti, samādhindriyaṃ hoti, paññindriyaṃ hoti, manindriyaṃ hoti, somanassindriyaṃ hoti, jīvitindriyaṃ hoti, sammādiṭṭhi hoti, sammāsaṅkappo hoti, sammāvāyāmo hoti, sammāsati hoti, sammāsamādhi hoti, saddhābalaṃ hoti, vīriyabalaṃ [viriyabalaṃ (sī. syā.)] hoti, satibalaṃ hoti, samādhibalaṃ hoti, paññābalaṃ hoti, hiribalaṃ hoti, ottappabalaṃ hoti, alobho hoti, adoso hoti, amoho hoti, anabhijjhā hoti, abyāpādo hoti, sammādiṭṭhi hoti, hirī hoti, ottappaṃ hoti, kāyapassaddhi [kāyappassaddhi (syā.)] hoti, cittapassaddhi [cittappassaddhi (syā.)] hoti, kāyalahutā hoti, cittalahutā hoti, kāyamudutā hoti, cittamudutā hoti, kāyakammaññatā hoti, cittakammaññatā hoti, kāyapāguññatā hoti, cittapāguññatā hoti, kāyujukatā [kāyujjukatā (sī. ka.)] hoti, cittujukatā [cittujjukatā (sī. ka.)] hoti, sati hoti, sampajaññaṃ hoti, samatho hoti, vipassanā hoti, paggāho hoti, avikkhepo hoti; ye vā pana tasmiṃ samaye aññepi atthi paṭiccasamuppannā arūpino dhammā – ime dhammā kusalā.","Which are the states that are good?
When a good thought concerning the sensuous universe has risen, which is accompanied by gladness and associated with knowledge, and has as its object a sight, a sound, a smell, a taste, a touch, a [mental] state, or what not, then there is:
contact ( § 2 )
feeling ( § 3 )
perception ( § 4 )
volition ( § 5 )
thought ( § 6 )
application ( § 7 )
sustained thinking ( § 8 )
zest ( § 9 )
ease ( § 10 )
self-collectedness ( § 11 )
the faculty of faith ( § 12 )
the faculty of energy ( § 13 )
the faculty of mindfulness ( § 14 )
the faculty of concentration ( § 15 )
the faculty of insight ( § 16 )
the faculty of ideation ( § 17 )
the faculty of gladness ( § 18 )
the faculty of life ( § 19 )
right views ( § 20 )
right intention ( § 21 )
right endeavour ( § 22 )
right mindfulness ( § 23 )
right concentration ( § 24 )
the power of faith ( § 25 )
the power of energy ( § 26 )
the power of mindfulness ( § 27 )
the power of concentration ( § 28 )
the power of insight ( § 29 )
the power of conscientiousness ( § 30 )
the power of the fear of blame ( § 31 )
absence of greed ( § 32 )
absence of hate ( § 33 )
absence of dullness ( § 34 )
absence of covetousness ( § 35 )
absence of malice ( § 36 )
right views ( § 37 )
conscientiousness ( § 38 )
fear of blame ( § 39 )
serenity in mind and mental factors ( §§ 40 , 41 )
lightness in mind and mental factors ( §§ 42 , 43 )
plasticity in mind and mental factors ( §§ 44 , 45 )
facility in mind and mental factors ( §§ 46 , 47 )
fitness in mind and mental factors ( §§ 48 , 49 )
directness in mind and mental factors ( §§ 50 , 51 )
mindfulness ( § 52 )
intelligence ( § 53 )
quiet ( § 54 )
intuition ( § 55 )
grasp ( § 56 )
balance ( § 57 ).
Now these—or whatever other incorporeal, causally induced states there are on that occasion—these are states that are good.",
1-2,2. Katamo tasmiṃ samaye phasso hoti? Yo tasmiṃ samaye phasso phusanā saṃphusanā saṃphusitattaṃ – ayaṃ tasmiṃ samaye phasso hoti.,"What on that occasion is contact ( phasso )?
The contact which on that occasion is touching, the being brought into contact, the state of having been brought into touch with—this is the contact that there then is.",
1-3,3. Katamā tasmiṃ samaye vedanā hoti? Yaṃ tasmiṃ samaye tajjāmanoviññāṇadhātusamphassajaṃ cetasikaṃ sātaṃ cetasikaṃ sukhaṃ cetosamphassajaṃ sātaṃ sukhaṃ vedayitaṃ cetosamphassajā sātā sukhā vedanā – ayaṃ tasmiṃ samaye vedanā hoti.,"What on that occasion is feeling ( vedana )?
The mental pleasure, the mental ease, which, on that occasion, is born of contact with the appropriate element of representative intellection; the pleasurable, easeful sensation which is born of contact with thought; the pleasurable, easeful feeling which is born of contact with thought—this is the feeling that there then is.",
1-4,4. Katamā tasmiṃ samaye saññā hoti? Yā tasmiṃ samaye tajjāmanoviññāṇadhātusamphassajā saññā sañjānanā sañjānitattaṃ – ayaṃ tasmiṃ samaye saññā hoti.,"What on that occasion is perception ( saññā )?
The perception, the perceiving, the state of having perceived which on that occasion is born of contact with the appropriate element of representative intellection—this is the perception that there then is.",
1-5,5. Katamā tasmiṃ samaye cetanā hoti? Yā tasmiṃ samaye tajjāmanoviññāṇadhātusamphassajā cetanā sañcetanā cetayitattaṃ [sañcetayitattaṃ (syā.)] – ayaṃ tasmiṃ samaye cetanā hoti.,"What on that occasion is volition ( cetanā )?
The volition, purpose, purposefulness, which is born of contact with the appropriate element of representative intellection—this is the volition that there then is.",
1-6,6. Katamaṃ tasmiṃ samaye cittaṃ hoti? Yaṃ tasmiṃ samaye cittaṃ mano mānasaṃ hadayaṃ paṇḍaraṃ mano manāyatanaṃ manindriyaṃ viññāṇaṃ viññāṇakkhandho tajjāmanoviññāṇadhātu – idaṃ tasmiṃ samaye cittaṃ hoti.,"What on that occasion is thought ( cittaṃ )?
The thought which on that occasion is ideation, mind, heart, that which is clear, ideation as the sphere of mind, the faculty of mind, intellection, the skandha of intellection, the appropriate element of representative intellection—this is the thought that there then is.",
1-7,7. Katamo tasmiṃ samaye vitakko hoti? Yo tasmiṃ samaye takko vitakko saṅkappo appanā byappanā cetaso abhiniropanā sammāsaṅkappo – ayaṃ tasmiṃ samaye vitakko hoti.,"What on that occasion is application of mind ( vitakko )?
The discrimination, the application, which on that occasion is the disposing, the fixing, the focussing, the superposing of the mind, right disposing—this is the application that there then is.",
1-8,8. Katamo tasmiṃ samaye vicāro hoti? Yo tasmiṃ samaye cāro vicāro anuvicāro upavicāro cittassa anusandhānatā anupekkhanatā – ayaṃ tasmiṃ samaye vicāro hoti.,"What on that occasion is sustained thought ( vicāro )?
The process, the sustained procedure ( vicāro ), the progress and access [of the mind] which on that occasion is the [continuous] adjusting and focussing of thought—this is the sustained thought that there then is.",
1-9,9. Katamā tasmiṃ samaye pīti hoti? Yā tasmiṃ samaye pīti pāmojjaṃ āmodanā pamodanā hāso pahāso vitti odagyaṃ attamanatā cittassa – ayaṃ tasmiṃ samaye pīti hoti.,"What on that occasion is zest ( pīti )?
The zest which on that occasion is joy, rejoicing at, rejoicing over, mirth and merriment, felicity, exultation, transport of mind—this is the zest that there then is.",
1-10,10. Katamaṃ tasmiṃ samaye sukhaṃ hoti? Yaṃ tasmiṃ samaye cetasikaṃ sātaṃ cetasikaṃ sukhaṃ cetosamphassajaṃ sātaṃ sukhaṃ vedayitaṃ cetosamphassajā sātā sukhā vedanā – idaṃ tasmiṃ samaye sukhaṃ hoti.,"What on that occasion is ease ( sukhaṃ )?
The mental pleasure, the mental ease, which on that occasion is the pleasant, easeful experience born of contact with thought—this is the ease that there then is.",
1-11,11. Katamā tasmiṃ samaye cittassekaggatā hoti? Yā tasmiṃ samaye cittassa ṭhiti saṇṭhiti avaṭṭhiti avisāhāro avikkhepo avisāhaṭamānasatā samatho samādhindriyaṃ samādhibalaṃ sammāsamādhi – ayaṃ tasmiṃ samaye cittassekaggatā hoti.,"What on that occasion is self-collectedness ( cittass’ ekaggatā )?
The stability, solidity, absorbed steadfastness of thought which on that occasion is the absence of distraction, balance, unperturbed mental procedure, quiet, the faculty and the power of concentration, right concentration—this is the self-collectedness that there then is.",
1-12,12. Katamaṃ tasmiṃ samaye saddhindriyaṃ hoti? Yā tasmiṃ samaye saddhā saddahanā okappanā abhippasādo saddhā saddhindriyaṃ saddhābalaṃ – idaṃ tasmiṃ samaye saddhindriyaṃ hoti.,"What on that occasion is the faculty of faith ( saddhindriyaṃ )?
The faith which on that occasion is a trusting in, the professing confidence in, the sense of assurance, faith, faith as a faculty and as a power—this is the faith that there then is.",
1-13,13. Katamaṃ tasmiṃ samaye vīriyindriyaṃ hoti? Yo tasmiṃ samaye cetasiko vīriyārambho [viriyārambho (sī. syā.)] nikkamo parakkamo uyyāmo vāyāmo ussāho ussoḷhī [ussoḷhi (sī.)] thāmo dhiti asithilaparakkamatā anikkhittachandatā anikkhittadhuratā dhurasampaggāho vīriyaṃ vīriyindriyaṃ vīriyabalaṃ sammāvāyāmo – idaṃ tasmiṃ samaye vīriyindriyaṃ hoti.,"What on that occasion is the faculty of energy ( viriyindriyaṃ )?
The mental inception of energy which there is on that occasion, the striving and the onward effort, the exertion and endeavour, the zeal and ardour, the vigour and fortitude, the state of unfaltering effort, the state of sustained desire, the state of unflinching endurance and solid grip of the burden, energy, energy as faculty and as power, right endeavour—this is the energy that there then is.",
1-14,14. Katamaṃ tasmiṃ samaye satindriyaṃ hoti? Yā tasmiṃ samaye sati anussati paṭissati sati saraṇatā dhāraṇatā apilāpanatā asammussanatā sati satindriyaṃ satibalaṃ sammāsati – idaṃ tasmiṃ samaye satindriyaṃ hoti.,"What on that occasion is the faculty of mindfulness ( satindriyaṃ )?
The mindfulness which on that occasion is recollecting, calling back to mind; the mindfulness which is remembering, bearing in mind, the opposite of superficiality and of obliviousness; mindfulness as faculty, mindfulness as power, right mindfulness—this is the faculty of mindfulness that there then is.",
1-15,15. Katamaṃ tasmiṃ samaye samādhindriyaṃ hoti? Yā tasmiṃ samaye cittassa ṭhiti saṇṭhiti avaṭṭhiti avisāhāro avikkhepo avisāhaṭamānasatā samatho samādhindriyaṃ samādhibalaṃ sammāsamādhi – idaṃ tasmiṃ samaye samādhindriyaṃ hoti.,"What on that occasion is the faculty of concentration ( samādhindriyaṃ )?
Answer as for “self-collectedness”, § 11 .",
1-16,16. Katamaṃ tasmiṃ samaye paññindriyaṃ hoti? Yā tasmiṃ samaye paññā pajānanā vicayo pavicayo dhammavicayo sallakkhaṇā upalakkhaṇā paccupalakkhaṇā paṇḍiccaṃ kosallaṃ nepuññaṃ vebhabyā cintā upaparikkhā bhūrī medhā pariṇāyikā vipassanā sampajaññaṃ patodo paññā paññindriyaṃ paññābalaṃ paññāsatthaṃ paññāpāsādo paññāāloko paññāobhāso paññāpajjoto paññāratanaṃ amoho dhammavicayo sammādiṭṭhi – idaṃ tasmiṃ samaye paññindriyaṃ hoti.,"What on that occasion is the faculty of insight ( paññindriyaṃ )?
The insight which there is on that occasion is understanding, search, research, searching the Doctrine, discernment, discrimination, differentiation, erudition, proficiency, subtlety, criticism, reflection, analysis, breadth, sagacity, a “guide”, intuition, intelligence, a “goad”; wisdom as faculty, wisdom as power, wisdom as a sword, wisdom as a height, wisdom as light, wisdom as glory, wisdom as splendour, wisdom as a precious stone; the absence of dullness, searching the Truth, right views—this is the wisdom that there then is.",
1-17,17. Katamaṃ tasmiṃ samaye manindriyaṃ hoti? Yaṃ tasmiṃ samaye cittaṃ mano mānasaṃ hadayaṃ paṇḍaraṃ mano manāyatanaṃ manindriyaṃ viññāṇaṃ viññāṇakkhandho tajjāmanoviññāṇadhātu – idaṃ tasmiṃ samaye manindriyaṃ hoti.,"What on that occasion is the faculty of mind (representative imagination, manindriyaṃ )?
Answer as for “thought” ( cittaṃ ), § 6 .",
1-18,18. Katamaṃ tasmiṃ samaye somanassindriyaṃ hoti? Yaṃ tasmiṃ samaye cetasikaṃ sātaṃ cetasikaṃ sukhaṃ cetosamphassajaṃ sātaṃ sukhaṃ vedayitaṃ cetosamphassajā sātā sukhā vedanā – idaṃ tasmiṃ samaye somanassindriyaṃ hoti.,"What on that occasion is the faculty of pleasure ( somanassin-driyaṃ )?
Answer as for “ease” ( sukhaṃ ), § 10 .",
1-19,19. Katamaṃ tasmiṃ samaye jīvitindriyaṃ hoti? Yo tesaṃ arūpīnaṃ dhammānaṃ āyu ṭhiti yapanā yāpanā iriyanā [irīyanā (sī.)] vattanā pālanā jīvitaṃ jīvitindriyaṃ – idaṃ tasmiṃ samaye jīvitindriyaṃ hoti.,"What on that occasion is the faculty of life ( jīvitindriyaṃ )?
The persistence of these incorporeal states, their subsistence, going on, their being kept going on, their progress, continuance, preservation, life, life as faculty—this is the faculty of life that there then is.",
1-20,20. Katamā tasmiṃ samaye sammādiṭṭhi hoti? Yā tasmiṃ samaye paññā pajānanā vicayo pavicayo dhammavicayo sallakkhaṇā upalakkhaṇā paccupalakkhaṇā paṇḍiccaṃ kosallaṃ nepuññaṃ vebhabyā cintā upaparikkhā bhūrī medhā pariṇāyikā vipassanā sampajaññaṃ patodo paññā paññindriyaṃ paññābalaṃ paññāsatthaṃ paññāpāsādo paññāāloko paññāobhāso paññāpajjoto paññāratanaṃ amoho dhammavicayo sammādiṭṭhi – ayaṃ tasmiṃ samaye sammādiṭṭhi hoti.,"What on that occasion are right views ( sammā-diṭṭhi )?
Answer as for the “faculty of insight”, § 16 .",
1-21,21. Katamo tasmiṃ samaye sammāsaṅkappo hoti? Yo tasmiṃ samaye takko vitakko saṅkappo appanā byappanā cetaso abhiniropanā sammāsaṅkappo – ayaṃ tasmiṃ samaye sammāsaṅkappo hoti.,"What on that occasion is right intention ( sammā-sankappo )?
Answer as for “application of mind”, § 7 .",
1-22,22. Katamo tasmiṃ samaye sammāvāyāmo hoti? Yo tasmiṃ samaye cetasiko vīriyārambho nikkamo parakkamo uyyāmo vāyāmo ussāho ussoḷhī thāmo dhiti asithilaparakkamatā anikkhittachandatā anikkhittadhuratā dhurasampaggāho vīriyaṃ vīriyindriyaṃ vīriyabalaṃ sammāvāyāmo – ayaṃ tasmiṃ samaye sammāvāyāmo hoti.,"What on that occasion is right endeavour ( sammā-vāyāmo )?
Answer as for the “faculty of energy”, § 13 .",
1-23,23. Katamā tasmiṃ samaye sammāsati hoti? Yā tasmiṃ samaye sati anussati paṭissati sati saraṇatā dhāraṇatā apilāpanatā asammussanatā sati satindriyaṃ satibalaṃ sammāsati – ayaṃ tasmiṃ samaye sammāsati hoti.,"What on that occasion is right mindfulness ( sammāsati )?
Answer as for the “faculty of mindfulness”, § 14 .",
1-24,24. Katamo tasmiṃ samaye sammāsamādhi hoti? Yā tasmiṃ samaye cittassa ṭhiti saṇṭhiti avaṭṭhiti avisāhāro avikkhepo avisāhaṭamānasatā samatho samādhindriyaṃ samādhibalaṃ sammāsamādhi – ayaṃ tasmiṃ samaye sammāsamādhi hoti.,"What on that occasion is right concentration ( sammā-samādhi )?
Answer as for “self-collectedness”, § 11 .",
1-25,25. Katamaṃ tasmiṃ samaye saddhābalaṃ hoti? Yā tasmiṃ samaye saddhā saddahanā okappanā abhippasādo saddhā saddhindriyaṃ saddhābalaṃ – idaṃ tasmiṃ samaye saddhābalaṃ hoti.,"What on that occasion is the power of faith ( saddhābalaṃ )?
Answer as for the “faculty of faith”, § 12 .",
1-26,26. Katamaṃ tasmiṃ samaye vīriyabalaṃ hoti? Yo tasmiṃ samaye cetasiko vīriyārambho nikkamo parakkamo uyyāmo vāyāmo ussāho ussoḷhī thāmo dhiti asithilaparakkamatā anikkhittachandatā anikkhittadhuratā dhurasampaggāho vīriyaṃ vīriyindriyaṃ vīriyabalaṃ sammāvāyāmo – idaṃ tasmiṃ samaye vīriyabalaṃ hoti.,"What on that occasion is the power of energy ( viriyabalaṃ )?
Answer as for the “faculty of energy”, § 13 .",
1-27,27. Katamaṃ tasmiṃ samaye satibalaṃ hoti? Yā tasmiṃ samaye sati anussati paṭissati sati saraṇatā dhāraṇatā apilāpanatā asammussanatā sati satindriyaṃ satibalaṃ sammāsati – idaṃ tasmiṃ samaye satibalaṃ hoti.,"What on that occasion is the power of mindfulness ( sati-balaṃ )?
Answer as for the “faculty of mindfulness”, § 14 .",
1-28,28. Katamaṃ tasmiṃ samaye samādhibalaṃ hoti? Yā tasmiṃ samaye cittassa ṭhiti saṇṭhiti avaṭṭhiti avisāhāro avikkhepo avisāhaṭamānasatā samatho samādhindriyaṃ samādhibalaṃ sammāsamādhi – idaṃ tasmiṃ samaye samādhibalaṃ hoti.,"What on that occasion is the power of concentration ( samādhi-balaṃ )?
Answer as for “self-collectedness”, § 11 .",
1-29,29. Katamaṃ tasmiṃ samaye paññābalaṃ hoti? Yā tasmiṃ samaye paññā pajānanā vicayo pavicayo dhammavicayo sallakkhaṇā upalakkhaṇā paccupalakkhaṇā paṇḍiccaṃ kosallaṃ nepuññaṃ vebhabyā cintā upaparikkhā bhūrī medhā pariṇāyikā vipassanā sampajaññaṃ patodo paññā paññindriyaṃ paññābalaṃ paññāsatthaṃ paññāpāsādo paññāāloko paññāobhāso paññāpajjoto paññāratanaṃ amoho dhammavicayo sammādiṭṭhi – idaṃ tasmiṃ samaye paññābalaṃ hoti.,"What on that occasion is the power of insight ( paññābalaṃ )?
Answer as for the “faculty of wisdom”, § 16 .",
1-30,30. Katamaṃ tasmiṃ samaye hiribalaṃ hoti? Yaṃ tasmiṃ samaye hirīyati hiriyitabbena hirīyati pāpakānaṃ akusalānaṃ dhammānaṃ samāpattiyā – idaṃ tasmiṃ samaye hiribalaṃ hoti.,"What on that occasion is the power of conscientiousness ( hiribalaṃ )?
The feeling of conscientious scruple which there is on that occasion when scruples ought to be felt, conscientious scruple at attaining to bad and evil states—this is the power of conscientiousness that there then is.",
1-31,31. Katamaṃ tasmiṃ samaye ottappabalaṃ hoti? Yaṃ tasmiṃ samaye ottappati ottappitabbena ottappati pāpakānaṃ akusalānaṃ dhammānaṃ samāpattiyā – idaṃ tasmiṃ samaye ottappabalaṃ hoti.,"What on that occasion is the power of the fear of blame ( ottappabalaṃ )?
The sense of guilt which there is on that occasion, where a sense of guilt ought to be felt, a sense of guilt at attaining to bad and evil states—this is the fear of blame that there then is.",
1-32,32. Katamo tasmiṃ samaye alobho hoti? Yo tasmiṃ samaye alobho alubbhanā alubbhitattaṃ asārāgo asārajjanā asārajjitattaṃ anabhijjhā alobho kusalamūlaṃ – ayaṃ tasmiṃ samaye alobho hoti.,"What on that occasion is disinterestedness ( alobho )?
The absence of greed, of being greedy, of greediness, which there is on that occasion, the absence of infatuation, the feeling and being infatuated, the absence of covetousness, that absence of greed which is the root of good—this is the absence of greed that there then is.",
1-33,33. Katamo tasmiṃ samaye adoso hoti? Yo tasmiṃ samaye adoso adussanā adussitattaṃ [adūsanā adūsitattaṃ (syā.)] abyāpādo abyāpajjo adoso kusalamūlaṃ – ayaṃ tasmiṃ samaye adoso hoti?,"What on that occasion is the absence of hate ( adoso )?
The absence of hate, of hating, of hatred, which there is on that occasion, the absence of malice, of spleen, the absence of hate, which is the root of good—this is the absence of hate that there then is.",
1-34,34. Katamo tasmiṃ samaye amoho hoti? Yā tasmiṃ samaye paññā pajānanā vicayo pavicayo dhammavicayo sallakkhaṇā upalakkhaṇā paccupalakkhaṇā paṇḍiccaṃ kosallaṃ nepuññaṃ vebhabyā cintā upaparikkhā bhūrī medhā pariṇāyikā vipassanā sampajaññaṃ patodo paññā paññindriyaṃ paññābalaṃ paññāsatthaṃ paññāpāsādo paññāāloko paññāobhāso paññāpajjoto paññāratanaṃ amoho dhammavicayo sammādiṭṭhi amoho kusalamūlaṃ – ayaṃ tasmiṃ samaye amoho hoti.,"What on that occasion is the absence of dullness ( amoho )?
Answer as for the “faculty of insight”, § 16 .",
1-35,35. Katamā tasmiṃ samaye anabhijjhā hoti? Yo tasmiṃ samaye alobho alubbhanā alubbhitattaṃ asārāgo asārajjanā asārajjitattaṃ anabhijjhā alobho kusalamūlaṃ – ayaṃ tasmiṃ samaye anabhijjhā hoti.,"What on that occasion is the absence of covetousness ( anabh-ijjhā )?
Answer as for “disinterestedness”, § 32 .",
1-36,36. Katamo tasmiṃ samaye abyāpādo hoti? Yo tasmiṃ samaye adoso adussanā adussitattaṃ abyāpādo abyāpajjo adoso kusalamūlaṃ – ayaṃ tasmiṃ samaye abyāpādo hoti.,"What on that occasion is the absence of malice ( avyāpādo )?
Answer as for the “absence of hate”, § 33 .",
1-37,37. Katamā tasmiṃ samaye sammādiṭṭhi hoti? Yā tasmiṃ samaye paññā pajānanā vicayo pavicayo dhammavicayo sallakkhaṇā upalakkhaṇā paccupalakkhaṇā paṇḍiccaṃ kosallaṃ nepuññaṃ vebhabyā cintā upaparikkhā bhūrī medhā pariṇāyikā vipassanā sampajaññaṃ patodo paññā paññindriyaṃ paññābalaṃ paññāsatthaṃ paññāpāsādo paññāāloko paññāobhāso paññāpajjoto paññāratanaṃ amoho dhammavicayo sammādiṭṭhi – ayaṃ tasmiṃ samaye sammādiṭṭhi hoti.,"What on that occasion are right views ( sammādiṭṭhi )?
Answer as for the “faculty of insight”, § 16 .",
1-38,38. Katamā tasmiṃ samaye hirī hoti? Yaṃ tasmiṃ samaye hirīyati hiriyitabbena hirīyati pāpakānaṃ akusalānaṃ dhammānaṃ samāpattiyā – ayaṃ tasmiṃ samaye hirī hoti.,"What on that occasion is conscientiousness ( hiri )?
Answer as for the “power of conscientiousness”, § 30 .",
1-39,39. Katamaṃ tasmiṃ samaye ottappaṃ hoti? Yaṃ tasmiṃ samaye ottappati ottappitabbena ottappati pāpakānaṃ akusalānaṃ dhammānaṃ samāpattiyā – idaṃ tasmiṃ samaye ottappaṃ hoti.,"What on that occasion is the fear of blame ( ottappaṃ )?
Answer as for the “power of the fear of blame”, § 31 .",
1-40,40. Katamā tasmiṃ samaye kāyapassaddhi hoti? Yā tasmiṃ samaye vedanākkhandhassa saññākkhandhassa saṅkhārakkhandhassa passaddhi paṭipassaddhi [paṭippassaddhi (sī. syā.)] passambhanā paṭipassambhanā [paṭippassambhanā (sī. syā.)] paṭipassambhitattaṃ [paṭippassambhitattaṃ (sī. syā.)] – ayaṃ tasmiṃ samaye kāyapassaddhi hoti.,"What on that occasion is repose of mental factors ( kāyappassaddhi )?
The serenity, the composure which there is on that occasion, the calming, the tranquillizing, the tranquillity of the skandhas of feeling, perception and synergies—this is the serenity of mental factors that there then is.",
1-41,41. Katamā tasmiṃ samaye cittapassaddhi hoti? Yā tasmiṃ samaye viññāṇakkhandhassa passaddhi paṭipassaddhi passambhanā paṭipassambhanā paṭipassambhitattaṃ – ayaṃ tasmiṃ samaye cittapassaddhi hoti.,"What on that occasion is serenity of mind ( cittapassaddhi )?
The serenity, the composure which there is on that occasion, the calming, the tranquillizing, the tranquillity of the skandha of mind—this is the serenity of mind that there then is.",
1-42,42. Katamā tasmiṃ samaye kāyalahutā hoti? Yā tasmiṃ samaye vedanākkhandhassa saññākkhandhassa saṅkhārakkhandhassa lahutā lahupariṇāmatā adandhanatā avitthanatā – ayaṃ tasmiṃ samaye kāyalahutā hoti.,"What on that occasion is buoyancy of mental factors ( kāyalahutā )?
The buoyancy which there is on that occasion, the alertness in varying, the absence of sluggishness and inertia, in the skandhas of feeling, perception, and synergies—this is the buoyancy of mental factors that there then is.",
1-43,43. Katamā tasmiṃ samaye cittalahutā hoti? Yā tasmiṃ samaye viññāṇakkhandhassa lahutā lahupariṇāmatā adandhanatā avitthanatā – ayaṃ tasmiṃ samaye cittalahutā hoti.,"What on that occasion is buoyancy of mind ( cittalahutā )?
The buoyancy, etc. ( as in § 42 ), in the skandha of consciousness—this is the buoyancy of mind that there then is.",
1-44,44. Katamā tasmiṃ samaye kāyamudutā hoti? Yā tasmiṃ samaye vedanākkhandhassa saññākkhandhassa saṅkhārakkhandhassa mudutā maddavatā akakkhaḷatā akathinatā – ayaṃ tasmiṃ samaye kāyamudutā hoti.,"What on that occasion is pliancy of mental factors ( kāyamudutā )?
The pliancy which there is on that occasion, the suavity, smoothness, absence of rigidity, in the skandhas of feeling, perception, and synergies—this is the pliancy of mental factors that there then is.",
1-45,45. Katamā tasmiṃ samaye cittamudutā hoti? Yā tasmiṃ samaye viññāṇakkhandhassa mudutā maddavatā akakkhaḷatā akathinatā – ayaṃ tasmiṃ samaye cittamudutā hoti.,"What on that occasion is pliancy of mind ( cittamudutā )?
The plasticity which, etc. ( as in § 44 ), in the skandha of consciousness—this is the pliancy of mind that there then is.",
1-46,46. Katamā tasmiṃ samaye kāyakammaññatā hoti? Yā tasmiṃ samaye vedanākkhandhassa saññākkhandhassa saṅkhārakkhandhassa kammaññatā kammaññattaṃ kammaññabhāvo – ayaṃ tasmiṃ samaye kāyakammaññatā hoti.,"What on that occasion is wieldiness of mental factors ( kāyakammaññatā )?
The wieldiness which there is on that occasion, the tractableness, the workableness, of the skandhas of feeling, perception, and synergies—this is the wieldiness of mental factors that there then is.",
1-47,47. Katamā tasmiṃ samaye cittakammaññatā hoti? Yā tasmiṃ samaye viññāṇakkhandhassa kammaññatā kammaññattaṃ kammaññabhāvo – ayaṃ tasmiṃ samaye cittakammaññatā hoti.,"What on that occasion is wieldiness of mind ( cittakammaññatā )?
The wieldiness, etc. ( as in § 46 ), of the skandha of consciousness—this is the wieldiness of mind that there then is.",
1-48,48. Katamā tasmiṃ samaye kāyapāguññatā hoti? Yā tasmiṃ samaye vedanākkhandhassa saññākkhandhassa saṅkhārakkhandhassa paguṇatā paguṇattaṃ paguṇabhāvo – ayaṃ tasmiṃ samaye kāyapāguññatā hoti.,"What on that occasion is fitness of mental factors ( kayapāguññatā )?
The fitness which there is on that occasion, the competence, the efficient state of the skandhas of feeling, perception, and synergies—this is the fitness of mental factors that there then is.",
1-49,49. Katamā tasmiṃ samaye cittapāguññatā hoti? Yā tasmiṃ samaye viññāṇakkhandhassa paguṇatā paguṇattaṃ paguṇabhāvo – ayaṃ tasmiṃ samaye cittapāguññatā hoti.,"What on that occasion is fitness of mind ( cittapāguññatā )?
The fitness, etc. ( as in § 48 ), of the skandha of consciousness—this is the fitness of mind that there then is.",
1-50,50. Katamā tasmiṃ samaye kāyujukatā hoti? Yā tasmiṃ samaye vedanākkhandhassa saññākkhandhassa saṅkhārakkhandhassa ujutā ujukatā ajimhatā avaṅkatā akuṭilatā – ayaṃ tasmiṃ samaye kāyujukatā hoti.,"What on that occasion is rectitude of mental factors ( kāyujjukatā )?
The straightness which there is on that occasion, the rectitude, without deflection, twist or crookedness, of the skandhas of feeling, perception, and synergies—this is the rectitude of mental factors that there then is.",
1-51,51. Katamā tasmiṃ samaye cittujukatā hoti? Yā tasmiṃ samaye viññāṇakkhandhassa ujutā ujukatā ajimhatā avaṅkatā akuṭilatā – ayaṃ tasmiṃ samaye cittujukatā hoti.,"What on that occasion is rectitude of mind ( cittujjukatā )?
The straightness, etc. ( as in § 50 ), of the skandha of consciousness—this is the rectitude of mind that there then is.",
1-52,52. Katamā tasmiṃ samaye sati hoti? Yā tasmiṃ samaye sati anussati paṭissati sati saraṇatā dhāraṇatā apilāpanatā asammussanatā sati satindriyaṃ satibalaṃ sammāsati – ayaṃ tasmiṃ samaye sati hoti.,"What on that occasion is mindfulness ( sati )?
Answer as for the “faculty of mindfulness”, § 14 .",
1-53,53. Katamaṃ tasmiṃ samaye sampajaññaṃ hoti? Yā tasmiṃ samaye paññā pajānanā vicayo pavicayo dhammavicayo sallakkhaṇā upalakkhaṇā paccupalakkhaṇā paṇḍiccaṃ kosallaṃ nepuññaṃ vebhabyā cintā upaparikkhā bhūrī medhā pariṇāyikā vipassanā sampajaññaṃ patodo paññā paññindriyaṃ paññābalaṃ paññāsatthaṃ paññāpāsādo paññāāloko paññāobhāso paññāpajjoto paññāratanaṃ amoho dhammavicayo sammādiṭṭhi – idaṃ tasmiṃ samaye sampajaññaṃ hoti.,"What on that occasion is intelligence ( sampajaññaṃ )?
Answer as for “insight”, § 16 .",
1-54,54. Katamo tasmiṃ samaye samatho hoti? Yā tasmiṃ samaye cittassa ṭhiti saṇṭhiti avaṭṭhiti avisāhāro avikkhepo avisāhaṭamānasatā samatho samādhindriyaṃ samādhibalaṃ sammāsamādhi – ayaṃ tasmiṃ samaye samatho hoti.,"What on that occasion is quiet ( samatho )?
Answer as for “self-collectedness”, § 11 .",
1-55,55. Katamā tasmiṃ samaye vipassanā hoti? Yā tasmiṃ samaye paññā pajānanā vicayo pavicayo dhammavicayo sallakkhaṇā upalakkhaṇā paccupalakkhaṇā paṇḍiccaṃ kosallaṃ nepuññaṃ vebhabyā cintā upaparikkhā bhūrī medhā pariṇāyikā vipassanā sampajaññaṃ patodo paññā paññindriyaṃ paññābalaṃ paññāsatthaṃ paññāpāsādo paññāāloko paññāobhāso paññāpajjoto paññāratanaṃ amoho dhammavicayo sammādiṭṭhi – ayaṃ tasmiṃ samaye vipassanā hoti.,"What on that occasion is intuition ( vipassanā )?
Answer as for “insight”, § 16 .",
1-56,56. Katamo tasmiṃ samaye paggāho hoti? Yo tasmiṃ samaye cetasiko vīriyārambho nikkamo parakkamo uyyāmo vāyāmo ussāho ussoḷhī thāmo dhiti asithilaparakkamatā anikkhittachandatā anikkhittadhuratā dhurasampaggāho vīriyaṃ vīriyindriyaṃ vīriyabalaṃ sammāvāyāmo – ayaṃ tasmiṃ samaye paggāho hoti.,"What on that occasion is grasp ( paggāho )?
Answer as for the “faculty of energy”, § 13 .",
1-57,"57. Katamo tasmiṃ samaye avikkhepo hoti? Yā tasmiṃ samaye cittassa ṭhiti saṇṭhiti avaṭṭhiti avisāhāro avikkhepo avisāhaṭamānasatā samatho samādhindriyaṃ samādhibalaṃ sammāsamādhi – ayaṃ tasmiṃ samaye avikkhepo hoti.
Ye vā pana tasmiṃ samaye aññepi atthi paṭiccasamuppannā arūpino dhammā – ime dhammā kusalā.
Padabhājanīyaṃ.
Paṭhamabhāṇavāro.","What on that occasion is balance ( avikkhepo )?
Answer as for “self-collectedness”, § 11 .
These, or whatever other incorporeal, causally induced states there are on that occasion—these are states that are good.
Here ends the analysis of terms ( Pada-bhājaniyaṃ ).
End of the First Portion for Recitation.
Summary of the constituents of the First Type of Thought ( sangahavāraṃ or koṭṭhāsavāraṃ )",
1-58,"58. Tasmiṃ kho pana samaye cattāro khandhā honti, dvāyatanāni honti, dve dhātuyo honti, tayo āhārā honti, aṭṭhindriyāni honti, pañcaṅgikaṃ jhānaṃ hoti, pañcaṅgiko maggo hoti, satta balāni honti, tayo hetū honti, eko phasso hoti, ekā vedanā hoti, ekā saññā hoti, ekā cetanā hoti, ekaṃ cittaṃ hoti, eko vedanākkhandho hoti, eko saññākkhandho hoti, eko saṅkhārakkhandho hoti, eko viññāṇakkhandho hoti, ekaṃ manāyatanaṃ hoti, ekaṃ manindriyaṃ hoti, ekā manoviññāṇadhātu hoti, ekaṃ dhammāyatanaṃ hoti, ekā dhammadhātu hoti; ye vā pana tasmiṃ samaye aññepi atthi paṭiccasamuppannā arūpino dhammā – ime dhammā kusalā.","Now, on that occasion:
the skandhas are four,
the spheres ( āyatanāni ) are two,
the elements ( dhātuyo ) are two,
the nutriments ( āhārā ) are three,
the faculties ( indriyāni ) are eight,
the Jhāna is fivefold,
the Path is fivefold,
the powers ( balāni ) are seven,
the moral roots ( hetu ) are three;
contact,
feeling,
perception,
volition,
thought,
are each single [factors];
the skandhas of:
feeling,
perception,
synergies,
consciousness,
are each single [factors];
the sphere of ideation ( manāyatanaṃ ),
the faculty of ideation,
the element of intellection ( manoviññāṇadhātu ),
the sphere of a [purely] mental state,
the element of a [purely] mental state.
are each single [factors].
These, or whatever other incorporeal, causally induced states there are on that occasion—these are states that are good.",
1-59,"59. Katame tasmiṃ samaye cattāro khandhā honti? Vedanākkhandho, saññākkhandho, saṅkhārakkhandho, viññāṇakkhandho.","What on that occasion are the four skandhas?
The skandhas of feeling, perception, synergies, and consciousness.",
1-60,60. Katamo tasmiṃ samaye vedanākkhandho hoti? Yaṃ tasmiṃ samaye cetasikaṃ sātaṃ cetasikaṃ sukhaṃ cetosamphassajaṃ sātaṃ sukhaṃ vedayitaṃ cetosamphassajā sātā sukhā vedanā – ayaṃ tasmiṃ samaye vedanākkhandho hoti.,"What on that occasion is the skandha of feeling?
The mental pleasure, the mental ease, which there is on that occasion, the pleasurable, easeful sensation which is born of contact with thought, the pleasant, easeful feeling born of contact with thought—this is the skandha of feeling that there then is ( §§ 3 , 10 , 18 .",
1-61,61. Katamo tasmiṃ samaye saññākkhandho hoti? Yā tasmiṃ samaye saññā sañjānanā sañjānitattaṃ – ayaṃ tasmiṃ samaye saññākkhandho hoti.,"What on that occasion is the skandha of perception?
The perception, the perceiving, the state of having perceived, which there is on that occasion—this is the skandha of perception that there then is ( § 4 ).",
1-62,62. Katamo tasmiṃ samaye saṅkhārakkhandho hoti? Phasso cetanā vitakko vicāro pīti cittassekaggatā saddhindriyaṃ vīriyindriyaṃ satindriyaṃ samādhindriyaṃ paññindriyaṃ jīvitindriyaṃ sammādiṭṭhi sammāsaṅkappo sammāvāyāmo sammāsati sammāsamādhi saddhābalaṃ vīriyabalaṃ satibalaṃ samādhibalaṃ paññābalaṃ hiribalaṃ ottappabalaṃ alobho adoso amoho anabhijjhā abyāpādo sammādiṭṭhi hirī ottappaṃ kāyapassaddhi cittapassaddhi kāyalahutā cittalahutā kāyamudutā cittamudutā kāyakammaññatā cittakammaññatā kāyapāguññatā cittapāguññatā kāyujukatā cittujukatā sati sampajaññaṃ samatho vipassanā paggāho avikkhepo; ye vā pana tasmiṃ samaye aññepi atthi paṭiccasamuppannā arūpino dhammā ṭhapetvā [thapetvā (ka.)] vedanākkhandhaṃ ṭhapetvā saññākkhandhaṃ ṭhapetvā viññāṇakkhandhaṃ – ayaṃ tasmiṃ samaye saṅkhārakkhandho hoti.,"What on that occasion is the skandha of synergies?
Contact,
volition,
application of mind,
sustained application,
zest,
self-collectedness,
the faculty of faith,
the faculty of energy,
the faculty of mindfulness,
the faculty of concentration,
the faculty of insight,
the faculty of life,
right views,
right intention,
right endeavour,
right mindfulness,
right concentration,
the power of faith,
the power of energy,
the power of mindfulness,
the power of concentration,
the power of insight,
the power of conscientiousness,
the power of the fear of blame,
disinterestedness,
absence of hate,
absence of dullness,
absence of covetousness,
absence of malice,
right views,
conscientiousness,
the fear of blame,
serenity of mental factors,
serenity of mind,
buoyancy of mental factors,
buoyancy of mind,
plasticity of mental factors,
plasticity of mind,
wieldiness of mental factors,
wieldiness of mind,
fitness of mental factors,
fitness of mind,
rectitude of mental factors,
rectitude of mind,
mindfulness,
intelligence,
quiet,
intuition,
grasp,
balance. These, or whatever other incorporeal causally induced states there are on that occasion, exclusive of the skandhas of feeling, perception, and consciousness—these are the skandha of synergies.",
1-63,"63. Katamo tasmiṃ samaye viññāṇakkhandho hoti ? Yaṃ tasmiṃ samaye cittaṃ mano mānasaṃ hadayaṃ paṇḍaraṃ mano manāyatanaṃ manindriyaṃ viññāṇaṃ viññāṇakkhandho tajjāmanoviññāṇadhātu – ayaṃ tasmiṃ samaye viññāṇakkhandho hoti.
Ime tasmiṃ samaye cattāro khandhā honti.","What on that occasion is the skandha of consciousness?
The thought which on that occasion is ideation, mind, the heart, that which is clear, ideation as the sphere of mind, as the faculty of mind, the skandha of consciousness, the appropriate element of representative intellection—this is the skandha of consciousness that there then is ( § 6 ).
These on that occasion are the four skandhas.",
1-64,64. Katamāni tasmiṃ samaye dvāyatanāni honti? Manāyatanaṃ dhammāyatanaṃ.,"What on that occasion are the two spheres?
The sphere of mind, the sphere of [mental] states.",
1-65,65. Katamaṃ tasmiṃ samaye manāyatanaṃ hoti? Yaṃ tasmiṃ samaye cittaṃ mano mānasaṃ hadayaṃ paṇḍaraṃ mano manāyatanaṃ manindriyaṃ viññāṇaṃ viññāṇakkhandho tajjāmanoviññāṇadhātu – idaṃ tasmiṃ samaye manāyatanaṃ hoti.,"What on that occasion is the sphere of mind ( manāyatanaṃ )?
Answer as for “thought”, § 6 , and for the “skandha of consciousness”, § 63 .",
1-66,"66. Katamaṃ tasmiṃ samaye dhammāyatanaṃ hoti? Vedanākkhandho, saññākkhandho, saṅkhārakkhandho – idaṃ tasmiṃ samaye dhammāyatanaṃ hoti.
Imāni tasmiṃ samaye dvāyatanāni honti.","What on that occasion is the sphere of [mental] states ( dhammāyatanaṃ )?
The skandhas of feeling, perception, synergies—this is on that occasion the sphere of [mental] states.
These are on that occasion the two spheres.",
1-67,"67. Katamā tasmiṃ samaye dve dhātuyo honti? Manoviññāṇadhātu, dhammadhātu.","What on that occasion are the two elements?
The element of representative intellection, the element of [mental] states.",
1-68,68. Katamā tasmiṃ samaye manoviññāṇadhātu hoti? Yaṃ tasmiṃ samaye cittaṃ mano mānasaṃ hadayaṃ paṇḍaraṃ mano manāyatanaṃ manindriyaṃ viññāṇaṃ viññāṇakkhandho tajjāmanoviññāṇadhātu – ayaṃ tasmiṃ samaye manoviññāṇadhātu hoti.,"What on that occasion is the element of [purely] mental consciousness ( manoviññāṇadhātu )?
Answer as for “thought”, § 6 ; cf. §§ 63 , 65 .",
1-69,"69. Katamā tasmiṃ samaye dhammadhātu hoti? Vedanākkhandho, saññākkhandho, saṅkhārakkhandho – ayaṃ tasmiṃ samaye dhammadhātu hoti.
Imā tasmiṃ samaye dve dhātuyo honti.","What on that occasion is the element of [mental] states ( dhammadhātu )?
The skandhas of feeling, of perception, of synergies—these are on that occasion the element of [mental] states.
These are on that occasion the two elements.",
1-70,"70. Katame tasmiṃ samaye tayo āhārā honti? Phassāhāro, manosañcetanāhāro , viññāṇāhāro.","What on that occasion are the three nutriments?
The nutriment of contact, the nutriment of volition, the nutriment of consciousness.",
1-71,71. Katamo tasmiṃ samaye phassāhāro hoti? Yo tasmiṃ samaye phasso phusanā saṃphusanā saṃphusitattaṃ – ayaṃ tasmiṃ samaye phassāhāro hoti.,"What on that occasion is the nutriment which is contact ( phassāharo )?
Answer as for “contact”, § 2 .",
1-72,72. Katamo tasmiṃ samaye manosañcetanāhāro hoti? Yā tasmiṃ samaye cetanā sañcetanā cetayitattaṃ – ayaṃ tasmiṃ samaye manosañcetanāhāro hoti.,"What on that occasion is the nutriment which is volition ( manosañcetanāhāro )?
The volition, the willing, the purposiveness which there is on that occasion—this is the representative cogitation that there then is.",
1-73,"73. Katamo tasmiṃ samaye viññāṇāhāro hoti? Yaṃ tasmiṃ samaye cittaṃ mano mānasaṃ hadayaṃ paṇḍaraṃ mano manāyatanaṃ manindriyaṃ viññāṇaṃ viññāṇakkhandho tajjāmanoviññāṇadhātu – ayaṃ tasmiṃ samaye viññāṇāhāro hoti.
Ime tasmiṃ samaye tayo āhārā honti.","What on that occasion is the nutriment which is consciousness ( viññāṇāhāro )?
Answer as for the “skandha of consciousness”, § 63 .
These on that occasion are the three nutriments.",
1-74,"74. Katamāni tasmiṃ samaye aṭṭhindriyāni honti? Saddhindriyaṃ, vīriyindriyaṃ, satindriyaṃ, samādhindriyaṃ, paññindriyaṃ, manindriyaṃ, somanassindriyaṃ, jīvitindriyaṃ.","What on that occasion are the eight faculties?
The faculties of faith, energy, mindfulness, concentration, insight, ideation, happiness, life.",
1-75,75. Katamaṃ tasmiṃ samaye saddhindriyaṃ hoti? Yā tasmiṃ samaye saddhā saddahanā okappanā abhippasādo saddhā saddhindriyaṃ saddhābalaṃ – idaṃ tasmiṃ samaye saddhindriyaṃ hoti.,"What on that occasion is the faculty of faith … life?
Answers as in §§ 12 – 19 respectively.
These on that occasion are the eight faculties.",
1-76,76. Katamaṃ tasmiṃ samaye vīriyindriyaṃ hoti? Yo tasmiṃ samaye cetasiko vīriyārambho nikkamo parakkamo uyyāmo vāyāmo ussāho ussoḷhī thāmo dhiti asithilaparakkamatā anikkhittachandatā anikkhittadhuratā dhurasampaggāho vīriyaṃ vīriyindriyaṃ vīriyabalaṃ sammāvāyāmo – idaṃ tasmiṃ samaye vīriyindriyaṃ hoti.,-,
1-77,77. Katamaṃ tasmiṃ samaye satindriyaṃ hoti? Yā tasmiṃ samaye sati anussati paṭissati sati saraṇatā dhāraṇatā apilāpanatā asammussanatā sati satindriyaṃ satibalaṃ sammāsati – idaṃ tasmiṃ samaye satindriyaṃ hoti.,-,
1-78,78. Katamaṃ tasmiṃ samaye samādhindriyaṃ hoti? Yā tasmiṃ samaye cittassa ṭhiti saṇṭhiti avaṭṭhiti avisāhāro avikkhepo avisāhaṭamānasatā samatho samādhindriyaṃ samādhibalaṃ sammāsamādhi – idaṃ tasmiṃ samaye samādhindriyaṃ hoti.,-,
1-79,79. Katamaṃ tasmiṃ samaye paññindriyaṃ hoti? Yā tasmiṃ samaye paññā pajānanā vicayo pavicayo dhammavicayo sallakkhaṇā upalakkhaṇā paccupalakkhaṇā paṇḍiccaṃ kosallaṃ nepuññaṃ vebhabyā cintā upaparikkhā bhūrī medhā pariṇāyikā vipassanā sampajaññaṃ patodo paññā paññindriyaṃ paññābalaṃ paññāsatthaṃ paññāpāsādo paññāāloko paññāobhāso paññāpajjoto paññāratanaṃ amoho dhammavicayo sammādiṭṭhi – idaṃ tasmiṃ samaye paññindriyaṃ hoti.,-,
1-80,80. Katamaṃ tasmiṃ samaye manindriyaṃ hoti? Yaṃ tasmiṃ samaye cittaṃ mano mānasaṃ hadayaṃ paṇḍaraṃ mano manāyatanaṃ manindriyaṃ viññāṇaṃ viññāṇakkhandho tajjāmanoviññāṇadhātu – idaṃ tasmiṃ samaye manindriyaṃ hoti.,-,
1-81,81. Katamaṃ tasmiṃ samaye somanassindriyaṃ hoti? Yaṃ tasmiṃ samaye cetasikaṃ sātaṃ cetasikaṃ sukhaṃ cetosamphassajaṃ sātaṃ sukhaṃ vedayitaṃ cetosamphassajā sātā sukhā vedanā – idaṃ tasmiṃ samaye somanassindriyaṃ hoti.,-,
1-82,"82. Katamaṃ tasmiṃ samaye jīvitindriyaṃ hoti? Yo tesaṃ arūpīnaṃ dhammānaṃ āyu ṭhiti yapanā yāpanā iriyanā vattanā pālanā jīvitaṃ jīvitindriyaṃ – idaṃ tasmiṃ samaye jīvitindriyaṃ hoti .
Imāni tasmiṃ samaye aṭṭhindriyāni honti.",-,
1-83,"83. Katamaṃ tasmiṃ samaye pañcaṅgikaṃ jhānaṃ hoti? Vitakko, vicāro, pīti, sukhaṃ, cittassekaggatā.","What on that occasion is the fivefold Jhāna ( pañcangikaṃ jhānaṃ )?
Applied and sustained thought, zest, ease, self-collectedness.",
1-84,84. Katamo tasmiṃ samaye vitakko hoti? Yo tasmiṃ samaye takko vitakko saṅkappo appanā byappanā cetaso abhiniropanā sammāsaṅkappo – ayaṃ tasmiṃ samaye vitakko hoti.,"What on that occasion is applied thought … self-collectedness?
Answers as in §§ 7 – 11 respectively.
This on that occasion is the fivefold Jhāna.",
1-85,85. Katamo tasmiṃ samaye vicāro hoti? Yo tasmiṃ samaye cāro vicāro anuvicāro upavicāro cittassa anusandhānatā anupekkhanatā – ayaṃ tasmiṃ samaye vicāro hoti.,-,
1-86,86. Katamā tasmiṃ samaye pīti hoti? Yā tasmiṃ samaye pīti pāmojjaṃ āmodanā pamodanā hāso pahāso vitti odagyaṃ attamanatā cittassa – ayaṃ tasmiṃ samaye pīti hoti.,-,
1-87,87. Katamaṃ tasmiṃ samaye sukhaṃ hoti? Yaṃ tasmiṃ samaye cetasikaṃ sātaṃ cetasikaṃ sukhaṃ cetosamphassajaṃ sātaṃ sukhaṃ vedayitaṃ cetosamphassajā sātā sukhā vedanā – idaṃ tasmiṃ samaye sukhaṃ hoti.,-,
1-88,"88. Katamā tasmiṃ samaye cittassekaggatā hoti? Yā tasmiṃ samaye cittassa ṭhiti saṇṭhiti avaṭṭhiti avisāhāro avikkhepo avisāhaṭamānasatā samatho samādhindriyaṃ samādhibalaṃ sammāsamādhi – ayaṃ tasmiṃ samaye cittassekaggatā hoti.
Idaṃ tasmiṃ samaye pañcaṅgikaṃ jhānaṃ hoti.",-,
1-89,"89. Katamo tasmiṃ samaye pañcaṅgiko maggo hoti? Sammādiṭṭhi, sammāsaṅkappo, sammāvāyāmo, sammāsati, sammāsamādhi.","What on that occasion is the fivefold Path ( pañcangiko maggo )?
Right views, right intention, right endeavour, right mindfulness, right concentration.",
1-90,90. Katamā tasmiṃ samaye sammādiṭṭhi hoti? Yā tasmiṃ samaye paññā pajānanā vicayo pavicayo dhammavicayo sallakkhaṇā upalakkhaṇā paccupalakkhaṇā paṇḍiccaṃ kosallaṃ nepuññaṃ vebhabyā cintā upaparikkhā bhūrī medhā pariṇāyikā vipassanā sampajaññaṃ patodo paññā paññindriyaṃ paññābalaṃ paññāsatthaṃ paññāpāsādo paññāāloko paññāobhāso paññāpajjoto paññāratanaṃ amoho dhammavicayo sammādiṭṭhi – ayaṃ tasmiṃ samaye sammādiṭṭhi hoti.,"What on that occasion are right views … is … right concentration?
Answers as in §§ 20 – 24 respectively.
This on that occasion is the fivefold Path.",
1-91,91. Katamo tasmiṃ samaye sammāsaṅkappo hoti? Yo tasmiṃ samaye takko vitakko saṅkappo appanā byappanā cetaso abhiniropanā sammāsaṅkappo – ayaṃ tasmiṃ samaye sammāsaṅkappo hoti.,-,
1-92,92. Katamo tasmiṃ samaye sammāvāyāmo hoti? Yo tasmiṃ samaye cetasiko vīriyārambho nikkamo parakkamo uyyāmo vāyāmo ussāho ussoḷhī thāmo dhiti asithilaparakkamatā anikkhittachandatā anikkhittadhuratā dhurasampaggāho vīriyaṃ vīriyindriyaṃ vīriyabalaṃ sammāvāyāmo – ayaṃ tasmiṃ samaye sammāvāyāmo hoti.,-,
1-93,93. Katamā tasmiṃ samaye sammāsati hoti? Yā tasmiṃ samaye sati anussati paṭissati sati saraṇatā dhāraṇatā apilāpanatā asammussanatā sati satindriyaṃ satibalaṃ sammāsati – ayaṃ tasmiṃ samaye sammāsati hoti.,-,
1-94,"94. Katamo tasmiṃ samaye sammāsamādhi hoti? Yā tasmiṃ samaye cittassa ṭhiti saṇṭhiti avaṭṭhiti avisāhāro avikkhepo avisāhaṭamānasatā samatho samādhindriyaṃ samādhibalaṃ sammāsamādhi – ayaṃ tasmiṃ samaye sammāsamādhi hoti.
Ayaṃ tasmiṃ samaye pañcaṅgiko maggo hoti.",-,
1-95,"95. Katamāni tasmiṃ samaye satta balāni honti? Saddhābalaṃ, vīriyabalaṃ, satibalaṃ, samādhibalaṃ, paññābalaṃ, hiribalaṃ, ottappabalaṃ.","What on that occasion are the seven powers?
The power of faith, energy, mindfulness, concentration, insight, conscientiousness, the fear of blame.",
1-96,96. Katamaṃ tasmiṃ samaye saddhābalaṃ hoti? Yā tasmiṃ samaye saddhā saddahanā okappanā abhippasādo saddhā saddhindriyaṃ saddhābalaṃ – idaṃ tasmiṃ samaye saddhābalaṃ hoti.,"What on that occasion is the power of faith … the fear of blame?
Answers as in §§ 25 – 31 respectively.
These on that occasion are the seven powers.",
1-97,97. Katamaṃ tasmiṃ samaye vīriyabalaṃ hoti? Yo tasmiṃ samaye cetasiko vīriyārambho nikkamo parakkamo uyyāmo vāyāmo ussāho ussoḷhī thāmo dhiti asithilaparakkamatā anikkhittachandatā anikkhittadhuratā dhurasampaggāho vīriyaṃ vīriyindriyaṃ vīriyabalaṃ sammāvāyāmo – idaṃ tasmiṃ samaye vīriyabalaṃ hoti.,-,
1-98,98. Katamaṃ tasmiṃ samaye satibalaṃ hoti? Yā tasmiṃ samaye sati anussati paṭissati sati saraṇatā dhāraṇatā apilāpanatā asammussanatā sati satindriyaṃ satibalaṃ sammāsati – idaṃ tasmiṃ samaye satibalaṃ hoti.,-,
1-99,99. Katamaṃ tasmiṃ samaye samādhibalaṃ hoti? Yā tasmiṃ samaye cittassa ṭhiti saṇṭhiti avaṭṭhiti avisāhāro avikkhepo avisāhaṭamānasatā samatho samādhindriyaṃ samādhibalaṃ sammāsamādhi – idaṃ tasmiṃ samaye samādhibalaṃ hoti.,-,
1-100,100. Katamaṃ tasmiṃ samaye paññābalaṃ hoti? Yā tasmiṃ samaye paññā pajānanā vicayo pavicayo dhammavicayo sallakkhaṇā upalakkhaṇā paccupalakkhaṇā paṇḍiccaṃ kosallaṃ nepuññaṃ vebhabyā cintā upaparikkhā bhūrī medhā pariṇāyikā vipassanā sampajaññaṃ patodo paññā paññindriyaṃ paññābalaṃ paññāsatthaṃ paññāpāsādo paññāāloko paññāobhāso paññāpajjoto paññāratanaṃ amoho dhammavicayo sammādiṭṭhi – idaṃ tasmiṃ samaye paññābalaṃ hoti.,-,
1-101,101. Katamaṃ tasmiṃ samaye hiribalaṃ hoti? Yaṃ tasmiṃ samaye hirīyati hiriyitabbena hirīyati pāpakānaṃ akusalānaṃ dhammānaṃ samāpattiyā – idaṃ tasmiṃ samaye hiribalaṃ hoti.,-,
1-102,"102. Katamaṃ tasmiṃ samaye ottappabalaṃ hoti? Yaṃ tasmiṃ samaye ottappati ottappitabbena ottappati pāpakānaṃ akusalānaṃ dhammānaṃ samāpattiyā – idaṃ tasmiṃ samaye ottappabalaṃ hoti.
Imāni tasmiṃ samaye satta balāni honti.",-,
1-103,"103. Katame tasmiṃ samaye tayo hetū honti? Alobho, adoso, amoho.","What on that occasion are the three moral roots ( tayohetū )?
The absence of lust, of hate, and of dullness.",
1-104,104. Katamo tasmiṃ samaye alobho hoti? Yo tasmiṃ samaye alobho alubbhanā alubbhitattaṃ asārāgo asārajjanā asārajjitattaṃ anabhijjhā alobho kusalamūlaṃ – ayaṃ tasmiṃ samaye alobho hoti.,"What on that occasion is disinterestedness, … absence of dullness?
Answers as in §§ 32 – 34 respectively.
These are on that occasion the three causes.",
1-105,105. Katamo tasmiṃ samaye adoso hoti? Yo tasmiṃ samaye adoso adussanā adussitattaṃ abyāpādo abyāpajjo adoso kusalamūlaṃ – ayaṃ tasmiṃ samaye adoso hoti.,-,
1-106,"106. Katamo tasmiṃ samaye amoho hoti? Yā tasmiṃ samaye paññā pajānanā…pe… amoho dhammavicayo sammādiṭṭhi – ayaṃ tasmiṃ samaye amoho hoti.
Ime tasmiṃ samaye tayo hetū honti.",-,
1-107,107. Katamo tasmiṃ samaye eko phasso hoti? Yo tasmiṃ samaye phasso phusanā saṃphusanā saṃphusitattaṃ – ayaṃ tasmiṃ samaye eko phasso hoti.,What on that occasion is contact …,
1-108,108. Katamā tasmiṃ samaye ekā vedanā hoti? Yaṃ tasmiṃ samaye cetasikaṃ sātaṃ cetasikaṃ sukhaṃ cetosamphassajaṃ sātaṃ sukhaṃ vedayitaṃ cetosamphassajā sātā sukhā vedanā – ayaṃ tasmiṃ samaye ekā vedanā hoti.,feeling …,
1-109,109. Katamā tasmiṃ samaye ekā saññā hoti? Yā tasmiṃ samaye saññā sañjānanā sañjānitattaṃ – ayaṃ tasmiṃ samaye ekā saññā hoti.,perception …,
1-110,110. Katamā tasmiṃ samaye ekā cetanā hoti? Yā tasmiṃ samaye cetanā sañcetanā cetayitattaṃ – ayaṃ tasmiṃ samaye ekā cetanā hoti.,volition …,
1-111,111. Katamaṃ tasmiṃ samaye ekaṃ cittaṃ hoti? Yaṃ tasmiṃ samaye cittaṃ mano mānasaṃ hadayaṃ paṇḍaraṃ mano manāyatanaṃ manindriyaṃ viññāṇaṃ viññāṇakkhandho tajjāmanoviññāṇadhātu – idaṃ tasmiṃ samaye ekaṃ cittaṃ hoti.,thought …,
1-112,112. Katamo tasmiṃ samaye eko vedanākkhandho hoti? Yaṃ tasmiṃ samaye cetasikaṃ sātaṃ cetasikaṃ sukhaṃ cetosamphassajaṃ sātaṃ sukhaṃ vedayitaṃ cetosamphassajā sātā sukhā vedanā – ayaṃ tasmiṃ samaye eko vedanākkhandho hoti.,the skandha of feeling …,
1-113,113. Katamo tasmiṃ samaye eko saññākkhandho hoti? Yā tasmiṃ samaye saññā sañjānanā sañjānitattaṃ – ayaṃ tasmiṃ samaye eko saññākkhandho hoti.,the skandha of perception …,
1-114,114. Katamo tasmiṃ samaye eko saṅkhārakkhandho hoti? Phasso cetanā vitakko vicāro pīti cittassekaggatā saddhindriyaṃ vīriyindriyaṃ satindriyaṃ samādhindriyaṃ paññindriyaṃ jīvitindriyaṃ sammādiṭṭhi sammāsaṅkappo sammāvāyāmo sammāsati sammāsamādhi saddhābalaṃ vīriyabalaṃ satibalaṃ samādhibalaṃ paññābalaṃ hiribalaṃ ottappabalaṃ alobho adoso amoho anabhijjhā abyāpādo sammādiṭṭhi hirī ottappaṃ kāyapassaddhi cittapassaddhi kāyalahutā cittalahutā kāyamudutā cittamudutā kāyakammaññatā cittakammaññatā kāyapāguññatā cittapāguññatā kāyujukatā cittujukatā sati sampajaññaṃ samatho vipassanā paggāho avikkhepo; ye vā pana tasmiṃ samaye aññepi atthi paṭiccasamuppannā arūpino dhammā ṭhapetvā vedanākkhandhaṃ ṭhapetvā saññākkhandhaṃ ṭhapetvā viññāṇakkhandhaṃ – ayaṃ tasmiṃ samaye eko saṅkhārakkhandho hoti.,the skandha of synergies …,
1-115,115. Katamo tasmiṃ samaye eko viññāṇakkhandho hoti? Yaṃ tasmiṃ samaye cittaṃ mano mānasaṃ hadayaṃ paṇḍaraṃ mano manāyatanaṃ manindriyaṃ viññāṇaṃ viññāṇakkhandho tajjāmanoviññāṇadhātu – ayaṃ tasmiṃ samaye eko viññāṇakkhandho hoti.,the skandha of consciousness …,
1-116,116. Katamaṃ tasmiṃ samaye ekaṃ manāyatanaṃ hoti? Yaṃ tasmiṃ samaye cittaṃ mano mānasaṃ hadayaṃ paṇḍaraṃ mano manāyatanaṃ manindriyaṃ viññāṇaṃ viññāṇakkhandho tajjāmanoviññāṇadhātu – idaṃ tasmiṃ samaye ekaṃ manāyatanaṃ hoti.,the sphere of mind …,
1-117,117. Katamaṃ tasmiṃ samaye ekaṃ manindriyaṃ hoti? Yaṃ tasmiṃ samaye cittaṃ mano mānasaṃ hadayaṃ paṇḍaraṃ mano manāyatanaṃ manindriyaṃ viññāṇaṃ viññāṇakkhandho tajjāmanoviññāṇadhātu – idaṃ tasmiṃ samaye ekaṃ manindriyaṃ hoti.,the faculty of mind …,
1-118,118. Katamā tasmiṃ samaye ekā manoviññāṇadhātu hoti? Yaṃ tasmiṃ samaye cittaṃ mano mānasaṃ hadayaṃ paṇḍaraṃ mano manāyatanaṃ manindriyaṃ viññāṇaṃ viññāṇakkhandho tajjāmanoviññāṇadhātu – ayaṃ tasmiṃ samaye ekā manoviññāṇadhātu hoti.,the element of (purely) mental consciousness …,
1-119,"119. Katamaṃ tasmiṃ samaye ekaṃ dhammāyatanaṃ hoti? Vedanākkhandho, saññākkhandho , saṅkhārakkhandho – idaṃ tasmiṃ samaye ekaṃ dhammāyatanaṃ hoti.",the sphere of (mental) states …,
1-120,"120. Katamā tasmiṃ samaye ekā dhammadhātu hoti? Vedanākkhandho, saññākkhandho, saṅkhārakkhandho – ayaṃ tasmiṃ samaye ekā dhammadhātu hoti.
Ye vā pana tasmiṃ samaye aññepi atthi paṭiccasamuppannā arūpino dhammā – ime dhammā kusalā.
Koṭṭhāsavāro.","the element of (mental) states, … regarded as a single factor?
Answers as in §§ 2 – 6 , 60–63 , 65 , 65 , 65 , 66 , 66 , respectively.
These, or whatever other incorporeal, causally induced states there are on that occasion—these are states that are good.
[Here ends] the Summary [of the constituents of the First Main Type of Good Thoughts].
[The “Emptiness” Section ( suññatavāro )].",
1-121,"121. Tasmiṃ kho pana samaye dhammā honti, khandhā honti, āyatanāni honti, dhātuyo honti, āhārā honti, indriyāni honti, jhānaṃ hoti, maggo hoti, balāni honti, hetū honti, phasso hoti, vedanā hoti, saññā hoti, cetanā hoti, cittaṃ hoti, vedanākkhandho hoti, saññākkhandho hoti, saṅkhārakkhandho hoti, viññāṇakkhandho hoti, manāyatanaṃ hoti, manindriyaṃ hoti, manoviññāṇadhātu hoti, dhammāyatanaṃ hoti, dhammadhātu hoti; ye vā pana tasmiṃ samaye aññepi atthi paṭiccasamuppannā arūpino dhammā – ime dhammā kusalā.","Now, at that time there are:
states (distinguishable constituents of the “thought”),
skandhas,
spheres,
elements,
nutriments,
faculties,
Jhāna,
the Path,
powers,
causes,
contact,
feeling,
perception,
volition,
thought,
the skandha of feeling,
the skandha of perception,
the skandha of synergies,
the skandha of consciousness,
the sphere of mind,
the faculty of mind,
the element of [purely] mental consciousness,
the sphere of [mental] states,
the element of [mental] states.
These, or whatever other incorporeal, causally induced states there are on that occasion—these are states that are good.",
1-122,"122. Katame tasmiṃ samaye dhammā honti? Vedanākkhandho, saññākkhandho, saṅkhārakkhandho, viññāṇakkhandho – ime tasmiṃ samaye dhammā honti.","What on that occasion are states?
The skandhas of feeling, of perception, of synergies, of consciousness.",
1-123,"123. Katame tasmiṃ samaye khandhā honti? Vedanākkhandho, saññākkhandho , saṅkhārakkhandho, viññāṇakkhandho – ime tasmiṃ samaye khandhā honti.","What on that occasion are skandhas?
Answer as in § 59 .",
1-124,"124. Katamāni tasmiṃ samaye āyatanāni honti? Manāyatanaṃ, dhammāyatanaṃ – imāni tasmiṃ samaye āyatanāni honti.","Similar questions are then put respecting “spheres”, “elements”, and so on through the list of constituent species. The answers are identical with those given to similar questions in the previous “Summary”, viz. in §§ 64 , 67 , 70 , 74 , 83 , 89 , 95 , 103 , and 107 – 120 .
[Here ends] the “Emptiness” Section.
[Here ends] the First Main Type of Good Thoughts.
2. The Second Type of Thought",
1-125,"125. Katamā tasmiṃ samaye dhātuyo honti? Manoviññāṇadhātu, dhammadhātu – imā tasmiṃ samaye dhātuyo honti.",-,
1-126,"126. Katame tasmiṃ samaye āhārā honti? Phassāhāro, manosañcetanāhāro, viññāṇāhāro – ime tasmiṃ samaye āhārā honti.",-,
1-127,"127. Katamāni tasmiṃ samaye indriyāni honti? Saddhindriyaṃ, vīriyindriyaṃ, satindriyaṃ, samādhindriyaṃ, paññindriyaṃ, manindriyaṃ, somanassindriyaṃ, jīvitindriyaṃ – imāni tasmiṃ samaye indriyāni honti.",-,
1-128,"128. Katamaṃ tasmiṃ samaye jhānaṃ hoti? Vitakko, vicāro, pīti, sukhaṃ, cittassekaggatā – idaṃ tasmiṃ samaye jhānaṃ hoti.",-,
1-129,"129. Katamo tasmiṃ samaye maggo hoti? Sammādiṭṭhi, sammāsaṅkappo, sammāvāyāmo, sammāsati, sammāsamādhi – ayaṃ tasmiṃ samaye maggo hoti.",-,
1-130,"130. Katamāni tasmiṃ samaye balāni honti? Saddhābalaṃ, vīriyabalaṃ, satibalaṃ, samādhibalaṃ, paññābalaṃ, hiribalaṃ, ottappabalaṃ – imāni tasmiṃ samaye balāni honti.",-,
1-131,"131. Katame tasmiṃ samaye hetū honti? Alobho, adoso, amoho – ime tasmiṃ samaye hetū honti.",-,
1-132,132. Katamo tasmiṃ samaye phasso hoti…pe… ayaṃ tasmiṃ samaye phasso hoti.,-,
1-133,133. Katamā tasmiṃ samaye vedanā hoti…pe… ayaṃ tasmiṃ samaye vedanā hoti.,-,
1-134,134. Katamā tasmiṃ samaye saññā hoti…pe… ayaṃ tasmiṃ samaye saññā hoti.,-,
1-135,135. Katamā tasmiṃ samaye cetanā hoti…pe… ayaṃ tasmiṃ samaye cetanā hoti?,-,
1-136,136. Katamaṃ tasmiṃ samaye cittaṃ hoti…pe… idaṃ tasmiṃ samaye cittaṃ hoti.,-,
1-137,137. Katamo tasmiṃ samaye vedanākkhandho hoti…pe… ayaṃ tasmiṃ samaye vedanākkhandho hoti.,-,
1-138,138. Katamo tasmiṃ samaye saññākkhandho hoti…pe… ayaṃ tasmiṃ samaye saññākkhandho hoti.,-,
1-139,139. Katamo tasmiṃ samaye saṅkhārakkhandho hoti…pe… ayaṃ tasmiṃ samaye saṅkhārakkhandho hoti.,-,
1-140,140. Katamo tasmiṃ samaye viññāṇakkhandho hoti…pe… ayaṃ tasmiṃ samaye viññāṇakkhandho hoti.,-,
1-141,141. Katamaṃ tasmiṃ samaye manāyatanaṃ hoti…pe… idaṃ tasmiṃ samaye manāyatanaṃ hoti.,-,
1-142,142. Katamaṃ tasmiṃ samaye manindriyaṃ hoti…pe… idaṃ tasmiṃ samaye manindriyaṃ hoti.,-,
1-143,143. Katamā tasmiṃ samaye manoviññāṇadhātu hoti…pe… ayaṃ tasmiṃ samaye manoviññāṇadhātu hoti.,-,
1-144,"144. Katamaṃ tasmiṃ samaye dhammāyatanaṃ hoti? Vedanākkhandho, saññākkhandho, saṅkhārakkhandho – idaṃ tasmiṃ samaye dhammāyatanaṃ hoti.",-,
1-145,"145. Katamā tasmiṃ samaye dhammadhātu hoti? Vedanākkhandho, saññākkhandho, saṅkhārakkhandho – ayaṃ tasmiṃ samaye dhammadhātu hoti.
Ye vā pana tasmiṃ samaye aññepi atthi paṭiccasamuppannā arūpino dhammā – ime dhammā kusalā.
Suññatavāro.
Paṭhamaṃ cittaṃ.",-,
1-146,"146. Katame dhammā kusalā? Yasmiṃ samaye kāmāvacaraṃ kusalaṃ cittaṃ uppannaṃ hoti somanassasahagataṃ ñāṇasampayuttaṃ sasaṅkhārena rūpārammaṇaṃ vā…pe… dhammārammaṇaṃ vā yaṃ yaṃ vā panārabbha, tasmiṃ samaye phasso hoti…pe… avikkhepo hoti…pe… ime dhammā kusalā.
Dutiyaṃ cittaṃ.","Which are the states that are good?
When a good thought concerning the sensuous universe has arisen by instigation, a thought which is accompanied by gladness, associated with knowledge, and having, as its object, a sight, a sound, a smell, a taste, a touch, a [mental] state, or what not, then there is contact, feeling, etc. [here follows the list of “states” dealt with in §§ 1 – 145 and constituting the First Thought] —these, or whatever other incorporeal, causally induced states there are on that occasion—these are states that are good …
[Here ends] the Second Thought.
3. The Third Type of Thought",
1-147,"147. Katame dhammā kusalā? Yasmiṃ samaye kāmāvacaraṃ kusalaṃ cittaṃ uppannaṃ hoti somanassasahagataṃ ñāṇavippayuttaṃ rūpārammaṇaṃ vā saddārammaṇaṃ vā gandhārammaṇaṃ vā rasārammaṇaṃ vā phoṭṭhabbārammaṇaṃ vā dhammārammaṇaṃ vā yaṃ yaṃ vā panārabbha, tasmiṃ samaye phasso hoti, vedanā hoti, saññā hoti, cetanā hoti, cittaṃ hoti, vitakko hoti, vicāro hoti, pīti hoti, sukhaṃ hoti, cittassekaggatā hoti, saddhindriyaṃ hoti, vīriyindriyaṃ hoti, satindriyaṃ hoti, samādhindriyaṃ hoti , manindriyaṃ hoti, somanassindriyaṃ hoti, jīvitindriyaṃ hoti, sammāsaṅkappo hoti, sammāvāyāmo hoti, sammāsati hoti, sammāsamādhi hoti, saddhābalaṃ hoti, vīriyabalaṃ hoti, satibalaṃ hoti, samādhibalaṃ hoti, hiribalaṃ hoti, ottappabalaṃ hoti, alobho hoti, adoso hoti, anabhijjhā hoti, abyāpādo hoti, hirī hoti, ottappaṃ hoti, kāyapassaddhi hoti, cittapassaddhi hoti, kāyalahutā hoti, cittalahutā hoti, kāyamudutā hoti, cittamudutā hoti, kāyakammaññatā hoti, cittakammaññatā hoti, kāyapāguññatā hoti, cittapāguññatā hoti, kāyujukatā hoti, cittujukatā hoti, sati hoti, samatho hoti, paggāho hoti, avikkhepo hoti; ye vā pana tasmiṃ samaye aññepi atthi paṭiccasamuppannā arūpino dhammā – ime dhammā kusalā…pe….
Tasmiṃ kho pana samaye cattāro khandhā honti, dvāyatanāni honti, dve dhātuyo honti, tayo āhārā honti, sattindriyāni honti , pañcaṅgikaṃ jhānaṃ hoti, caturaṅgiko maggo hoti, cha balāni honti, dve hetū honti, eko phasso hoti…pe… ekaṃ dhammāyatanaṃ hoti, ekā dhammadhātu hoti; ye vā pana tasmiṃ samaye aññepi atthi paṭiccasamuppannā arūpino dhammā – ime dhammā kusalā…pe….","Which are the states that are good?
When a good thought concerning the sensuous universe has arisen accompanied by gladness, disconnected with knowledge, and having as its object a sight, a sound, a smell, a taste, a touch, a [mental] state, or what not, then there is:
contact,
feeling,
perception,
volition,
thought,
application,
sustained application,
zest,
ease,
self-collectedness;
the faculty of:
faith,
energy,
mindfulness,
concentration,
mind,
happiness,
life;
right intention,
right endeavour,
right mindfulness,
right concentration;
the power of:
faith,
energy,
mindfulness,
concentration,
conscientiousness,
the fear of blame;
disinterestedness,
absence of hate,
absence of covetousness,
absence of malice;
conscientiousness,
fear of blame;
serenity,
buoyancy,
plasticity,
wieldiness,
fitness,
rectitude,
both of mental factors and mind;
mindfulness,
quiet,
grasp,
balance.
These, or whatever other incorporeal, causally induced states there are on that occasion—these are states that are good.
[Summary, cf. § 58 et seq.]",
1-148,"148. Katamo tasmiṃ samaye saṅkhārakkhandho hoti? Phasso cetanā vitakko vicāro pīti cittassekaggatā saddhindriyaṃ vīriyindriyaṃ satindriyaṃ samādhindriyaṃ jīvitindriyaṃ sammāsaṅkappo sammāvāyāmo sammāsati sammāsamādhi saddhābalaṃ vīriyabalaṃ satibalaṃ samādhibalaṃ hiribalaṃ ottappabalaṃ alobho adoso anabhijjhā abyāpādo hirī ottappaṃ kāyapassaddhi cittapassaddhi kāyalahutā cittalahutā kāyamudutā cittamudutā kāyakammaññatā cittakammaññatā kāyapāguññatā cittapāguññatā kāyujukatā cittujukatā sati samatho paggāho avikkhepo; ye vā pana tasmiṃ samaye aññepi atthi paṭiccasamuppannā arūpino dhammā ṭhapetvā vedanākkhandhaṃ ṭhapetvā saññākkhandhaṃ ṭhapetvā viññāṇakkhandhaṃ – ayaṃ tasmiṃ samaye saṅkhārakkhandho hoti…pe… ime dhammā kusalā.
Tatiyaṃ cittaṃ.","What on that occasion is the skandha of synergies?
The content of the sankhāra-skandha is the same as in the First Type of Thought, § 62 , with the following omissions:
“The faculty of insight”,
“right views”,
“the power of insight”,
“the absence of dullness”,
“intelligence”,
“intuitio
These are omitted as incompatible with the quality “disconnected with knowledge”.
These, or whatever other incorporeal, etc.
[Here ends] the Third Type of Thought.
4. The Fourth Type of Thought",
1-149,"149. Katame dhammā kusalā? Yasmiṃ samaye kāmāvacaraṃ kusalaṃ cittaṃ uppannaṃ hoti somanassasahagataṃ ñāṇavippayuttaṃ sasaṅkhārena rūpārammaṇaṃ vā…pe… dhammārammaṇaṃ vā yaṃ yaṃ vā panārabbha, tasmiṃ samaye phasso hoti…pe… avikkhepo hoti…pe… ime dhammā kusalā.
Catutthaṃ cittaṃ.","Which are the states that are good?
When a good thought concerning the sensuous universe has arisen by instigation, a thought which is accompanied by gladness, disconnected with knowledge, and having as its object a sight, a sound, a smell, a taste, a touch, a [mental] state, or what not, then there is contact, etc. [Continue as in § 147 ] —these, or whatever other incorporeal, causally induced states there are on that occasion—these are states that are good …
[Here ends] the Fourth Thought.
5. The Fifth Type of Thought",
1-150,"150. Katame dhammā kusalā? Yasmiṃ samaye kāmāvacaraṃ kusalaṃ cittaṃ uppannaṃ hoti upekkhāsahagataṃ ñāṇasampayuttaṃ rūpārammaṇaṃ vā saddārammaṇaṃ vā gandhārammaṇaṃ vā rasārammaṇaṃ vā phoṭṭhabbārammaṇaṃ vā dhammārammaṇaṃ vā yaṃ yaṃ vā panārabbha, tasmiṃ samaye phasso hoti, vedanā hoti, saññā hoti, cetanā hoti, cittaṃ hoti, vitakko hoti, vicāro hoti, upekkhā hoti, cittassekaggatā hoti, saddhindriyaṃ hoti, vīriyindriyaṃ hoti, satindriyaṃ hoti, samādhindriyaṃ hoti, paññindriyaṃ hoti, manindriyaṃ hoti, upekkhindriyaṃ hoti, jīvitindriyaṃ hoti, sammādiṭṭhi hoti, sammāsaṅkappo hoti, sammāvāyāmo hoti, sammāsati hoti, sammāsamādhi hoti, saddhābalaṃ hoti, vīriyabalaṃ hoti, satibalaṃ hoti, samādhibalaṃ hoti, paññābalaṃ hoti, hiribalaṃ hoti, ottappabalaṃ hoti, alobho hoti, adoso hoti, amoho hoti, anabhijjhā hoti, abyāpādo hoti, sammādiṭṭhi hoti, hirī hoti, ottappaṃ hoti, kāyapassaddhi hoti, cittapassaddhi hoti, kāyalahutā hoti, cittalahutā hoti, kāyamudutā hoti, cittamudutā hoti, kāyakammaññatā hoti, cittakammaññatā hoti kāyapāguññatā hoti, cittapāguññatā hoti, kāyujukatā hoti, cittujukatā hoti, sati hoti, sampajaññaṃ hoti, samatho hoti, vipassanā hoti, paggāho hoti, avikkhepo hoti; ye vā pana tasmiṃ samaye aññepi atthi paṭiccasamuppannā arūpino dhammā – ime dhammā kusalā.","Which are the states that are good?
When a good thought concerning the sensuous universe has arisen, accompanied by indifference, associated with knowledge, and having as its object a sight, a sound, a smell, a taste, a touch, a [mental] state, or what not, then there is contact, etc. [Continue as in § 1 , but for “zest” and “gladness” substitute “indifference” ( upekkhā ), and for “the faculty of gladness” substitute “the faculty of indifference”] .",
1-151,151. Katamo tasmiṃ samaye phasso hoti? Yo tasmiṃ samaye phasso phusanā saṃphusanā saṃphusitattaṃ – ayaṃ tasmiṃ samaye phasso hoti.,"What on that occasion is contact?
Answer as in § 2 .",
1-152,152. Katamā tasmiṃ samaye vedanā hoti? Yaṃ tasmiṃ samaye tajjāmanoviññāṇadhātusamphassajaṃ cetasikaṃ neva sātaṃ nāsātaṃ cetosamphassajaṃ adukkhamasukhaṃ vedayitaṃ cetosamphassajā adukkhamasukhā vedanā – ayaṃ tasmiṃ samaye vedanā hoti…pe….,"What on that occasion is feeling?
The mental [condition] neither pleasant nor unpleasant, which, on that occasion, is born of contact with the appropriate element of [purely] mental consciousness; the sensation, born of contact with thought, which is neither easeful nor painful; the feeling, born of contact with thought, which is neither easeful nor painful—this is the feeling that there then is.
[Continue as in §§ 4 – 8 .]",
1-153,153. Katamā tasmiṃ samaye upekkhā hoti? Yaṃ tasmiṃ samaye cetasikaṃ neva sātaṃ nāsātaṃ cetosamphassajaṃ adukkhamasukhaṃ vedayitaṃ cetosamphassajā adukkhamasukhā vedanā – ayaṃ tasmiṃ samaye upekkhā hoti…pe….,"What on that occasion is indifference?
Answer as in preceding reply, omitting the phrase “born of contact with the appropriate element of purely mental consciousness”.
[Continue as in §§ 11 – 17 .]",
1-154,"154. Katamaṃ tasmiṃ samaye upekkhindriyaṃ hoti? Yaṃ tasmiṃ samaye cetasikaṃ neva sātaṃ nāsātaṃ cetosamphassajaṃ adukkhamasukhaṃ vedayitaṃ cetosamphassajā adukkhamasukhā vedanā – idaṃ tasmiṃ samaye upekkhindriyaṃ hoti…pe… ye vā pana tasmiṃ samaye aññepi atthi paṭiccasamuppannā arūpino dhammā – ime dhammā kusalā…pe….
Tasmiṃ kho pana samaye cattāro khandhā honti, dvāyatanāni honti , dve dhātuyo honti, tayo āhārā honti, aṭṭhindriyāni honti, caturaṅgikaṃ jhānaṃ hoti, pañcaṅgiko maggo hoti, satta balāni honti, tayo hetū honti, eko phasso hoti…pe… ekaṃ dhammāyatanaṃ hoti, ekā dhammadhātu hoti; ye vā pana tasmiṃ samaye aññepi atthi paṭiccasamuppannā arūpino dhammā – ime dhammā kusalā…pe….","What on that occasion is the faculty of indifference?
Answer as in preceding reply. Continue as in §§ 19 – 57 .
Summary",
1-155,"155. Katamo tasmiṃ samaye saṅkhārakkhandho hoti? Phasso cetanā vitakko vicāro cittassekaggatā saddhindriyaṃ vīriyindriyaṃ satindriyaṃ samādhindriyaṃ paññindriyaṃ jīvitindriyaṃ sammādiṭṭhi sammāsaṅkappo sammāvāyāmo sammāsati sammāsamādhi saddhābalaṃ vīriyabalaṃ satibalaṃ samādhibalaṃ paññābalaṃ hiribalaṃ ottappabalaṃ alobho adoso amoho anabhijjhā abyāpādo sammādiṭṭhi hirī ottappaṃ kāyapassaddhi cittapassaddhi kāyalahutā cittalahutā kāyamudutā cittamudutā kāyakammaññatā cittakammaññatā kāyapāguññatā cittapāguññatā kāyujukatā cittujukatā sati sampajaññaṃ samatho vipassanā paggāho avikkhepo.
Ye vā pana tasmiṃ samaye aññepi atthi paṭiccasamuppannā arūpino dhammā ṭhapetvā vedanākkhandhaṃ ṭhapetvā saññākkhandhaṃ ṭhapetvā viññāṇakkhandhaṃ – ayaṃ tasmiṃ samaye saṅkhārakkhandho hoti…pe… ime dhammā kusalā.
Pañcamaṃ cittaṃ.","What on that occasion is the skandha of synergies?
Answer as in § 62 , omitting “joy”.
[Continue as in the Summary and “Emptiness” Section of the First Type of Thought.]
[Here ends] the Fifth Type of Thought.
6. The Sixth Type of Thought",
1-156,"156. Katame dhammā kusalā? Yasmiṃ samaye kāmāvacaraṃ kusalaṃ cittaṃ uppannaṃ hoti upekkhāsahagataṃ ñāṇasampayuttaṃ sasaṅkhārena rūpārammaṇaṃ vā…pe… dhammārammaṇaṃ vā yaṃ yaṃ vā panārabbha, tasmiṃ samaye phasso hoti…pe… avikkhepo hoti…pe… ime dhammā kusalā.
Chaṭṭhaṃ cittaṃ.","Which are the states that are good?
When a good thought concerning the sensuous universe has arisen, accompanied by indifference, associated with knowledge, by instigation, and having, as its object, a sight, a sound, a smell, a taste, a touch, a [mental] state, or what not, then there is contact, etc.
[Continue as in the Fifth Type of Thought.]
[Here ends] the Sixth Type of Thought.
7. The Seventh Type of Thought",
1-157,"157. Katame dhammā kusalā? Yasmiṃ samaye kāmāvacaraṃ kusalaṃ cittaṃ uppannaṃ hoti upekkhāsahagataṃ ñāṇavippayuttaṃ rūpārammaṇaṃ vā saddārammaṇaṃ vā gandhārammaṇaṃ vā rasārammaṇaṃ vā phoṭṭhabbārammaṇaṃ vā dhammārammaṇaṃ vā yaṃ yaṃ vā panārabbha, tasmiṃ samaye phasso hoti, vedanā hoti, saññā hoti, cetanā hoti, cittaṃ hoti, vitakko hoti, vicāro hoti, upekkhā hoti, cittassekaggatā hoti, saddhindriyaṃ hoti, vīriyindriyaṃ hoti, satindriyaṃ hoti, samādhindriyaṃ hoti, manindriyaṃ hoti, upekkhindriyaṃ hoti, jīvitindriyaṃ hoti, sammāsaṅkappo hoti, sammāvāyāmo hoti, sammāsati hoti, sammāsamādhi hoti, saddhābalaṃ hoti, vīriyabalaṃ hoti, satibalaṃ hoti, samādhibalaṃ hoti, hiribalaṃ hoti, ottappabalaṃ hoti, alobho hoti, adoso hoti, anabhijjhā hoti, abyāpādo hoti, hirī hoti, ottappaṃ hoti, kāyapassaddhi hoti, cittapassaddhi hoti, kāyalahutā hoti, cittalahutā hoti, kāyamudutā hoti, cittamudutā hoti, kāyakammaññatā hoti, cittakammaññatā hoti, kāyapāguññatā hoti , cittapāguññatā hoti, kāyujukatā hoti, cittujukatā hoti, sati hoti, samatho hoti, paggāho hoti, avikkhepo hoti; ye vā pana tasmiṃ samaye aññepi atthi paṭiccasamuppannā arūpino dhammā – ime dhammā kusalā…pe….
Tasmiṃ kho pana samaye cattāro khandhā honti, dvāyatanāni honti, dve dhātuyo honti, tayo āhārā honti , sattindriyāni honti, caturaṅgikaṃ jhānaṃ hoti, caturaṅgiko maggo hoti , cha balāni honti, dve hetū honti, eko phasso hoti…pe… ekaṃ dhammāyatanaṃ hoti, ekā dhammadhātu hoti; ye vā pana tasmiṃ samaye aññepi atthi paṭiccasamuppannā arūpino dhammā – ime dhammā kusalā…pe….","Which are the states that are good?
When a good thought concerning the sensuous universe has arisen, accompanied by indifference, disconnected with knowledge, and having, as its object, a sight, a sound, a smell, a taste, a touch, a [mental] state, or what not, then there is contact, etc. …
[Continue as in the Third Type of Thought, substituting “indifference” for “zest” and “ease”, the “faculty of disinterestedness” for that of “gladness”, and “fourfold” for “fivefold Jhāna”.]
Summary",
1-158,"158. Katamo tasmiṃ samaye saṅkhārakkhandho hoti? Phasso cetanā vitakko vicāro cittassekaggatā saddhindriyaṃ vīriyindriyaṃ satindriyaṃ samādhindriyaṃ jīvitindriyaṃ sammāsaṅkappo sammāvāyāmo sammāsati sammāsamādhi saddhābalaṃ vīriyabalaṃ satibalaṃ samādhibalaṃ hiribalaṃ ottappabalaṃ alobho adoso anabhijjhā abyāpādo hirī ottappaṃ kāyapassaddhi cittapassaddhi kāyalahutā cittalahutā kāyamudutā cittamudutā kāyakammaññatā cittakammaññatā kāyapāguññatā cittapāguññatā kāyujukatā cittujukatā sati samatho paggāho avikkhepo.
Ye vā pana tasmiṃ samaye aññepi atthi paṭiccasamuppannā arūpino dhammā ṭhapetvā vedanākkhandhaṃ ṭhapetvā saññākkhandhaṃ ṭhapetvā viññāṇakkhandhaṃ – ayaṃ tasmiṃ samaye saṅkhārakkhandho hoti…pe… ime dhammā kusalā.
Sattamaṃ cittaṃ.","What on that occasion is the skandha of synergies?
The content of this skandha is the same as in the Third Type of Thought (see § 148 ), with the further omission of “zest”.
[Continue as in the First Type of Thought.]
[Here ends] the Seventh Type of Thought.
8. The Eighth Type of Thought",
1-159,"159. Katame dhammā kusalā? Yasmiṃ samaye kāmāvacaraṃ kusalaṃ cittaṃ uppannaṃ hoti upekkhāsahagataṃ ñāṇavippayuttaṃ sasaṅkhārena rūpārammaṇaṃ vā…pe… dhammārammaṇaṃ vā yaṃ yaṃ vā panārabbha, tasmiṃ samaye phasso hoti…pe… avikkhepo hoti…pe… ime dhammā kusalā.
Aṭṭhamaṃ cittaṃ.
Aṭṭha kāmāvacaramahākusalacittāni.
Dutiyabhāṇavāro.","Which are the states that are good?
When a good thought concerning the sensuous universe has arisen, accompanied by indifference, disconnected with knowledge, by instigation, and having, as its object, a sight, a sound, a smell, a taste, a touch, a [mental] state, or what not, then there is contact, etc.
[Continue as in the Seventh Type of Thought.]
[Here ends] the Eighth Type of Thought.
[End of Chapter I on] the Eight Main Types of Thought concerning the Sensuous Universe.
Here ends the Second Portion for Recitation.
A Buddhist Manual of Psychological Ethics , a rys_davids of the Dhammasaṅgaṇī, Compendium of States or Phenomena, by Caroline A.F. Rhys Davids and D. Litt., M.A. .
Published by the Pali Text Society in 1900 . Reprinted 1923, 1974, 1993, 2004.
Released by the Pali Text Society under Creative Commons Attribution-NonCommercial 3.0 licence (CC BY-NC 3.0) .
See also the statement under http://",
1-160,"160. Katame dhammā kusalā? Yasmiṃ samaye rūpūpapattiyā maggaṃ bhāveti vivicceva kāmehi vivicca akusalehi dhammehi savitakkaṃ savicāraṃ vivekajaṃ pītisukhaṃ paṭhamaṃ jhānaṃ [paṭhamajjhānaṃ (sī.)] upasampajja viharati pathavīkasiṇaṃ, tasmiṃ samaye phasso hoti…pe… avikkhepo hoti…pe… ime dhammā kusalā.","Which are the states that are good?
When, that he may attain to the heavens of Form, he cultivates the way [thereto], aloof from sensuous desires, aloof from evil ideas, and so, by earth-gazing, enters into and abides in the First Jhāna (the first rapt meditation), wherein is thinking applied and sustained, which is born of solitude, and full of zest and ease—then the contact, the feeling … the grasp, the balance, which arise in him, or whatever other incorporeal, causally induced states that there are on that occasion—these are states that are good.
[Continue as in the First Type of Thought relating to the sensuous universe, including the Summary and “Emptiness” divisions.]",
1-161,"161. Katame dhammā kusalā? Yasmiṃ samaye rūpūpapattiyā maggaṃ bhāveti vitakkavicārānaṃ vūpasamā ajjhattaṃ sampasādanaṃ cetaso ekodibhāvaṃ avitakkaṃ avicāraṃ samādhijaṃ pītisukhaṃ dutiyaṃ jhānaṃ [dutiyajjhānaṃ (sī.)] upasampajja viharati pathavīkasiṇaṃ, tasmiṃ samaye phasso hoti, vedanā hoti, saññā hoti, cetanā hoti, cittaṃ hoti, pīti hoti, sukhaṃ hoti, cittassekaggatā hoti, saddhindriyaṃ hoti, vīriyindriyaṃ hoti, satindriyaṃ hoti, samādhindriyaṃ hoti, paññindriyaṃ hoti, manindriyaṃ hoti, somanassindriyaṃ hoti, jīvitindriyaṃ hoti, sammādiṭṭhi hoti, sammāvāyāmo hoti…pe… paggāho hoti, avikkhepo hoti; ye vā pana tasmiṃ samaye aññepi atthi paṭiccasamuppannā arūpino dhammā – ime dhammā kusalā…pe….
Tasmiṃ kho pana samaye cattāro khandhā honti, dvāyatanāni honti, dve dhātuyo honti, tayo āhārā honti, aṭṭhindriyāni honti, tivaṅgikaṃ jhānaṃ hoti, caturaṅgiko maggo hoti, satta balāni honti, tayo hetū honti, eko phasso hoti…pe… ekaṃ dhammāyatanaṃ hoti, ekā dhammadhātu hoti; ye vā pana tasmiṃ samaye aññepi atthi paṭiccasamuppannā arūpino dhammā – ime dhammā kusalā…pe….","Which are the states that are good?
When, that he may attain to the heavens of Form, he cultivates the way [thereto], suppressing the working of applied and sustained thinking, and so, by earth-gazing, enters into and abides in the Second Jhāna (the second rapt meditation), which is self-evolved, born of concentration, full of zest and ease, in that, set free from the working of applied and sustained thinking, the mind grows calm and sure, dwelling on high—then the contact, the feeling, the perception, the volition, the thought, the joy, the ease, the self-collectedness, the faculties of faith, energy, mindfulness, concentration, insight, mind, happiness, and life, the right views, right endeavour, … the grasp, the balance that arises—these, or whatever other incorporeal, causally induced states that there are on that occasion—these are states that are good.
Summary",
1-162,162. Katamo tasmiṃ samaye saṅkhārakkhandho hoti? Phasso cetanā pīti cittassekaggatā saddhindriyaṃ vīriyindriyaṃ satindriyaṃ samādhindriyaṃ paññindriyaṃ jīvitindriyaṃ sammādiṭṭhi sammāvāyāmo…pe… paggāho avikkhepo; ye vā pana tasmiṃ samaye aññepi atthi paṭiccasamuppannā arūpino dhammā ṭhapetvā vedanākkhandhaṃ ṭhapetvā saññākkhandhaṃ ṭhapetvā viññāṇakkhandhaṃ – ayaṃ tasmiṃ samaye saṅkhārakkhandho hoti…pe… ime dhammā kusalā.,"What on that occasion is the skandha of synergies?
Contact,
volition,
zest,
self-collectedness;
the faculties of
faith,
energy,
mindfulness,
concentration,
insight,
life;
right views,
right endeavour,
etc., etc.
[Continue as in § 62 et seq.]",
1-163,"163. Katame dhammā kusalā? Yasmiṃ samaye rūpūpapattiyā maggaṃ bhāveti pītiyā ca virāgā upekkhako ca viharati sato ca sampajāno sukhañca kāyena paṭisaṃvedeti, yaṃ taṃ ariyā ācikkhanti – ""upekkhako satimā sukhavihārī""ti tatiyaṃ jhānaṃ [tatiyajjhānaṃ (sī.)] upasampajja viharati pathavīkasiṇaṃ, tasmiṃ samaye phasso hoti, vedanā hoti, saññā hoti, cetanā hoti, cittaṃ hoti, sukhaṃ hoti, cittassekaggatā hoti, saddhindriyaṃ hoti, vīriyindriyaṃ hoti, satindriyaṃ hoti, samādhindriyaṃ hoti, paññindriyaṃ hoti, manindriyaṃ hoti, somanassindriyaṃ hoti, jīvitindriyaṃ hoti, sammādiṭṭhi hoti, sammāvāyāmo hoti…pe… paggāho hoti, avikkhepo hoti; ye vā pana tasmiṃ samaye aññepi atthi paṭiccasamuppannā arūpino dhammā – ime dhammā kusalā…pe….
Tasmiṃ kho pana samaye cattāro khandhā honti, dvāyatanāni honti, dve dhātuyo honti, tayo āhārā honti, aṭṭhindriyāni honti, duvaṅgikaṃ jhānaṃ hoti, caturaṅgiko maggo hoti, satta balāni honti, tayo hetū honti, eko phasso hoti…pe… ekaṃ dhammāyatanaṃ hoti, ekā dhammadhātu hoti; ye vā pana tasmiṃ samaye aññepi atthi paṭiccasamuppannā arūpino dhammā – ime dhammā kusalā…pe….","Which are the states that are good?
When, that he may attain to the heavens of Form, he cultivates the way [thereto], and further, through the waning of all passion for zest, holds himself indifferent, the while, mindful and self-aware, he experiences in his sense-consciousness that ease whereof the Noble Ones declare: “He that is indifferent and watchful dwelleth at ease”—and so, by earth-gazing, enters into and abides in the Third Jhāna—then the contact, the feeling, the perception, the volition, the thought, the ease, the self-collectedness, the faculties of faith, energy, mindfulness, concentration, insight, mind, happiness, and life, the right views, right endeavour, etc. … the grasp, the balance that arises—these, or whatever other incorporeal, causally induced states that there are on that occasion—these are states that are good.
Summary",
1-164,164. Katamo tasmiṃ samaye saṅkhārakkhandho hoti? Phasso cetanā cittassekaggatā saddhindriyaṃ vīriyindriyaṃ satindriyaṃ samādhindriyaṃ paññindriyaṃ jīvitindriyaṃ sammādiṭṭhi sammāvāyāmo…pe… paggāho avikkhepo; ye vā pana tasmiṃ samaye aññepi atthi paṭiccasamuppannā arūpino dhammā ṭhapetvā vedanākkhandhaṃ ṭhapetvā saññākkhandhaṃ ṭhapetvā viññāṇakkhandhaṃ – ayaṃ tasmiṃ samaye saṅkhārakkhandho hoti…pe… ime dhammā kusalā.,"What on that occasion is the skandha of synergies?
Contact,
volition,
self-collectedness;
the faculties of
faith,
energy,
mindfulness,
concentration,
insight,
life,
right views,
right endeavour,
etc., etc.
[Continue as in § 62 .]",
1-165,"165. Katame dhammā kusalā? Yasmiṃ samaye rūpūpapattiyā maggaṃ bhāveti sukhassa ca pahānā dukkhassa ca pahānā pubbeva somanassadomanassānaṃ atthaṅgamā adukkhamasukhaṃ upekkhāsatipārisuddhiṃ catutthaṃ jhānaṃ [catutthajjhānaṃ (sī.)] upasampajja viharati pathavīkasiṇaṃ, tasmiṃ samaye phasso hoti , vedanā hoti, saññā hoti, cetanā hoti, cittaṃ hoti, upekkhā hoti, cittassekaggatā hoti, saddhindriyaṃ hoti, vīriyindriyaṃ hoti, satindriyaṃ hoti, samādhindriyaṃ hoti, paññindriyaṃ hoti, manindriyaṃ hoti upekkhindriyaṃ hoti, jīvitindriyaṃ hoti, sammādiṭṭhi hoti, sammāvāyāmo hoti…pe… paggāho hoti, avikkhepo hoti; ye vā pana tasmiṃ samaye aññepi atthi paṭiccasamuppannā arūpino dhammā – ime dhammā kusalā…pe….
Tasmiṃ kho pana samaye cattāro khandhā honti, dvāyatanāni honti, dve dhātuyo honti, tayo āhārā honti, aṭṭhindriyāni honti, duvaṅgikaṃ jhānaṃ hoti, caturaṅgiko maggo hoti, satta balāni honti , tayo hetū honti, eko phasso hoti…pe… ekaṃ dhammāyatanaṃ hoti, ekā dhammadhātu hoti; ye vā pana tasmiṃ samaye aññepi atthi paṭiccasamuppannā arūpino dhammā – ime dhammā kusalā…pe….","Which are the states that are good?
When, that he may attain to the heavens of Form, he cultivates the way [thereto], and, by the putting away of ease and by the putting away of ill, by the passing away of (any) gladness or sorrow he was feeling, he thus, by earth-gazing, enters into and abides in the Fourth Jhāna (the fourth rapt meditation) of that utter purity of mindfulness which comes of indifference, where no ease is felt nor any ill—then the contact, the feeling, the perception, the volition, the thought, the indifference, the self-collectedness, the faculties of faith, energy, mindfulness, concentration, insight, mind, indifference, and life, the right views, the right endeavour, etc. …
[Continue as in § 163 .]
Summary",
1-166,"166. Katamo tasmiṃ samaye saṅkhārakkhandho hoti? Phasso cetanā cittassekaggatā saddhindriyaṃ vīriyindriyaṃ satindriyaṃ samādhindriyaṃ paññindriyaṃ jīvitindriyaṃ sammādiṭṭhi sammāvāyāmo…pe… paggāho avikkhepo; ye vā pana tasmiṃ samaye aññepi atthi paṭiccasamuppannā arūpino dhammā ṭhapetvā vedanākkhandhaṃ ṭhapetvā saññākkhandhaṃ ṭhapetvā viññāṇakkhandhaṃ – ayaṃ tasmiṃ samaye saṅkhārakkhandho hoti…pe… ime dhammā kusalā.
Catukkanayo.","What on that occasion is the skandha of synergies?
Answer as in § 164 .
[Here ends] the Fourfold System of Jhāna.
(b) The Fivefold System of Jhāna ( pañcakanayo )",
1-167,167. Katame dhammā kusalā? Yasmiṃ samaye rūpūpapattiyā maggaṃ bhāveti vivicceva kāmehi…pe… paṭhamaṃ jhānaṃ upasampajja viharati pathavīkasiṇaṃ – tasmiṃ samaye phasso hoti…pe… avikkhepo hoti…pe… ime dhammā kusalā.,"The First Jhāna. Question and answer as in the fourfold course, § 160 .",
1-168,"168. Katame dhammā kusalā? Yasmiṃ samaye rūpūpapattiyā maggaṃ bhāveti avitakkaṃ vicāramattaṃ samādhijaṃ pītisukhaṃ dutiyaṃ jhānaṃ upasampajja viharati pathavīkasiṇaṃ, tasmiṃ samaye phasso hoti, vedanā hoti, saññā hoti, cetanā hoti, cittaṃ hoti, vicāro hoti, pīti hoti, sukhaṃ hoti, cittassekaggatā hoti, saddhindriyaṃ hoti, vīriyindriyaṃ hoti, satindriyaṃ hoti, samādhindriyaṃ hoti, paññindriyaṃ hoti, manindriyaṃ hoti, somanassindriyaṃ hoti, jīvitindriyaṃ hoti, sammādiṭṭhi hoti, sammāvāyāmo hoti…pe… paggāho hoti, avikkhepo hoti; ye vā pana tasmiṃ samaye aññepi atthi paṭiccasamuppannā arūpino dhammā – ime dhammā kusalā…pe….
Tasmiṃ kho pana samaye cattāro khandhā honti, dvāyatanāni honti, dve dhātuyo honti, tayo āhārā honti, aṭṭhindriyāni honti, caturaṅgikaṃ jhānaṃ hoti, caturaṅgiko maggo hoti, satta balāni honti, tayo hetū honti, eko phasso hoti…pe… ekaṃ dhammāyatanaṃ hoti, ekā dhammadhātu hoti; ye vā pana tasmiṃ samaye aññepi atthi paṭiccasamuppannā arūpino dhammā – ime dhammā kusalā…pe….","Which are the states that are good?
When, that he may attain to the heavens of Form, he cultivates the way [thereto], and so, by earth-gazing, enters into and abides in the Second Jhāna (the second rapt meditation) wherein is no application of mind, but only of sustained thinking—which is born of concentration, and is full of zest and ease—then the contact, the feeling, the perception, the volition, the thought, the sustained thinking, the zest, the ease, the self-collectedness, etc. …
[Continue as for the Second Jhāna in § 161 .]
Summary",
1-169,169. Katamo tasmiṃ samaye saṅkhārakkhandho hoti? Phasso cetanā vicāro pīti cittassekaggatā saddhindriyaṃ vīriyindriyaṃ satindriyaṃ samādhindriyaṃ paññindriyaṃ jīvitindriyaṃ sammādiṭṭhi sammāvāyāmo…pe… paggāho avikkhepo; ye vā pana tasmiṃ samaye aññepi atthi paṭiccasamuppannā arūpino dhammā ṭhapetvā vedanākkhandhaṃ ṭhapetvā saññākkhandhaṃ ṭhapetvā viññāṇakkhandhaṃ – ayaṃ tasmiṃ samaye saṅkhārakkhandho hoti…pe… ime dhammā kusalā.,"What on that occasion is the skandha of synergies?
Contact, volition, sustained thinking, zest, etc. …
[Continue as in § 162 .]",
1-170,"170. Katame dhammā kusalā? Yasmiṃ samaye rūpūpapattiyā maggaṃ bhāveti vitakkavicārānaṃ vūpasamā…pe… tatiyaṃ jhānaṃ upasampajja viharati pathavīkasiṇaṃ, tasmiṃ samaye phasso hoti, vedanā hoti , saññā hoti, cetanā hoti, cittaṃ hoti, pīti hoti, sukhaṃ hoti, cittassekaggatā hoti, saddhindriyaṃ hoti, vīriyindriyaṃ hoti, satindriyaṃ hoti, samādhindriyaṃ hoti, paññindriyaṃ hoti, manindriyaṃ hoti, somanassindriyaṃ hoti, jīvitindriyaṃ hoti, sammādiṭṭhi hoti, sammāvāyāmo hoti…pe… paggāho hoti, avikkhepo hoti; ye vā pana tasmiṃ samaye aññepi atthi paṭiccasamuppannā arūpino dhammā – ime dhammā kusalā…pe….
Tasmiṃ kho pana samaye cattāro khandhā honti, dvāyatanāni honti, dve dhātuyo honti, tayo āhārā honti, aṭṭhindriyāni honti, tivaṅgikaṃ jhānaṃ hoti, caturaṅgiko maggo hoti, satta balāni honti, tayo hetū honti, eko phasso hoti…pe… ekaṃ dhammāyatanaṃ hoti, ekā dhammadhātu hoti; ye vā pana tasmiṃ samaye aññepi atthi paṭiccasamuppannā arūpino dhammā – ime dhammā kusalā…pe….","The Third, Fourth, and Fifth Jhānas.
[These are identical in formulation with the Second, Third, and Fourth Jhānas of the Fourfold System. Questions and answers as in §§ 161 – 166 .]
[Here ends] the Fivefold System of Jhāna.
(c) The Four Modes of Progress ( catasso paṭipadā )
Which",
1-171,171. Katamo tasmiṃ samaye saṅkhārakkhandho hoti? Phasso cetanā pīti cittassekaggatā saddhindriyaṃ vīriyindriyaṃ satindriyaṃ samādhindriyaṃ paññindriyaṃ jīvitindriyaṃ sammādiṭṭhi sammāvāyāmo…pe… paggāho avikkhepo; ye vā pana tasmiṃ samaye aññepi atthi paṭiccasamuppannā arūpino dhammā ṭhapetvā vedanākkhandhaṃ ṭhapetvā saññākkhandhaṃ ṭhapetvā viññāṇakkhandhaṃ – ayaṃ tasmiṃ samaye saṅkhārakkhandho hoti…pe… ime dhammā kusalā.,-,
1-172,"172. Katame dhammā kusalā? Yasmiṃ samaye rūpūpapattiyā maggaṃ bhāveti pītiyā ca virāgā…pe… catutthaṃ jhānaṃ upasampajja viharati pathavīkasiṇaṃ, tasmiṃ samaye phasso hoti, vedanā hoti, saññā hoti, cetanā hoti, cittaṃ hoti, sukhaṃ hoti, cittassekaggatā hoti, saddhindriyaṃ hoti, vīriyindriyaṃ hoti, satindriyaṃ hoti, samādhindriyaṃ hoti, paññindriyaṃ hoti, manindriyaṃ hoti, somanassindriyaṃ hoti, jīvitindriyaṃ hoti, sammādiṭṭhi hoti, sammāvāyāmo hoti…pe… paggāho hoti, avikkhepo hoti; ye vā pana tasmiṃ samaye aññepi atthi paṭiccasamuppannā arūpino dhammā – ime dhammā kusalā…pe….
Tasmiṃ kho pana samaye cattāro khandhā honti, dvāyatanāni honti, dve dhātuyo honti, tayo āhārā honti, aṭṭhindriyāni honti, duvaṅgikaṃ jhānaṃ hoti, caturaṅgiko maggo hoti, satta balāni honti, tayo hetū honti, eko phasso hoti…pe… ekaṃ dhammāyatanaṃ hoti, ekā dhammadhātu hoti; ye vā pana tasmiṃ samaye aññepi atthi paṭiccasamuppannā arūpino dhammā – ime dhammā kusalā…pe….",-,
1-173,173. Katamo tasmiṃ samaye saṅkhārakkhandho hoti? Phasso cetanā cittassekaggatā saddhindriyaṃ vīriyindriyaṃ satindriyaṃ samādhindriyaṃ paññindriyaṃ jīvitindriyaṃ sammādiṭṭhi sammāvāyāmo…pe… paggāho avikkhepo; ye vā pana tasmiṃ samaye aññepi atthi paṭiccasamuppannā arūpino dhammā ṭhapetvā vedanākkhandhaṃ ṭhapetvā saññākkhandhaṃ ṭhapetvā viññāṇakkhandhaṃ – ayaṃ tasmiṃ samaye saṅkhārakkhandho hoti…pe… ime dhammā kusalā.,-,
1-174,"174. Katame dhammā kusalā? Yasmiṃ samaye rūpūpapattiyā maggaṃ bhāveti sukhassa ca pahānā…pe… pañcamaṃ jhānaṃ [pañcamajjhānaṃ (sī.)] upasampajja viharati pathavīkasiṇaṃ, tasmiṃ samaye phasso hoti, vedanā hoti, saññā hoti, cetanā hoti, cittaṃ hoti, upekkhā hoti, cittassekaggatā hoti, saddhindriyaṃ hoti, vīriyindriyaṃ hoti, satindriyaṃ hoti, samādhindriyaṃ hoti, paññindriyaṃ hoti, manindriyaṃ hoti, upekkhindriyaṃ hoti, jīvitindriyaṃ hoti, sammādiṭṭhi hoti, sammāvāyāmo hoti…pe… paggāho hoti, avikkhepo hoti; ye vā pana tasmiṃ samaye aññepi atthi paṭiccasamuppannā arūpino dhammā – ime dhammā kusalā…pe….
Tasmiṃ kho pana samaye cattāro khandhā honti, dvāyatanāni honti, dve dhātuyo honti, tayo āhārā honti, aṭṭhindriyāni honti, duvaṅgikaṃ jhānaṃ hoti, caturaṅgiko maggo hoti, satta balāni honti, tayo hetū honti, eko phasso hoti…pe… ekaṃ dhammāyatanaṃ hoti, ekā dhammadhātu hoti; ye vā pana tasmiṃ samaye aññepi atthi paṭiccasamuppannā arūpino dhammā – ime dhammā kusalā…pe….",-,
1-175,"175. Katamo tasmiṃ samaye saṅkhārakkhandho hoti? Phasso cetanā cittassekaggatā saddhindriyaṃ vīriyindriyaṃ satindriyaṃ samādhindriyaṃ paññindriyaṃ jīvitindriyaṃ sammādiṭṭhi sammāvāyāmo…pe… paggāho avikkhepo; ye vā pana tasmiṃ samaye aññepi atthi paṭiccasamuppannā arūpino dhammā ṭhapetvā vedanākkhandhaṃ ṭhapetvā saññākkhandhaṃ ṭhapetvā viññāṇakkhandhaṃ – ayaṃ tasmiṃ samaye saṅkhārakkhandho hoti…pe… ime dhammā kusalā.
Pañcakanayo.",-,
1-176,"176. Katame dhammā kusalā? Yasmiṃ samaye rūpūpapattiyā maggaṃ bhāveti vivicceva kāmehi…pe… paṭhamaṃ jhānaṃ upasampajja viharati dukkhapaṭipadaṃ [dukkhāpaṭipadaṃ (bahūsu)] dandhābhiññaṃ pathavīkasiṇaṃ, tasmiṃ samaye phasso hoti…pe… avikkhepo hoti…pe… ime dhammā kusalā.","are the states that are good?
When, that he may attain to the heavens of Form, he cultivates the way [thereto], aloof from sensuous desires, aloof from evil ideas, and so, by earth-gazing, enters into and abides in the First Jhāna … progress being painful and intuition sluggish—then the contact … the balance that arises—these … are states that are good.",
1-177,"177. Katame dhammā kusalā? Yasmiṃ samaye rūpūpapattiyā maggaṃ bhāveti vivicceva kāmehi…pe… paṭhamaṃ jhānaṃ upasampajja viharati dukkhapaṭipadaṃ khippābhiññaṃ pathavīkasiṇaṃ, tasmiṃ samaye phasso hoti…pe… avikkhepo hoti…pe… ime dhammā kusalā.","… [or] when … he … so enters into and abides in the First Jhāna … progress being painful, but intuition quick …",
1-178,"178. Katame dhammā kusalā? Yasmiṃ samaye rūpūpapattiyā maggaṃ bhāveti vivicceva kāmehi…pe… paṭhamaṃ jhānaṃ upasampajja viharati sukhapaṭipadaṃ [sukhāpaṭipadaṃ (bahūsu)] dandhābhiññaṃ pathavīkasiṇaṃ, tasmiṃ samaye phasso hoti…pe… avikkhepo hoti…pe… ime dhammā kusalā.","… [or] when … he … so enters into and abides in the First Jhāna … progress being easy, but intuition sluggish …",
1-179,"179. Katame dhammā kusalā? Yasmiṃ samaye rūpūpapattiyā maggaṃ bhāveti vivicceva kāmehi…pe… paṭhamaṃ jhānaṃ upasampajja viharati sukhapaṭipadaṃ khippābhiññaṃ pathavīkasiṇaṃ, tasmiṃ samaye phasso hoti…pe… avikkhepo hoti…pe… ime dhammā kusalā…pe….","… [or] when … he … so enters into and abides in the First Jhāna … progress being easy and intuition quick—then the contact, etc … the balance that arises—these … are states that are good.",
1-180,"180. Katame dhammā kusalā? Yasmiṃ samaye rūpūpapattiyā maggaṃ bhāveti vitakkavicārānaṃ vūpasamā…pe… dutiyaṃ jhānaṃ…pe… tatiyaṃ jhānaṃ…pe… catutthaṃ jhānaṃ…pe… paṭhamaṃ jhānaṃ…pe… pañcamaṃ jhānaṃ upasampajja viharati dukkhapaṭipadaṃ dandhābhiññaṃ pathavīkasiṇaṃ…pe… dukkhapaṭipadaṃ khippābhiññaṃ pathavīkasiṇaṃ…pe… sukhapaṭipadaṃ dandhābhiññaṃ pathavīkasiṇaṃ…pe… sukhapaṭipadaṃ khippābhiññaṃ pathavīkasiṇaṃ – tasmiṃ samaye phasso hoti…pe… avikkhepo hoti…pe… ime dhammā kusalā.
Catasso paṭipadā.","These four combinations are repeated in the case of the 2nd to the 4th Jhānas on the Fourfold System, and of the 2nd to the 5th on the Fivefold System.
[Here end] the Four Modes of Progress.
(d) The Four Objects of Thought ( cattāri āramaṇāni )",
1-181,"181. Katame dhammā kusalā? Yasmiṃ samaye rūpūpapattiyā maggaṃ bhāveti vivicceva kāmehi…pe… paṭhamaṃ jhānaṃ upasampajja viharati parittaṃ parittārammaṇaṃ pathavīkasiṇaṃ, tasmiṃ samaye phasso hoti…pe… avikkhepo hoti…pe… ime dhammā kusalā.","Which are the states that are good?
When, that he may attain to the heavens of Form, he cultivates the way [thereto], and so, aloof from sensuous desires, aloof from evil ideas, by earth-gazing, enters into and abides in the First Jhāna (the first rapt meditation), wherein is application and sustaining of thought, which is born of solitude, and is full of zest and ease, but which is limited, and has a limited object of thought—then the contact … the balance that arises—these … are states that are good.",
1-182,182. Katame dhammā kusalā? Yasmiṃ samaye rūpūpapattiyā maggaṃ bhāveti vivicceva kāmehi…pe… paṭhamaṃ jhānaṃ upasampajja viharati parittaṃ appamāṇārammaṇaṃ pathavīkasiṇaṃ – tasmiṃ samaye phasso hoti…pe… avikkhepo hoti…pe… ime dhammā kusalā.,"… [or] when … the First Jhāna … is limited, but has an object of thought capable of infinite extension …",
1-183,"183. Katame dhammā kusalā? Yasmiṃ samaye rūpūpapattiyā maggaṃ bhāveti vivicceva kāmehi…pe… paṭhamaṃ jhānaṃ upasampajja viharati appamāṇaṃ parittārammaṇaṃ pathavīkasiṇaṃ, tasmiṃ samaye phasso hoti…pe… avikkhepo hoti…pe… ime dhammā kusalā.","… [or] when … the First Jhāna … is capable of infinite extension, but has a limited object of thought …",
1-184,"184. Katame dhammā kusalā? Yasmiṃ samaye rūpūpapattiyā maggaṃ bhāveti vivicceva kāmehi…pe… paṭhamaṃ jhānaṃ upasampajja viharati appamāṇaṃ appamāṇārammaṇaṃ pathavīkasiṇaṃ, tasmiṃ samaye phasso hoti…pe… avikkhepo hoti…pe… ime dhammā kusalā.","… [or] when … the First Jhāna … is capable of infinite extension, and has an object of thought capable of infinite extension—then the contact, etc. … the balance that arises, these … are states that are good.",
1-185,"185. Katame dhammā kusalā? Yasmiṃ samaye rūpūpapattiyā maggaṃ bhāveti vitakkavicārānaṃ vūpasamā…pe… dutiyaṃ jhānaṃ…pe… tatiyaṃ jhānaṃ…pe… catutthaṃ jhānaṃ…pe… paṭhamaṃ jhānaṃ…pe… pañcamaṃ jhānaṃ upasampajja viharati parittaṃ parittārammaṇaṃ pathavīkasiṇaṃ…pe… parittaṃ appamāṇārammaṇaṃ pathavīkasiṇaṃ…pe… appamāṇaṃ parittārammaṇaṃ pathavīkasiṇaṃ…pe… appamāṇaṃ appamāṇārammaṇaṃ pathavīkasiṇaṃ, tasmiṃ samaye phasso hoti…pe… avikkhepo hoti…pe… ime dhammā kusalā.
Cattāri ārammaṇāni.","These four combinations are repeated in the case of the 2nd to the 4th Jhānas on the Fourfold System, and of the 1st to the 5th Jhānas on the Fivefold System.
[Here end] the Four Objects of Thought.
(e) = (c) and (d) The Sixteenfold Combination ( soḷasakkhat-tukaṃ )",
1-186,"186. Katame dhammā kusalā? Yasmiṃ samaye rūpūpapattiyā maggaṃ bhāveti vivicceva kāmehi…pe… paṭhamaṃ jhānaṃ upasampajja viharati dukkhapaṭipadaṃ dandhābhiññaṃ parittaṃ parittārammaṇaṃ pathavīkasiṇaṃ, tasmiṃ samaye phasso hoti…pe… avikkhepo hoti…pe… ime dhammā kusalā.","Which are the states that are good? where progress is painful and intuition sluggish, which is limited, and has a limited object of thought …",
1-187,"187. Katame dhammā kusalā? Yasmiṃ samaye rūpūpapattiyā maggaṃ bhāveti vivicceva kāmehi…pe… paṭhamaṃ jhānaṃ upasampajja viharati dukkhapaṭipadaṃ dandhābhiññaṃ parittaṃ appamāṇārammaṇaṃ pathavīkasiṇaṃ, tasmiṃ samaye phasso hoti…pe… avikkhepo hoti…pe… ime dhammā kusalā.","… [or] which is limited, but has an object of thought capable of infinite extension …",
1-188,"188. Katame dhammā kusalā? Yasmiṃ samaye rūpūpapattiyā maggaṃ bhāveti vivicceva kāmehi…pe… paṭhamaṃ jhānaṃ upasampajja viharati dukkhapaṭipadaṃ dandhābhiññaṃ appamāṇaṃ parittārammaṇaṃ pathavīkasiṇaṃ, tasmiṃ samaye phasso hoti…pe… avikkhepo hoti…pe… ime dhammā kusalā.","… [or] which is capable of infinite extension, but has a limited object of thought …",
1-189,189. Katame dhammā kusalā? Yasmiṃ samaye rūpūpapattiyā maggaṃ bhāveti vivicceva kāmehi…pe… paṭhamaṃ jhānaṃ upasampajja viharati dukkhapaṭipadaṃ dandhābhiññaṃ appamāṇaṃ appamāṇārammaṇaṃ pathavīkasiṇaṃ tasmiṃ samaye phasso hoti…pe… avikkhepo hoti…pe… ime dhammā kusalā.,"… [or] which is capable of infinite extension, and has an object of thought capable of infinite extension … [or] where progress is painful, but intuition is quick.",
1-190,"190. Katame dhammā kusalā? Yasmiṃ samaye rūpūpapattiyā maggaṃ bhāveti vivicceva kāmehi…pe… paṭhamaṃ jhānaṃ upasampajja viharati dukkhapaṭipadaṃ khippābhiññaṃ parittaṃ parittārammaṇaṃ pathavīkasiṇaṃ, tasmiṃ samaye phasso hoti…pe… avikkhepo hoti…pe… ime dhammā kusalā.","which is limited, and has a limited object of thought …… [or] … etc. [Continue for §§ 191 – 193 as in §§ 187 – 189 .] … [or] where progress is easy, but intuition sluggish,",
1-191,"191. Katame dhammā kusalā? Yasmiṃ samaye rūpūpapattiyā maggaṃ bhāveti vivicceva kāmehi …pe… paṭhamaṃ jhānaṃ upasampajja viharati dukkhapaṭipadaṃ khippābhiññaṃ parittaṃ appamāṇārammaṇaṃ pathavīkasiṇaṃ, tasmiṃ samaye phasso hoti…pe… avikkhepo hoti…pe… ime dhammā kusalā.",-,
1-192,"192. Katame dhammā kusalā? Yasmiṃ samaye rūpūpapattiyā maggaṃ bhāveti vivicceva kāmehi…pe… paṭhamaṃ jhānaṃ upasampajja viharati dukkhapaṭipadaṃ khippābhiññaṃ appamāṇaṃ parittārammaṇaṃ pathavīkasiṇaṃ, tasmiṃ samaye phasso hoti…pe… avikkhepo hoti…pe… ime dhammā kusalā.",-,
1-193,"193. Katame dhammā kusalā? Yasmiṃ samaye rūpūpapattiyā maggaṃ bhāveti vivicceva kāmehi…pe… paṭhamaṃ jhānaṃ upasampajja viharati dukkhapaṭipadaṃ khippābhiññaṃ appamāṇaṃ appamāṇārammaṇaṃ pathavīkasiṇaṃ, tasmiṃ samaye phasso hoti…pe… avikkhepo hoti…pe… ime dhammā kusalā.",-,
1-194,"194. Katame dhammā kusalā? Yasmiṃ samaye rūpūpapattiyā maggaṃ bhāveti vivicceva kāmehi…pe… paṭhamaṃ jhānaṃ upasampajja viharati sukhapaṭipadaṃ dandhābhiññaṃ parittaṃ parittārammaṇaṃ pathavīkasiṇaṃ, tasmiṃ samaye phasso hoti…pe… avikkhepo hoti…pe… ime dhammā kusalā.","which is limited, and has a limited object of thought …… [or] … etc. [Continue for §§ 195 – 197 as above.] … [or] where progress is easy and intuition quick, which is limited, and has a limited object of thought …",
1-195,"195. Katame dhammā kusalā? Yasmiṃ samaye rūpūpapattiyā maggaṃ bhāveti vivicceva kāmehi…pe… paṭhamaṃ jhānaṃ upasampajja viharati sukhapaṭipadaṃ dandhābhiññaṃ parittaṃ appamāṇārammaṇaṃ pathavīkasiṇaṃ, tasmiṃ samaye phasso hoti…pe… avikkhepo hoti…pe… ime dhammā kusalā.",-,
1-196,"196. Katame dhammā kusalā? Yasmiṃ samaye rūpūpapattiyā maggaṃ bhāveti vivicceva kāmehi…pe… paṭhamaṃ jhānaṃ upasampajja viharati sukhapaṭipadaṃ dandhābhiññaṃ appamāṇaṃ parittārammaṇaṃ pathavīkasiṇaṃ, tasmiṃ samaye phasso hoti…pe… avikkhepo hoti…pe… ime dhammā kusalā.",-,
1-197,"197. Katame dhammā kusalā? Yasmiṃ samaye rūpūpapattiyā maggaṃ bhāveti vivicceva kāmehi…pe… paṭhamaṃ jhānaṃ upasampajja viharati sukhapaṭipadaṃ dandhābhiññaṃ appamāṇaṃ appamāṇārammaṇaṃ pathavīkasiṇaṃ, tasmiṃ samaye phasso hoti…pe… avikkhepo hoti…pe… ime dhammā kusalā.",-,
1-198,"198. Katame dhammā kusalā? Yasmiṃ samaye rūpūpapattiyā maggaṃ bhāveti vivicceva kāmehi…pe… paṭhamaṃ jhānaṃ upasampajja viharati sukhapaṭipadaṃ khippābhiññaṃ parittaṃ parittārammaṇaṃ pathavīkasiṇaṃ, tasmiṃ samaye phasso hoti…pe… avikkhepo hoti…pe… ime dhammā kusalā.",-,
1-199,"199. Katame dhammā kusalā? Yasmiṃ samaye rūpūpapattiyā maggaṃ bhāveti vivicceva kāmehi…pe… paṭhamaṃ jhānaṃ upasampajja viharati sukhapaṭipadaṃ khippābhiññaṃ parittaṃ appamāṇārammaṇaṃ pathavīkasiṇaṃ, tasmiṃ samaye phasso hoti…pe… avikkhepo hoti…pe… ime dhammā kusalā.",Continue for §§ 199 – 201 as above.,
1-200,"200. Katame dhammā kusalā? Yasmiṃ samaye rūpūpapattiyā maggaṃ bhāveti vivicceva kāmehi…pe… paṭhamaṃ jhānaṃ upasampajja viharati sukhapaṭipadaṃ khippābhiññaṃ appamāṇaṃ parittārammaṇaṃ pathavīkasiṇaṃ, tasmiṃ samaye phasso hoti…pe… avikkhepo hoti…pe… ime dhammā kusalā.",-,
1-201,"201. Katame dhammā kusalā? Yasmiṃ samaye rūpūpapattiyā maggaṃ bhāveti vivicceva kāmehi…pe… paṭhamaṃ jhānaṃ upasampajja viharati sukhapaṭipadaṃ khippābhiññaṃ appamāṇaṃ appamāṇārammaṇaṃ pathavīkasiṇaṃ, tasmiṃ samaye phasso hoti…pe… avikkhepo hoti…pe… ime dhammā kusalā.",-,
1-202,"202. Katame dhammā kusalā? Yasmiṃ samaye rūpūpapattiyā maggaṃ bhāveti vitakkavicārānaṃ vūpasamā…pe… dutiyaṃ jhānaṃ…pe… tatiyaṃ jhānaṃ…pe… catutthaṃ jhānaṃ…pe… paṭhamaṃ jhānaṃ…pe… pañcamaṃ jhānaṃ upasampajja viharati dukkhapaṭipadaṃ dandhābhiññaṃ parittaṃ parittārammaṇaṃ pathavīkasiṇaṃ…pe… dukkhapaṭipadaṃ dandhābhiññaṃ parittaṃ appamāṇārammaṇaṃ pathavīkasiṇaṃ…pe… dukkhapaṭipadaṃ dandhābhiññaṃ appamāṇaṃ parittārammaṇaṃ pathavīkasiṇaṃ…pe… dukkhapaṭipadaṃ dandhābhiññaṃ appamāṇaṃ appamāṇārammaṇaṃ pathavīkasiṇaṃ…pe… dukkhapaṭipadaṃ khippābhiññaṃ parittaṃ parittārammaṇaṃ pathavīkasiṇaṃ…pe… dukkhapaṭipadaṃ khippābhiññaṃ parittaṃ appamāṇārammaṇaṃ pathavīkasiṇaṃ…pe… dukkhapaṭipadaṃ khippābhiññaṃ appamāṇaṃ parittārammaṇaṃ pathavīkasiṇaṃ…pe… dukkhapaṭipadaṃ khippābhiññaṃ appamāṇaṃ appamāṇārammaṇaṃ pathavīkasiṇaṃ…pe… sukhapaṭipadaṃ dandhābhiññaṃ parittaṃ parittārammaṇaṃ pathavīkasiṇaṃ…pe… sukhapaṭipadaṃ dandhābhiññaṃ parittaṃ appamāṇārammaṇaṃ pathavīkasiṇaṃ…pe… sukhapaṭipadaṃ dandhābhiññaṃ appamāṇaṃ parittārammaṇaṃ pathavīkasiṇaṃ…pe… sukhapaṭipadaṃ dandhābhiññaṃ appamāṇaṃ appamāṇārammaṇaṃ pathavīkasiṇaṃ…pe… sukhapaṭipadaṃ khippābhiññaṃ parittaṃ parittārammaṇaṃ pathavīkasiṇaṃ…pe… sukhapaṭipadaṃ khippābhiññaṃ parittaṃ appamāṇārammaṇaṃ pathavīkasiṇaṃ…pe… sukhapaṭipadaṃ khippābhiññaṃ appamāṇaṃ parittārammaṇaṃ pathavīkasiṇaṃ…pe… sukhapaṭipadaṃ khippābhiññaṃ appamāṇaṃ appamāṇārammaṇaṃ pathavīkasiṇaṃ – tasmiṃ samaye phasso hoti…pe… avikkhepo hoti…pe… ime dhammā kusalā.
Soḷasakkhattukaṃ.","These sixteen combinations are repeated in the case of the 2nd to the 4th Jhānas on the Fourfold System, and of the 1st to the 5th Jhānas on the Fivefold System.
[Here ends] the Sixteenfold Combination.
2. The Remaining Seven Artifices which may also be developed in sixteenfold combination ( aṭṭhakasiṇaṃ soḷasakkhattukaṃ )",
1-203,"203. Katame dhammā kusalā? Yasmiṃ samaye rūpūpapattiyā maggaṃ bhāveti vivicceva kāmehi…pe… paṭhamaṃ jhānaṃ upasampajja viharati āpokasiṇaṃ…pe… tejokasiṇaṃ…pe… vāyokasiṇaṃ…pe… nīlakasiṇaṃ…pe… pītakasiṇaṃ…pe… lohitakasiṇaṃ…pe… odātakasiṇaṃ, tasmiṃ samaye phasso hoti…pe… avikkhepo hoti…pe… ime dhammā kusalā.
Aṭṭhakasiṇaṃ soḷasakkhattukaṃ.","Which are the states that are good?
When, that he may attain to the heavens of Form, he cultivates the way [thereto], aloof from sensuous desires, aloof from evil ideas, and so, by the artifice of
water …
fire …
air …
blue-black …
yellow …
red …
white …
enters into and abides in the First Jhāna … then the contact, etc., that arises—these … are states that are good.
[Here ends] the Sixteenfold Combination in the case of the seven remaining artifices for induction.
2. The Stations of Mastery ( abhibhāyatanāni )
1. “Forms as Limited” ( rūpāni parittāni )
(a) and (b) Fourfold and Fivefold Jhāna",
1-204,"204. Katame dhammā kusalā? Yasmiṃ samaye rūpūpapattiyā maggaṃ bhāveti ajjhattaṃ arūpasaññī bahiddhā rūpāni passati parittāni tāni abhibhuyya jānāmi passāmīti vivicceva kāmehi…pe… paṭhamaṃ jhānaṃ upasampajja viharati, tasmiṃ samaye phasso hoti…pe… avikkhepo hoti…pe… ime dhammā kusalā.","Which are the states that are good?
When, that he may attain to the heavens of Form, he cultivates the way [thereto], and, unconscious of any part of his corporeal self, but seeing external objects to be limited, gets the mastery over them with the thought “I know, I see!” and so, aloof from sensuous desires, aloof from evil ideas, enters into and abides in the First Jhāna, etc. … then the contact, etc., that arises—these … are states that are good.",
1-205,"205. Katame dhammā kusalā? Yasmiṃ samaye rūpūpapattiyā maggaṃ bhāveti ajjhattaṃ arūpasaññī bahiddhā rūpāni passati parittāni, tāni abhibhuyya jānāmi passāmīti vitakkavicārānaṃ vūpasamā…pe… dutiyaṃ jhānaṃ …pe… tatiyaṃ jhānaṃ…pe… catutthaṃ jhānaṃ…pe… paṭhamaṃ jhānaṃ…pe… pañcamaṃ jhānaṃ upasampajja viharati, tasmiṃ samaye phasso hoti…pe… avikkhepo hoti…pe… ime dhammā kusalā.","[Repeat in the case of the 2nd to the 4th Jhāna on the Fourfold System, and of the 2nd to the 5th Jhāna on the Fivefold System.]
(c) The Four Modes of Progress",
1-206,"206. Katame dhammā kusalā? Yasmiṃ samaye rūpūpapattiyā maggaṃ bhāveti ajjhattaṃ arūpasaññī bahiddhā rūpāni passati parittāni, tāni abhibhuyya jānāmi passāmīti vivicceva kāmehi…pe… paṭhamaṃ jhānaṃ upasampajja viharati dukkhapaṭipadaṃ dandhābhiññaṃ, tasmiṃ samaye phasso hoti…pe… avikkhepo hoti…pe… ime dhammā kusalā.","Repeat the four combinations of “progress” as “painful” or “easy”, and of “intuition” as “sluggish” or “quick” set out in §§ 176 – 180 , substituting for “earth-gazing” the Mastery-formula just stated.
(d) The Two Objects of Thought",
1-207,"207. Katame dhammā kusalā? Yasmiṃ samaye rūpūpapattiyā maggaṃ bhāveti ajjhattaṃ arūpasaññī bahiddhā rūpāni passati parittāni, tāni abhibhuyya jānāmi passāmīti vivicceva kāmehi…pe… paṭhamaṃ jhānaṃ upasampajja viharati dukkhapaṭipadaṃ khippābhiññaṃ, tasmiṃ samaye phasso hoti…pe… avikkhepo hoti…pe… ime dhammā kusalā.",-,
1-208,"208. Katame dhammā kusalā? Yasmiṃ samaye rūpūpapattiyā maggaṃ bhāveti ajjhattaṃ arūpasaññī bahiddhā rūpāni passati parittāni, tāni abhibhuyya jānāmi passāmīti vivicceva kāmehi…pe… paṭhamaṃ jhānaṃ upasampajja viharati sukhapaṭipadaṃ dandhābhiññaṃ, tasmiṃ samaye phasso hoti…pe… avikkhepo hoti…pe… ime dhammā kusalā.",-,
1-209,"209. Katame dhammā kusalā? Yasmiṃ samaye rūpūpapattiyā maggaṃ bhāveti ajjhattaṃ arūpasaññī bahiddhā rūpāni passati parittāni, tāni abhibhuyya jānāmi passāmīti vivicceva kāmehi…pe… paṭhamaṃ jhānaṃ upasampajja viharati sukhapaṭipadaṃ khippābhiññaṃ, tasmiṃ samaye phasso hoti…pe… avikkhepo hoti…pe… ime dhammā kusalā.",-,
1-210,"210. Katame dhammā kusalā? Yasmiṃ samaye rūpūpapattiyā maggaṃ bhāveti ajjhattaṃ arūpasaññī bahiddhā rūpāni passati parittāni, tāni abhibhuyya jānāmi passāmīti vitakkavicārānaṃ vūpasamā…pe… dutiyaṃ jhānaṃ…pe… tatiyaṃ jhānaṃ…pe… catutthaṃ jhānaṃ…pe… paṭhamaṃ jhānaṃ…pe… pañcamaṃ jhānaṃ upasampajja viharati dukkhapaṭipadaṃ dandhābhiññaṃ…pe… dukkhapaṭipadaṃ khippābhiññaṃ …pe… sukhapaṭipadaṃ dandhābhiññaṃ…pe… sukhapaṭipadaṃ khippābhiññaṃ, tasmiṃ samaye phasso hoti…pe… avikkhepo hoti…pe… ime dhammā kusalā.
Catasso paṭipadā.",-,
1-211,"211. Katame dhammā kusalā? Yasmiṃ samaye rūpūpapattiyā maggaṃ bhāveti ajjhattaṃ arūpasaññī bahiddhā rūpāni passati parittāni, tāni abhibhuyya jānāmi passāmīti vivicceva kāmehi…pe… paṭhamaṃ jhānaṃ upasampajja viharati parittaṃ parittārammaṇaṃ, tasmiṃ samaye phasso hoti…pe… avikkhepo hoti…pe… ime dhammā kusalā.","Repeat, substituting for “earth-gazing” the Mastery-formula, § 181 , where the Jhāna “is limited, and has a limited object of thought”, and § 183 , where the Jhāna “is capable of infinite extension, but has a limited object of thought”.
(e) = (c) and (d) The Eightfold Combination ( aṭṭhakkhattukaṃ )",
1-212,"212. Katame dhammā kusalā? Yasmiṃ samaye rūpūpapattiyā maggaṃ bhāveti ajjhattaṃ arūpasaññī bahiddhā rūpāni passati parittāni, tāni abhibhuyya jānāmi passāmīti vivicceva kāmehi…pe… paṭhamaṃ jhānaṃ upasampajja viharati appamāṇaṃ parittārammaṇaṃ, tasmiṃ samaye phasso hoti…pe… avikkhepo hoti…pe… ime dhammā kusalā.",-,
1-213,"213. Katame dhammā kusalā? Yasmiṃ samaye rūpūpapattiyā maggaṃ bhāveti ajjhattaṃ arūpasaññī bahiddhā rūpāni passati parittāni, tāni abhibhuyya jānāmi passāmīti vitakkavicārānaṃ vūpasamā…pe… dutiyaṃ jhānaṃ…pe… tatiyaṃ jhānaṃ…pe… catutthaṃ jhānaṃ…pe… paṭhamaṃ jhānaṃ…pe… pañcamaṃ jhānaṃ upasampajja viharati parittaṃ parittārammaṇaṃ…pe… appamāṇaṃ parittārammaṇaṃ, tasmiṃ samaye phasso hoti…pe… avikkhepo hoti…pe… ime dhammā kusalā.
Dve ārammaṇāni.",-,
1-214,"214. Katame dhammā kusalā? Yasmiṃ samaye rūpūpapattiyā maggaṃ bhāveti ajjhattaṃ arūpasaññī bahiddhā rūpāni passati parittāni, tāni abhibhuyya jānāmi passāmīti vivicceva kāmehi…pe… paṭhamaṃ jhānaṃ upasampajja viharati dukkhapaṭipadaṃ dandhābhiññaṃ parittaṃ parittārammaṇaṃ, tasmiṃ samaye phasso hoti…pe… avikkhepo hoti…pe… ime dhammā kusalā.","Repeat, with the same substitution, §§ 186 , 188 , 190 , 192 , 194 , 196 , 198 and 200 of the Sixteenfold Combination.",
1-215,"215. Katame dhammā kusalā? Yasmiṃ samaye rūpūpapattiyā maggaṃ bhāveti ajjhattaṃ arūpasaññī bahiddhā rūpāni passati parittāni, tāni abhibhuyya jānāmi passāmīti vivicceva kāmehi…pe… paṭhamaṃ jhānaṃ upasampajja viharati dukkhapaṭipadaṃ dandhābhiññaṃ appamāṇaṃ parittārammaṇaṃ, tasmiṃ samaye phasso hoti…pe… avikkhepo hoti…pe… ime dhammā kusalā.",-,
1-216,"216. Katame dhammā kusalā? Yasmiṃ samaye rūpūpapattiyā maggaṃ bhāveti ajjhattaṃ arūpasaññī bahiddhā rūpāni passati parittāni, tāni abhibhuyya jānāmi passāmīti vivicceva kāmehi…pe… paṭhamaṃ jhānaṃ upasampajja viharati dukkhapaṭipadaṃ khippābhiññaṃ parittaṃ parittārammaṇaṃ, tasmiṃ samaye phasso hoti…pe… avikkhepo hoti…pe… ime dhammā kusalā.",-,
1-217,"217. Katame dhammā kusalā? Yasmiṃ samaye rūpūpapattiyā maggaṃ bhāveti ajjhattaṃ arūpasaññī bahiddhā rūpāni passati parittāni, tāni abhibhuyya jānāmi passāmīti vivicceva kāmehi…pe… paṭhamaṃ jhānaṃ upasampajja viharati dukkhapaṭipadaṃ khippābhiññaṃ appamāṇaṃ parittārammaṇaṃ, tasmiṃ samaye phasso hoti…pe… avikkhepo hoti…pe… ime dhammā kusalā.",-,
1-218,"218. Katame dhammā kusalā? Yasmiṃ samaye rūpūpapattiyā maggaṃ bhāveti ajjhattaṃ arūpasaññī bahiddhā rūpāni passati parittāni, tāni abhibhuyya jānāmi passāmīti vivicceva kāmehi…pe… paṭhamaṃ jhānaṃ upasampajja viharati sukhapaṭipadaṃ dandhābhiññaṃ parittaṃ parittārammaṇaṃ, tasmiṃ samaye phasso hoti…pe… avikkhepo hoti…pe… ime dhammā kusalā.",-,
1-219,"219. Katame dhammā kusalā? Yasmiṃ samaye rūpūpapattiyā maggaṃ bhāveti ajjhattaṃ arūpasaññī bahiddhā rūpāni passati parittāni, tāni abhibhuyya jānāmi passāmīti vivicceva kāmehi…pe… paṭhamaṃ jhānaṃ upasampajja viharati sukhapaṭipadaṃ dandhābhiññaṃ appamāṇaṃ parittārammaṇaṃ, tasmiṃ samaye phasso hoti…pe… avikkhepo hoti…pe… ime dhammā kusalā.",-,
1-220,"220. Katame dhammā kusalā? Yasmiṃ samaye rūpūpapattiyā maggaṃ bhāveti ajjhattaṃ arūpasaññī bahiddhā rūpāni passati parittāni, tāni abhibhuyya jānāmi passāmīti vivicceva kāmehi…pe… paṭhamaṃ jhānaṃ upasampajja viharati sukhapaṭipadaṃ khippābhiññaṃ parittaṃ parittārammaṇaṃ, tasmiṃ samaye phasso hoti…pe… avikkhepo hoti…pe… ime dhammā kusalā.",-,
1-221,"221. Katame dhammā kusalā? Yasmiṃ samaye rūpūpapattiyā maggaṃ bhāveti ajjhattaṃ arūpasaññī bahiddhā rūpāni passati parittāni, tāni abhibhuyya jānāmi passāmīti vivicceva kāmehi…pe… paṭhamaṃ jhānaṃ upasampajja viharati sukhapaṭipadaṃ khippābhiññaṃ appamāṇaṃ parittārammaṇaṃ, tasmiṃ samaye phasso hoti…pe… avikkhepo hoti…pe… ime dhammā kusalā.",-,
1-222,"222. Katame dhammā kusalā? Yasmiṃ samaye rūpūpapattiyā maggaṃ bhāveti ajjhattaṃ arūpasaññī bahiddhā rūpāni passati parittāni, tāni abhibhuyya jānāmi passāmīti vitakkavicārānaṃ vūpasamā…pe… dutiyaṃ jhānaṃ…pe… tatiyaṃ jhānaṃ…pe… catutthaṃ jhānaṃ…pe… paṭhamaṃ jhānaṃ…pe… pañcamaṃ jhānaṃ upasampajja viharati dukkhapaṭipadaṃ dandhābhiññaṃ parittaṃ parittārammaṇaṃ…pe… dukkhapaṭipadaṃ dandhābhiññaṃ appamāṇaṃ parittārammaṇaṃ…pe… dukkhapaṭipadaṃ khippābhiññaṃ parittaṃ parittārammaṇaṃ…pe… dukkhapaṭipadaṃ khippābhiññaṃ appamāṇaṃ parittārammaṇaṃ…pe… sukhapaṭipadaṃ dandhābhiññaṃ parittaṃ parittārammaṇaṃ…pe… sukhapaṭipadaṃ dandhābhiññaṃ appamāṇaṃ parittārammaṇaṃ…pe… sukhapaṭipadaṃ khippābhiññaṃ parittaṃ parittārammaṇaṃ…pe… sukhapaṭipadaṃ khippābhiññaṃ appamāṇaṃ parittārammaṇaṃ, tasmiṃ samaye phasso hoti…pe… avikkhepo hoti…pe… ime dhammā kusalā.
Aṭṭhakkhattukaṃ.","Repeat these eight combinations in the case of each of the remaining Jhānas.
2. “Forms as Limited and as Beautiful or Ugly” ( rūpāni parittāni suvaṇṇa-dubbaṇṇāni )
(a) and (b)",
1-223,"223. Katame dhammā kusalā? Yasmiṃ samaye rūpūpapattiyā maggaṃ bhāveti ajjhattaṃ arūpasaññī bahiddhā rūpāni passati parittāni suvaṇṇadubbaṇṇāni, tāni abhibhuyya jānāmi passāmīti vivicceva kāmehi…pe… paṭhamaṃ jhānaṃ upasampajja viharati, tasmiṃ samaye phasso hoti…pe… avikkhepo hoti…pe… ime dhammā kusalā.","Which are the states that are good?
When, that he may attain to the heavens of Form, he cultivates the way thereto, and, unconscious of any part of his corporeal self, but seeing external objects to be limited, and to be beautiful or ugly, gets the mastery over them with the thought, “I know, I see!” and so, aloof from sensuous desires, aloof from evil ideas, enters into and abides in the First Jhāna, etc. … then the contact, etc., that arises—these … are states that are good.",
1-224,"224. Katame dhammā kusalā? Yasmiṃ samaye rūpūpapattiyā maggaṃ bhāveti ajjhattaṃ arūpasaññī bahiddhā rūpāni passati parittāni suvaṇṇadubbaṇṇāni , tāni abhibhuyya jānāmi passāmīti vitakkavicārānaṃ vūpasamā…pe… dutiyaṃ jhānaṃ…pe… tatiyaṃ jhānaṃ…pe… catutthaṃ jhānaṃ…pe… paṭhamaṃ jhānaṃ…pe… pañcamaṃ jhānaṃ upasampajja viharati, tasmiṃ samaye phasso hoti…pe… avikkhepo hoti…pe… ime dhammā kusalā.
Idampi aṭṭhakkhattukaṃ.","Repeat in the case of each of the remaining Jhānas.
Develop in eightfold combination.
3. “Forms as Infinite” ( rūpāni appamāṇāni )
(a) and (b)",
1-225,"225. Katame dhammā kusalā? Yasmiṃ samaye rūpūpapattiyā maggaṃ bhāveti ajjhattaṃ arūpasaññī bahiddhā rūpāni passati appamāṇāni, tāni abhibhuyya jānāmi passāmīti vivicceva kāmehi…pe… paṭhamaṃ jhānaṃ upasampajja viharati, tasmiṃ samaye phasso hoti…pe… avikkhepo hoti…pe… ime dhammā kusalā.","Which are the states that are good?
When, that he may attain to the heavens of Form, he cultivates the way thereto, and, unconscious of any part of his corporeal self, but seeing external objects to be infinite, gets the mastery over them with the thought, “I know, I see!” and so, aloof from sensuous desires, etc.
[Continue as in § 204 .]",
1-226,"226. Katame dhammā kusalā? Yasmiṃ samaye rūpūpapattiyā maggaṃ bhāveti ajjhattaṃ arūpasaññī bahiddhā rūpāni passati appamāṇāni, tāni abhibhuyya jānāmi passāmīti vitakkavicārānaṃ vūpasamā…pe… dutiyaṃ jhānaṃ…pe… tatiyaṃ jhānaṃ…pe… catutthaṃ jhānaṃ…pe… paṭhamaṃ jhānaṃ…pe… pañcamaṃ jhānaṃ upasampajja viharati, tasmiṃ samaye phasso hoti…pe… avikkhepo hoti…pe… ime dhammā kusalā.","Repeat in the case of each of the remaining Jhānas.
(c) The Four Modes of Progress",
1-227,"227. Katame dhammā kusalā? Yasmiṃ samaye rūpūpapattiyā maggaṃ bhāveti ajjhattaṃ arūpasaññī bahiddhā rūpāni passati appamāṇāni, tāni abhibhuyya jānāmi passāmīti vivicceva kāmehi…pe… paṭhamaṃ jhānaṃ upasampajja viharati dukkhapaṭipadaṃ dandhābhiññaṃ, tasmiṃ samaye phasso hoti…pe… avikkhepo hoti…pe… ime dhammā kusalā.","Repeat §§ 206 – 210 , substituting “infinite” for “limited”.
(d) The Two Objects of Thought",
1-228,"228. Katame dhammā kusalā? Yasmiṃ samaye rūpūpapattiyā maggaṃ bhāveti ajjhattaṃ arūpasaññī bahiddhā rūpāni passati appamāṇāni, tāni abhibhuyya jānāmi passāmīti vivicceva kāmehi…pe… paṭhamaṃ jhānaṃ upasampajja viharati dukkhapaṭipadaṃ khippābhiññaṃ, tasmiṃ samaye phasso hoti…pe… avikkhepo hoti…pe… ime dhammā kusalā.",-,
1-229,"229. Katame dhammā kusalā? Yasmiṃ samaye rūpūpapattiyā maggaṃ bhāveti ajjhattaṃ arūpasaññī bahiddhā rūpāni passati appamāṇāni, tāni abhibhuyya jānāmi passāmīti vivicceva kāmehi…pe… paṭhamaṃ jhānaṃ upasampajja viharati sukhapaṭipadaṃ dandhābhiññaṃ, tasmiṃ samaye phasso hoti…pe… avikkhepo hoti…pe… ime dhammā kusalā.",-,
1-230,"230. Katame dhammā kusalā? Yasmiṃ samaye rūpūpapattiyā maggaṃ bhāveti ajjhattaṃ arūpasaññī bahiddhā rūpāni passati appamāṇāni, tāni abhibhuyya jānāmi passāmīti vivicceva kāmehi…pe… paṭhamaṃ jhānaṃ upasampajja viharati sukhapaṭipadaṃ khippābhiññaṃ, tasmiṃ samaye phasso hoti…pe… avikkhepo hoti…pe… ime dhammā kusalā.",-,
1-231,"231. Katame dhammā kusalā? Yasmiṃ samaye rūpūpapattiyā maggaṃ bhāveti ajjhattaṃ arūpasaññī bahiddhā rūpāni passati appamāṇāni, tāni abhibhuyya jānāmi passāmīti vitakkavicārānaṃ vūpasamā…pe… dutiyaṃ jhānaṃ…pe… tatiyaṃ jhānaṃ…pe… catutthaṃ jhānaṃ…pe… paṭhamaṃ jhānaṃ…pe… pañcamaṃ jhānaṃ upasampajja viharati dukkhapaṭipadaṃ dandhābhiññaṃ…pe… dukkhapaṭipadaṃ khippābhiññaṃ…pe… sukhapaṭipadaṃ dandhābhiññaṃ…pe… sukhapaṭipadaṃ khippābhiññaṃ, tasmiṃ samaye phasso hoti…pe… avikkhepo hoti…pe… ime dhammā kusalā.
Catasso paṭipadā.",-,
1-232,"232. Katame dhammā kusalā? Yasmiṃ samaye rūpūpapattiyā maggaṃ bhāveti ajjhattaṃ arūpasaññī bahiddhā rūpāni passati appamāṇāni, tāni abhibhuyya jānāmi passāmīti vivicceva kāmehi…pe… paṭhamaṃ jhānaṃ upasampajja viharati parittaṃ appamāṇārammaṇaṃ, tasmiṃ samaye phasso hoti…pe… avikkhepo hoti…pe… ime dhammā kusalā.","Repeat, with the same substitution as in (c), §§ 211 – 213 .
(e) = (c) and (d) The Eightfold Combination",
1-233,"233. Katame dhammā kusalā? Yasmiṃ samaye rūpūpapattiyā maggaṃ bhāveti ajjhattaṃ arūpasaññī bahiddhā rūpāni passati appamāṇāni, tāni abhibhuyya jānāmi passāmīti vivicceva kāmehi…pe… paṭhamaṃ jhānaṃ upasampajja viharati appamāṇaṃ appamāṇārammaṇaṃ, tasmiṃ samaye phasso hoti…pe… avikkhepo hoti…pe… ime dhammā kusalā.",-,
1-234,"234. Katame dhammā kusalā? Yasmiṃ samaye rūpūpapattiyā maggaṃ bhāveti ajjhattaṃ arūpasaññī bahiddhā rūpāni passati appamāṇāni, tāni abhibhuyya jānāmi passāmīti vitakkavicārānaṃ vūpasamā…pe… dutiyaṃ jhānaṃ…pe… tatiyaṃ jhānaṃ…pe… catutthaṃ jhānaṃ…pe… paṭhamaṃ jhānaṃ…pe… pañcamaṃ jhānaṃ upasampajja viharati parittaṃ appamāṇārammaṇaṃ…pe… appamāṇaṃ appamāṇārammaṇaṃ, tasmiṃ samaye phasso hoti…pe… avikkhepo hoti…pe… ime dhammā kusalā.
Dve ārammaṇāni.",-,
1-235,"235. Katame dhammā kusalā? Yasmiṃ samaye rūpūpapattiyā maggaṃ bhāveti ajjhattaṃ arūpasaññī bahiddhā rūpāni passati appamāṇāni, tāni abhibhuyya jānāmi passāmīti vivicceva kāmehi…pe… paṭhamaṃ jhānaṃ upasampajja viharati dukkhapaṭipadaṃ dandhābhiññaṃ parittaṃ appamāṇārammaṇaṃ, tasmiṃ samaye phasso hoti…pe… avikkhepo hoti…pe… ime dhammā kusalā.","Develop, with the same substitution as in (c) and (d),after the manner of §§ 187 , 189 , and so on to § 201 .",
1-236,"236. Katame dhammā kusalā? Yasmiṃ samaye rūpūpapattiyā maggaṃ bhāveti ajjhattaṃ arūpasaññī bahiddhā rūpāni passati appamāṇāni, tāni abhibhuyya jānāmi passāmīti vivicceva kāmehi…pe… paṭhamaṃ jhānaṃ upasampajja viharati dukkhapaṭipadaṃ dandhābhiññaṃ appamāṇaṃ appamāṇārammaṇaṃ, tasmiṃ samaye phasso hoti…pe… avikkhepo hoti…pe… ime dhammā kusalā.",-,
1-237,"237. Katame dhammā kusalā? Yasmiṃ samaye rūpūpapattiyā maggaṃ bhāveti ajjhattaṃ arūpasaññī bahiddhā rūpāni passati appamāṇāni, tāni abhibhuyya jānāmi passāmīti vivicceva kāmehi…pe… paṭhamaṃ jhānaṃ upasampajja viharati dukkhapaṭipadaṃ khippābhiññaṃ parittaṃ appamāṇārammaṇaṃ, tasmiṃ samaye phasso hoti…pe… avikkhepo hoti…pe… ime dhammā kusalā.",-,
1-238,"238. Katame dhammā kusalā? Yasmiṃ samaye rūpūpapattiyā maggaṃ bhāveti ajjhattaṃ arūpasaññī bahiddhā rūpāni passati appamāṇāni, tāni abhibhuyya jānāmi passāmīti vivicceva kāmehi…pe… paṭhamaṃ jhānaṃ upasampajja viharati dukkhapaṭipadaṃ khippābhiññaṃ appamāṇaṃ appamāṇārammaṇaṃ, tasmiṃ samaye phasso hoti…pe… avikkhepo hoti…pe… ime dhammā kusalā.",-,
1-239,"239. Katame dhammā kusalā? Yasmiṃ samaye rūpūpapattiyā maggaṃ bhāveti ajjhattaṃ arūpasaññī bahiddhā rūpāni passati appamāṇāni, tāni abhibhuyya jānāmi passāmīti vivicceva kāmehi…pe… paṭhamaṃ jhānaṃ upasampajja viharati sukhapaṭipadaṃ dandhābhiññaṃ parittaṃ appamāṇārammaṇaṃ, tasmiṃ samaye phasso hoti…pe… avikkhepo hoti…pe… ime dhammā kusalā.",-,
1-240,"240. Katame dhammā kusalā? Yasmiṃ samaye rūpūpapattiyā maggaṃ bhāveti ajjhattaṃ arūpasaññī bahiddhā rūpāni passati appamāṇāni, tāni abhibhuyya jānāmi passāmīti vivicceva kāmehi…pe… paṭhamaṃ jhānaṃ upasampajja viharati sukhapaṭipadaṃ dandhābhiññaṃ appamāṇaṃ appamāṇārammaṇaṃ, tasmiṃ samaye phasso hoti…pe… avikkhepo hoti…pe… ime dhammā kusalā.",-,
1-241,"241. Katame dhammā kusalā? Yasmiṃ samaye rūpūpapattiyā maggaṃ bhāveti ajjhattaṃ arūpasaññī bahiddhā rūpāni passati appamāṇāni, tāni abhibhuyya jānāmi passāmīti vivicceva kāmehi…pe… paṭhamaṃ jhānaṃ upasampajja viharati sukhapaṭipadaṃ khippābhiññaṃ parittaṃ appamāṇārammaṇaṃ, tasmiṃ samaye phasso hoti…pe… avikkhepo hoti…pe… ime dhammā kusalā.",-,
1-242,"242. Katame dhammā kusalā? Yasmiṃ samaye rūpūpapattiyā maggaṃ bhāveti ajjhattaṃ arūpasaññī bahiddhā rūpāni passati appamāṇāni, tāni abhibhuyya jānāmi passāmīti vivicceva kāmehi…pe… paṭhamaṃ jhānaṃ upasampajja viharati sukhapaṭipadaṃ khippābhiññaṃ appamāṇaṃ appamāṇārammaṇaṃ, tasmiṃ samaye phasso hoti…pe… avikkhepo hoti…pe… ime dhammā kusalā.",-,
1-243,"243. Katame dhammā kusalā? Yasmiṃ samaye rūpūpapattiyā maggaṃ bhāveti ajjhattaṃ arūpasaññī bahiddhā rūpāni passati appamāṇāni, tāni abhibhuyya jānāmi passāmīti vitakkavicārānaṃ vūpasamā…pe… dutiyaṃ jhānaṃ…pe… tatiyaṃ jhānaṃ…pe… catutthaṃ jhānaṃ…pe… paṭhamaṃ jhānaṃ…pe… pañcamaṃ jhānaṃ upasampajja viharati dukkhapaṭipadaṃ dandhābhiññaṃ parittaṃ appamāṇārammaṇaṃ…pe… dukkhapaṭipadaṃ dandhābhiññaṃ appamāṇaṃ appamāṇārammaṇaṃ…pe… dukkhapaṭipadaṃ khippābhiññaṃ parittaṃ appamāṇārammaṇaṃ…pe… dukkhapaṭipadaṃ khippābhiññaṃ appamāṇaṃ appamāṇārammaṇaṃ…pe… sukhapaṭipadaṃ dandhābhiññaṃ parittaṃ appamāṇārammaṇaṃ…pe… sukhapaṭipadaṃ dandhābhiññaṃ appamāṇaṃ appamāṇārammaṇaṃ…pe… sukhapaṭipadaṃ khippābhiññaṃ parittaṃ appamāṇārammaṇaṃ…pe… sukhapaṭipadaṃ khippābhiññaṃ appamāṇaṃ appamāṇārammaṇaṃ , tasmiṃ samaye phasso hoti…pe… avikkhepo hoti…pe… ime dhammā kusalā.
Aparampi aṭṭhakkhattukaṃ.","Repeat these eight combinations in the case of each of the remaining Jhānas.
4. “Forms as Infinite and as Beautiful or Ugly” ( rūpāni appamāṇāni suvaṇṇa-dubbaṇṇāni )
(a) and (b)",
1-244,"244. Katame dhammā kusalā? Yasmiṃ samaye rūpūpapattiyā maggaṃ bhāveti ajjhattaṃ arūpasaññī bahiddhā rūpāni passati appamāṇāni suvaṇṇadubbaṇṇāni, tāni abhibhuyya jānāmi passāmīti vivicceva kāmehi…pe… paṭhamaṃ jhānaṃ upasampajja viharati, tasmiṃ samaye phasso hoti…pe… avikkhepo hoti…pe… ime dhammā kusalā.","Repeat § 223 , substituting “infinite” for “limited”.",
1-245,"245. Katame dhammā kusalā? Yasmiṃ samaye rūpūpapattiyā maggaṃ bhāveti ajjhattaṃ arūpasaññī bahiddhā rūpāni passati appamāṇāni suvaṇṇadubbaṇṇāni, tāni abhibhuyya jānāmi passāmīti vitakkavicārānaṃ vūpasamā…pe… dutiyaṃ jhānaṃ…pe… tatiyaṃ jhānaṃ…pe… catutthaṃ jhānaṃ…pe… paṭhamaṃ jhānaṃ…pe… pañcamaṃ jhānaṃ upasampajja viharati, tasmiṃ samaye phasso hoti…pe… avikkhepo hoti…pe… ime dhammā kusalā.
Idampi aṭṭhakkhattukaṃ.","Repeat in the case of each of the remaining Jhānas.
Develop in eightfold combination.
5. “Forms as Indigo”, etc. ( rūpāni nīlāni )
(a)",
1-246,"246. Katame dhammā kusalā? Yasmiṃ samaye rūpūpapattiyā maggaṃ bhāveti ajjhattaṃ arūpasaññī bahiddhā rūpāni passati nīlāni nīlavaṇṇāni nīlanidassanāni nīlanibhāsāni, tāni abhibhuyya jānāmi passāmīti vivicceva kāmehi…pe… paṭhamaṃ jhānaṃ upasampajja viharati , tasmiṃ samaye phasso hoti…pe… avikkhepo hoti…pe… ime dhammā kusalā.","Which are the states that are good?
When, that he may attain to the heavens of Form, he cultivates the way thereto, and, unconscious of any part of his corporeal self, but seeing external objects which are indigo, indigo in colour, indigo in visible expanse, indigo in luminousness, gets the mastery over them with the thought, “I know, I see!” and so, aloof from sensuous desires, etc.
[Continue as in § 204 .]
6–8. “Forms as yellow”, etc. ( rūpāni pītāni )",
1-247,"247. Katame dhammā kusalā? Yasmiṃ samaye rūpūpapattiyā maggaṃ bhāveti ajjhattaṃ arūpasaññī bahiddhā rūpāni passati pītāni pītavaṇṇāni pītanidassanāni pītanibhāsāni…pe… lohitakāni lohitakavaṇṇāni lohitakanidassanāni lohitakanibhāsāni…pe… odātāni odātavaṇṇāni odātanidassanāni odātanibhāsāni, tāni abhibhuyya jānāmi passāmīti vivicceva kāmehi…pe… paṭhamaṃ jhānaṃ upasampajja viharati, tasmiṃ samaye phasso hoti…pe… avikkhepo hoti…pe… ime dhammā kusalā.
Imānipi abhibhāyatanāni soḷasakkhattukāni.","Repeat, § 246 substituting for “indigo, indigo in colour”, etc., “yellow”, “red”, and “white” successively.
Develop these Stations of Mastery in the Sixteenfold Combination.
3. The Three First Deliverances ( tīṇi vimokkhāni )
1. The First Deliverance",
1-248,"248. Katame dhammā kusalā? Yasmiṃ samaye rūpūpapattiyā maggaṃ bhāveti rūpī rūpāni passati vivicceva kāmehi…pe… paṭhamaṃ jhānaṃ upasampajja viharati, tasmiṃ samaye phasso hoti…pe… avikkhepo hoti…pe… ime dhammā kusalā.","When, that he may attain to the heavens of Form, he cultivates the way thereto, and, conscious of his bodily form, sees bodily forms, and so, aloof from sensuous desires, aloof from evil ideas, enters into and abides in the First Jhāna, etc. … then the contact, etc., which arises, these … are states that are good.
2. The Second Deliverance",
1-249,"249. Katame dhammā kusalā? Yasmiṃ samaye rūpūpapattiyā maggaṃ bhāveti ajjhattaṃ arūpasaññī bahiddhā rūpāni passati vivicceva kāmehi…pe… paṭhamaṃ jhānaṃ upasampajja viharati, tasmiṃ samaye phasso hoti…pe… avikkhepo hoti…pe… ime dhammā kusalā.","When, that he may attain to the heavens of Form, he cultivates the way thereto, and, unconscious of his corporeal self, sees external bodily forms, and so, aloof from sensuous desires, etc.
[Continue as in preceding section.]
3. The Third Deliverance",
1-250,"250. Katame dhammā kusalā? Yasmiṃ samaye rūpūpapattiyā maggaṃ bhāveti subhanti vivicceva kāmehi…pe… paṭhamaṃ jhānaṃ upasampajja viharati, tasmiṃ samaye phasso hoti…pe… avikkhepo hoti…pe… ime dhammā kusalā.
Imānipi tīṇi vimokkhāni soḷasakkhattukāni.","When, that he may attain to the heavens of Form, he cultivates the way thereto, and, with the thought, “How fair it is!” aloof from sensuous desires, etc.
[Continue as in the first Deliverance.]
These three Deliverances may also be developed in Sixteenfold Combination.
4. The Four Jhānas of the Divine States ( cattāri brahmavihārajhānāni )
1. Love ( mettā )
(a) Fourfold Jhāna",
1-251,"251. Katame dhammā kusalā? Yasmiṃ samaye rūpūpapattiyā maggaṃ bhāveti vivicceva kāmehi…pe… paṭhamaṃ jhānaṃ upasampajja viharati mettāsahagataṃ, tasmiṃ samaye phasso hoti…pe… avikkhepo hoti…pe… ime dhammā kusalā.","Which are the states that are good?
When, that he may attain to the heavens of Form, he cultivates the way [thereto], and so, aloof from sensuous desires, aloof from evil ideas, enters into and abides in the First Jhāna (the first rapt meditation), wherein conception works and thought discursive, which is born of solitude, is full of joy and ease, and is accompanied by Love—then the contact, etc. … [? continue as in § 1 ] … the balance that arises—these … are states that are good.",
1-252,"252. Katame dhammā kusalā? Yasmiṃ samaye rūpūpapattiyā maggaṃ bhāveti vitakkavicārānaṃ vūpasamā…pe… dutiyaṃ jhānaṃ upasampajja viharati mettāsahagataṃ, tasmiṃ samaye phasso hoti…pe… avikkhepo hoti…pe… ime dhammā kusalā.","Which are the states that are good?
When, that he may attain to the heavens of Form, he cultivates the way thereto, suppressing the working of conception and of thought discursive, and so, by earth-gazing, enters into and abides in the Second Jhāna (the second rapt meditation), which is self-evolved, born of concentration, is full of joy and ease, in that, set free … the mind grows calm and sure, dwelling on high—and which is accompanied by Love—then the contact, etc.
[Continue as in the foregoing.]",
1-253,"253. Katame dhammā kusalā? Yasmiṃ samaye rūpūpapattiyā maggaṃ bhāveti pītiyā ca virāgā…pe… tatiyaṃ jhānaṃ upasampajja viharati mettāsahagataṃ, tasmiṃ samaye phasso hoti…pe… avikkhepo hoti…pe… ime dhammā kusalā.","Which are the states that are good?
When, that he may attain to the heavens of Form, he cultivates the way [thereto], and further, through the waning of all passion for zest, holds himself indifferent, the while mindful and self-aware, he experiences in his sense-consciousness that ease whereof the Noble Ones declare: “He that is unbiassed and watchful dwelleth at ease”—and so, by earth-gazing, enters into and abides in the Third Jhāna, which is accompanied by Love—then, etc.
[Continue as in the foregoing.]
(b) Fivefold Jhāna",
1-254,"254. Katame dhammā kusalā? Yasmiṃ samaye rūpūpapattiyā maggaṃ bhāveti vivicceva kāmehi…pe… paṭhamaṃ jhānaṃ upasampajja viharati mettāsahagataṃ, tasmiṃ samaye phasso hoti…pe… avikkhepo hoti…pe… ime dhammā kusalā.","Repeat question and answers in §§ 167 , 168 , 170 , 172 , adding in each answer, as in the foregoing section, “and which is accompanied by Love”.
2. Pity ( karūṇā )",
1-255,"255. Katame dhammā kusalā? Yasmiṃ samaye rūpūpapattiyā maggaṃ bhāveti avitakkaṃ vicāramattaṃ samādhijaṃ pītisukhaṃ dutiyaṃ jhānaṃ upasampajja viharati mettāsahagataṃ, tasmiṃ samaye phasso hoti…pe… avikkhepo hoti…pe… ime dhammā kusalā.",-,
1-256,"256. Katame dhammā kusalā? Yasmiṃ samaye rūpūpapattiyā maggaṃ bhāveti vitakkavicārānaṃ vūpasamā…pe… tatiyaṃ jhānaṃ upasampajja viharati mettāsahagataṃ, tasmiṃ samaye phasso hoti…pe… avikkhepo hoti…pe… ime dhammā kusalā.",-,
1-257,"257. Katame dhammā kusalā? Yasmiṃ samaye rūpūpapattiyā maggaṃ bhāveti pītiyā ca virāgā…pe… catutthaṃ jhānaṃ upasampajja viharati mettāsahagataṃ, tasmiṃ samaye phasso hoti…pe… avikkhepo hoti…pe… ime dhammā kusalā.",-,
1-258,"258. Katame dhammā kusalā? Yasmiṃ samaye rūpūpapattiyā maggaṃ bhāveti vivicceva kāmehi…pe… paṭhamaṃ jhānaṃ upasampajja viharati karuṇāsahagataṃ, tasmiṃ samaye phasso hoti…pe… avikkhepo hoti…pe… ime dhammā kusalā.","Repeat question and answers in the preceding sections (a) and (b), but substituting in each case “and which is accompanied by Pity” for the clause on Love.
3. Sympathy ( muditā )",
1-259,"259. Katame dhammā kusalā? Yasmiṃ samaye rūpūpapattiyā maggaṃ bhāveti vitakkavicārānaṃ vūpasamā…pe… dutiyaṃ jhānaṃ…pe… tatiyaṃ jhānaṃ…pe… paṭhamaṃ jhānaṃ…pe… catutthaṃ jhānaṃ upasampajja viharati karuṇāsahagataṃ, tasmiṃ samaye phasso hoti…pe… avikkhepo hoti…pe… ime dhammā kusalā.",-,
1-260,"260. Katame dhammā kusalā? Yasmiṃ samaye rūpūpapattiyā maggaṃ bhāveti vivicceva kāmehi…pe… paṭhamaṃ jhānaṃ upasampajja viharati muditāsahagataṃ, tasmiṃ samaye phasso hoti…pe… avikkhepo hoti…pe… ime dhammā kusalā.","Repeat question and answers in the preceding two sections, but substituting in each case “and which is accompanied by Sympathy” for the clause on Pity.
4. Equanimity ( upekkhā )",
1-261,"261. Katame dhammā kusalā? Yasmiṃ samaye rūpūpapattiyā maggaṃ bhāveti vitakkavicārānaṃ vūpasamā…pe… dutiyaṃ jhānaṃ…pe… tatiyaṃ jhānaṃ…pe… paṭhamaṃ jhānaṃ…pe… catutthaṃ jhānaṃ upasampajja viharati muditāsahagataṃ, tasmiṃ samaye phasso hoti…pe… avikkhepo hoti…pe… ime dhammā kusalā.",-,
1-262,"262. Katame dhammā kusalā? Yasmiṃ samaye rūpūpapattiyā maggaṃ bhāveti sukhassa ca pahānā…pe… catutthaṃ jhānaṃ upasampajja viharati upekkhāsahagataṃ, tasmiṃ samaye phasso hoti…pe… avikkhepo hoti…pe… ime dhammā kusalā.
Cattāri brahmavihārajhānāni [brahmavihārajjhānāni (sī. syā.)] soḷasakkhattukāni.","When, that he may attain to the heavens of Form, he cultivates the way thereto, and, by the putting away of ease and by the putting away of ill, by the passing away of the gladness and of the sorrow he was feeling, he thus, by earth-gazing, enters into and abides in the Fourth Jhāna (the fourth rapt meditation) of that utter purity of mind fullness which comes of equanimity, where no ease is felt nor any ill, and which is accompanied by Equanimity—then the contact, etc.
[Continue as in § 165 .]
The Four Jhānas of the Divine States may be developed in Sixteen Combinations.
5. The Jhāna of Foul Things ( asubha-jhānaṃ )",
1-263,"263. Katame dhammā kusalā? Yasmiṃ samaye rūpūpapattiyā maggaṃ bhāveti vivicceva kāmehi…pe… paṭhamaṃ jhānaṃ upasampajja viharati uddhumātakasaññāsahagataṃ, tasmiṃ samaye phasso hoti…pe… avikkhepo hoti…pe… ime dhammā kusalā.","Which are the states that are good?
When, that he may attain to the heavens of Form, he cultivates the way thereto, and so, aloof from sensuous desires, aloof from evil ideas, enters into and abides in the First Jhāna, wherein, etc. … and which is accompanied by the idea of a bloated corpse …
[or]",
1-264,"264. Katame dhammā kusalā? Yasmiṃ samaye rūpūpapattiyā maggaṃ bhāveti vivicceva kāmehi…pe… paṭhamaṃ jhānaṃ upasampajja viharati vinīlakasaññāsahagataṃ…pe… vipubbakasaññāsahagataṃ…pe… vicchiddakasaññāsahagataṃ…pe… vikkhāyitakasaññāsahagataṃ…pe… vikkhittakasaññāsahagataṃ…pe… hatavikkhittakasaññāsahagataṃ…pe… lohitakasaññāsahagataṃ…pe… puḷavakasaññāsahagataṃ [puḷuvakasaññāsahagataṃ (ka.)] …pe… aṭṭhikasaññāsahagataṃ, tasmiṃ samaye phasso hoti…pe… avikkhepo hoti…pe… ime dhammā kusalā.
Asubhajhānaṃ [asubhajjhānaṃ (sī. syā.)] soḷasakkhattukaṃ.
Rūpāvacarakusalaṃ.","of a discoloured corpse …
[or] of a festering corpse …
[or] of a corpse with cracked skin …
[or] of a corpse gnawn and mangled …
[or] of a corpse cut to pieces …
[or] of a corpse mutilated and cut in pieces …
[or] of a bloody corpse …
[or] of a corpse infested with worms …
[or] of a skeleton …
then the contact … the balance which arises—these … are states that are good.
The Jhāna of Foul Things may be developed in Sixteen Combinations.
[Here ends the Chapter on] Good in Relation to the Universe of Form.
A Buddhist Manual of Psychological Ethics , a rys_davids of the Dhammasaṅgaṇī, Compendium of States or Phenomena, by Caroline A.F. Rhys Davids and D. Litt., M.A. .
Published by the Pali Text Society in 1900 . Reprinted 1923, 1974, 1993, 2004.
Released by the Pali Text Society under Creative Commons Attribution-NonCommercial 3.0 licence (CC BY-NC 3.0) .
See also the statement under http://",
1-265,"265. Katame dhammā kusalā? Yasmiṃ samaye arūpūpapattiyā maggaṃ bhāveti sabbaso rūpasaññānaṃ samatikkamā paṭighasaññānaṃ atthaṅgamā nānattasaññānaṃ amanasikārā ākāsānañcāyatanasaññāsahagataṃ sukhassa ca pahānā…pe… catutthaṃ jhānaṃ upasampajja viharati upekkhāsahagataṃ, tasmiṃ samaye phasso hoti…pe… avikkhepo hoti…pe… ime dhammā kusalā.","Which are the states that are good?
When, that he may attain to the Formless heavens, he cultivates the way [thereto], and so, by passing wholly beyond all consciousness of form, by the dying out of the consciousness of sensory reaction, by turning the attention from any consciousness of the manifold, he enters into and abides in that rapt meditation which is accompanied by the consciousness of a sphere of unbounded space—even the Fourth Jhāna, to gain which all sense of ease has been put away, and all sense of ill has been put away, and there has been a dying out of the gladness and sorrow he was wont to feel—(the rapt meditation) which is imbued with indifference, and where no ease is felt nor any ill, but only the perfect purity that comes of mindfulness and indifference—then the contact, etc. … [cf. § 165 ] the balance that arises, these … are states that are good.
2. The Sphere of Infinite Consciousness ( viññāṇañcāyatanaṃ )",
1-266,"266. Katame dhammā kusalā? Yasmiṃ samaye arūpūpapattiyā maggaṃ bhāveti sabbaso ākāsānañcāyatanaṃ samatikkamma viññāṇañcāyatanasaññāsahagataṃ sukhassa ca pahānā…pe… catutthaṃ jhānaṃ upasampajja viharati upekkhāsahagataṃ, tasmiṃ samaye phasso hoti…pe… avikkhepo hoti…pe… ime dhammā kusalā.","Which are the states that are good?
When, that he may attain to the Formless heavens, he cultivates the way [thereto], and, having passed wholly beyond the sphere of boundless space, enters into and abides in that rapt meditation which is accompanied by the consciousness of a sphere of infinite consciousness—even the Fourth Jhāna, to gain which all sense of ease has been put away, etc.
[Continue as in previous section.]
3. The Sphere of Nothingness ( ākiñcaññāyatanaṃ )",
1-267,"267. Katame dhammā kusalā? Yasmiṃ samaye arūpūpapattiyā maggaṃ bhāveti sabbaso viññāṇañcāyatanaṃ samatikkamma ākiñcaññāyatanasaññāsahagataṃ sukhassa ca pahānā…pe… catutthaṃ jhānaṃ upasampajja viharati upekkhāsahagataṃ , tasmiṃ samaye phasso hoti…pe… avikkhepo hoti…pe… ime dhammā kusalā.","Which are the states that are good?
When, that he may attain to the Formless heavens, he cultivates the way thereto, and, having passed wholly beyond the sphere of infinite consciousness, enters into and abides in that rapt meditation which is accompanied by the consciousness of a sphere of nothingness—even the Fourth Jhāna, to gain which all sense of ease has been put away, etc.
[Continue as in § 265 .]
4. The Sphere of neither Perception nor Non-perception ( neva-saññā-nāsaññāyatanaṃ )",
1-268,"268. Katame dhammā kusalā? Yasmiṃ samaye arūpūpapattiyā maggaṃ bhāveti sabbaso ākiñcaññāyatanaṃ samatikkamma nevasaññānāsaññāyatanasaññāsahagataṃ sukhassa ca pahānā…pe… catutthaṃ jhānaṃ upasampajja viharati upekkhāsahagataṃ, tasmiṃ samaye phasso hoti…pe… avikkhepo hoti…pe… ime dhammā kusalā.
Cattāri arūpajhānāni soḷasakkhattukāni.
Arūpāvacarakusalaṃ.","Which are the states that are good?
When, that he may attain to the Formless heavens, he cultivates the way thereto, and, having passed wholly beyond the sphere of nothingness, enters into and abides in that rapt meditation which is accompanied by the consciousness of a sphere where there is neither perception nor non-perception—even the Fourth Jhāna, to gain which all sense of ease must have been put away, etc.
[Continue as in § 265 .]
The Four Jhānas connected with Formless Existence may be developed in sixteen combinations.
A Buddhist Manual of Psychological Ethics , a rys_davids of the Dhammasaṅgaṇī, Compendium of States or Phenomena, by Caroline A.F. Rhys Davids and D. Litt., M.A. .
Published by the Pali Text Society in 1900 . Reprinted 1923, 1974, 1993, 2004.
Released by the Pali Text Society under Creative Commons Attribution-NonCommercial 3.0 licence (CC BY-NC 3.0) .
See also the statement under http://",
1-269,"269. Katame dhammā kusalā? Yasmiṃ samaye kāmāvacaraṃ kusalaṃ cittaṃ uppannaṃ hoti somanassasahagataṃ ñāṇasampayuttaṃ hīnaṃ…pe… majjhimaṃ…pe… paṇītaṃ…pe… chandādhipateyyaṃ…pe… vīriyādhipateyyaṃ…pe… cittādhipateyyaṃ…pe… vīmaṃsādhipateyyaṃ…pe… chandādhipateyyaṃ hīnaṃ…pe… majjhimaṃ…pe… paṇītaṃ…pe… vīriyādhipateyyaṃ hīnaṃ…pe… majjhimaṃ…pe… paṇītaṃ…pe… cittādhipateyyaṃ hīnaṃ…pe… majjhimaṃ…pe… paṇītaṃ…pe… vīmaṃsādhipateyyaṃ hīnaṃ…pe… majjhimaṃ…pe… paṇītaṃ, tasmiṃ samaye phasso hoti…pe… avikkhepo hoti…pe… ime dhammā kusalā.","Which are the states that are good?
When a good thought concerning the sensuous universe has arisen, which is (1) accompanied by gladness and associated with knowledge—a thought which is
of inferior, or
of medium, or
of superlative [efficacy],
or the dominant influence in which is
desire, or
energy, or
[another] thought, or
investigation;
or the dominant influence in which is
desire of inferior,
… of medium, or
… of superlative [efficacy];
or the dominant influence in which is
energy of inferior,
… of medium, or
… of superlative [efficacy];
or the dominant influence in which is
[another] thought of inferior
… of medium,
… or superlative [efficacy];
or the dominant influence in which is
investigation of inferior,
… of medium, or
… of superlative [efficacy],
then the contact … the balance that rises—these … are states that are good.",
1-270,"270. Katame dhammā kusalā? Yasmiṃ samaye kāmāvacaraṃ kusalaṃ cittaṃ uppannaṃ hoti somanassasahagataṃ ñāṇasampayuttaṃ sasaṅkhārena…pe… somanassasahagataṃ ñāṇavippayuttaṃ…pe… somanassasahagataṃ ñāṇavippayuttaṃ sasaṅkhārena…pe… upekkhāsahagataṃ ñāṇasampayuttaṃ…pe… upekkhāsahagataṃ ñāṇasampayuttaṃ sasaṅkhārena…pe… upekkhāsahagataṃ ñāṇavippayuttaṃ…pe… upekkhāsahagataṃ ñāṇavippayuttaṃ sasaṅkhārena hīnaṃ…pe… majjhimaṃ…pe… paṇītaṃ…pe… chandādhipateyyaṃ…pe… vīriyādhipateyyaṃ…pe… cittādhipateyyaṃ…pe… chandādhipateyyaṃ hīnaṃ…pe… majjhimaṃ…pe… paṇītaṃ…pe… vīriyādhipateyyaṃ hīnaṃ…pe… majjhimaṃ…pe… paṇītaṃ…pe… cittādhipateyyaṃ hīnaṃ…pe… majjhimaṃ…pe… paṇītaṃ, tasmiṃ samaye phasso hoti…pe… avikkhepo hoti…pe… ime dhammā kusalā.
Kāmāvacarakusalaṃ.","Which are the states that are good?
When a good thought concerning the sensuous universe has arisen which is (2.) accompanied by gladness, associated with knowledge, and instigated …
or (3.) accompanied by gladness, and disconnected with knowledge …
or (4.) accompanied by gladness, disconnected with knowledge, and instigated …
or (5.) accompanied by indifference, and associated with knowledge …
or (6.) accompanied by indifference, associated with knowledge, and instigated …
or (7.) accompanied by indifference, and disconnected with knowledge …
or (8.) accompanied by indifference, disconnected with knowledge, and instigated—a thought which is of inferior …
or of medium …
or of superlative [efficacy] …
or the dominant influence in which is
desire, or
energy, or
another thought;
or the dominant influence in which is
desire of inferior,
… of medium, or
… of superlative [efficacy];
or the dominant influence in which is
energy of inferior,
… of medium, or
… of superlative [efficacy];
or the dominant influence in which is
[another] thought of inferior,
… of medium,
… or of superlative [efficacy];
then the contact … the balance that arises—these are states that are good.
2. Good in Relation to the Universe of Form",
1-271,"271. Katame dhammā kusalā? Yasmiṃ samaye rūpūpapattiyā maggaṃ bhāveti vivicceva kāmehi…pe… paṭhamaṃ jhānaṃ upasampajja viharati pathavīkasiṇaṃ hīnaṃ…pe… majjhimaṃ…pe… paṇītaṃ…pe… chandādhipateyyaṃ…pe… vīriyādhipateyyaṃ…pe… cittādhipateyyaṃ…pe… vīmaṃsādhipateyyaṃ…pe… chandādhipateyyaṃ hīnaṃ…pe… majjhimaṃ…pe… paṇītaṃ…pe… vīriyādhipateyyaṃ hīnaṃ…pe… majjhimaṃ…pe… paṇītaṃ…pe… cittādhipateyyaṃ hīnaṃ…pe… majjhimaṃ…pe… paṇītaṃ…pe… vīmaṃsādhipateyyaṃ hīnaṃ…pe… majjhimaṃ…pe… paṇītaṃ, tasmiṃ samaye phasso hoti…pe… avikkhepo hoti…pe… ime dhammā kusalā.","Which are the states that are good?
When, that he may attain to the heavens of Form, he cultivates the way thereto, and, aloof from sensuous desires, aloof from evil ideas, by earth-gazing enters into and abides in the First Jhāna (the first rapt meditation) … which is
of inferior,
or of medium,
or of superlative [efficacy]
or the dominant influence in which is
desire,
or energy,
or a thought,
or investigation;
or the dominant influence in which is
desire … energy … a thought … investigation
… of inferior,
… of medium,
… or of superlative [efficacy]—
then the contact … the balance that arises—these … are states that are good.",
1-272,"272. Katame dhammā kusalā? Yasmiṃ samaye rūpūpapattiyā maggaṃ bhāveti vitakkavicārānaṃ vūpasamā…pe… dutiyaṃ jhānaṃ…pe… tatiyaṃ jhānaṃ…pe… catutthaṃ jhānaṃ…pe… paṭhamaṃ jhānaṃ…pe… pañcamaṃ jhānaṃ upasampajja viharati pathavīkasiṇaṃ hīnaṃ…pe… majjhimaṃ…pe… paṇītaṃ…pe… chandādhipateyyaṃ…pe… vīriyādhipateyyaṃ…pe… cittādhipateyyaṃ…pe… vīmaṃsādhipateyyaṃ…pe… chandādhipateyyaṃ hīnaṃ…pe… majjhimaṃ…pe… paṇītaṃ…pe… vīriyādhipateyyaṃ hīnaṃ…pe… majjhimaṃ…pe… paṇītaṃ…pe… cittādhipateyyaṃ hīnaṃ…pe… majjhimaṃ…pe… paṇītaṃ…pe… vīmaṃsādhipateyyaṃ hīnaṃ…pe… majjhimaṃ…pe… paṇītaṃ, tasmiṃ samaye phasso hoti…pe… avikkhepo hoti…pe… ime dhammā kusalā.
Rūpāvacarakusalaṃ.","Repeat in the case of the other Jhānas, both of (a) and (b).
3. Good in Relation to the Formless Universe",
1-273,"273. Katame dhammā kusalā? Yasmiṃ samaye arūpūpapattiyā maggaṃ bhāveti sabbaso rūpasaññānaṃ samatikkamā paṭighasaññānaṃ atthaṅgamā nānattasaññānaṃ amanasikārā ākāsānañcāyatanasaññāsahagataṃ sukhassa ca pahānā…pe… catutthaṃ jhānaṃ upasampajja viharati hīnaṃ…pe… majjhimaṃ…pe… paṇītaṃ…pe… chandādhipateyyaṃ…pe… vīriyādhipateyyaṃ…pe… cittādhipateyyaṃ…pe… vīmaṃsādhipateyyaṃ…pe… chandādhipateyyaṃ hīnaṃ…pe… majjhimaṃ…pe… paṇītaṃ…pe… vīriyādhipateyyaṃ hīnaṃ…pe… majjhimaṃ…pe… paṇītaṃ…pe… cittādhipateyyaṃ hīnaṃ…pe… majjhimaṃ…pe… paṇītaṃ…pe… vīmaṃsādhipateyyaṃ hīnaṃ…pe… majjhimaṃ…pe… paṇītaṃ, tasmiṃ samaye phasso hoti…pe… avikkhepo hoti…pe… ime dhammā kusalā.","Which are the states that are good?
When, that he may attain to the Formless heavens, he cultivates the way thereto, and so, by passing wholly beyond all consciousness of form, by the dying out of consciousness of sensory reaction, by turning the attention from any consciousness of the manifold, he enters into and abides in that rapt meditation which is accompanied by the consciousness of a sphere of unbounded space—even into the Fourth Jhāna, to gain which all sense of ease has been put away, etc.—(the rapt meditation) where there is neither ill nor ease, but only the perfect purity that comes of mindfulness and indifference, and which is of
inferior …
of medium …
or of superlative [efficacy] …
or the dominant influence in which is
desire, …
or energy …
or a thought …
or investigation …
or the dominant influence in which is
desire … energy … a thought … investigation
… of inferior …
… of medium …
… or of superlative [efficacy]—
then the contact … the balance that arises—these are states that are good.",
1-274,"274. Katame dhammā kusalā? Yasmiṃ samaye arūpūpapattiyā maggaṃ bhāveti sabbaso ākāsānañcāyatanaṃ samatikkamma viññāṇañcāyatanasaññāsahagataṃ sukhassa ca pahānā…pe… catutthaṃ jhānaṃ upasampajja viharati hīnaṃ…pe… majjhimaṃ…pe… paṇītaṃ…pe… chandādhipateyyaṃ…pe… vīriyādhipateyyaṃ…pe… cittādhipateyyaṃ…pe… vīmaṃsādhipateyyaṃ…pe… chandādhipateyyaṃ hīnaṃ…pe… majjhimaṃ…pe… paṇītaṃ…pe… vīriyādhipateyyaṃ hīnaṃ…pe… majjhimaṃ…pe… paṇītaṃ…pe… cittādhipateyyaṃ hīnaṃ…pe… majjhimaṃ…pe… paṇītaṃ…pe… vīmaṃsādhipateyyaṃ hīnaṃ…pe… majjhimaṃ…pe… paṇītaṃ, tasmiṃ samaye phasso hoti…pe… avikkhepo hoti…pe… ime dhammā kusalā.","Here follow the three remaining “Jhānas connected with Formless Existence”, each modified by the characteristics enumerated in the foregoing answer. Cf. §§ 266 – 268 .
A Buddhist Manual of Psychological Ethics , a rys_davids of the Dhammasaṅgaṇī, Compendium of States or Phenomena, by Caroline A.F. Rhys Davids and D. Litt., M.A. .
Published by the Pali Text Society in 1900 . Reprinted 1923, 1974, 1993, 2004.
Released by the Pali Text Society under Creative Commons Attribution-NonCommercial 3.0 licence (CC BY-NC 3.0) .
See also the statement under http://",
1-275,"275. Katame dhammā kusalā? Yasmiṃ samaye arūpūpapattiyā maggaṃ bhāveti sabbaso viññāṇañcāyatanaṃ samatikkamma ākiñcaññāyatanasaññāsahagataṃ sukhassa ca pahānā…pe… catutthaṃ jhānaṃ upasampajja viharati hīnaṃ…pe… majjhimaṃ…pe… paṇītaṃ…pe… chandādhipateyyaṃ…pe… vīriyādhipateyyaṃ…pe… cittādhipateyyaṃ…pe… vīmaṃsādhipateyyaṃ…pe… chandādhipateyyaṃ hīnaṃ…pe… majjhimaṃ…pe… paṇītaṃ…pe… vīriyādhipateyyaṃ hīnaṃ…pe… majjhimaṃ…pe… paṇītaṃ…pe… cittādhipateyyaṃ hīnaṃ…pe… majjhimaṃ…pe… paṇītaṃ…pe… vīmaṃsādhipateyyaṃ hīnaṃ…pe… majjhimaṃ…pe… paṇītaṃ , tasmiṃ samaye phasso hoti…pe… avikkhepo hoti…pe… ime dhammā kusalā.",-,
1-276,"276. Katame dhammā kusalā? Yasmiṃ samaye arūpūpapattiyā maggaṃ bhāveti sabbaso ākiñcaññāyatanaṃ samatikkamma nevasaññānāsaññāyatanasaññāsahagataṃ sukhassa ca pahānā…pe… catutthaṃ jhānaṃ upasampajja viharati hīnaṃ…pe… majjhimaṃ…pe… paṇītaṃ…pe… chandādhipateyyaṃ…pe… vīriyādhipateyyaṃ…pe… cittādhipateyyaṃ…pe… vīmaṃsādhipateyyaṃ…pe… chandādhipateyyaṃ hīnaṃ…pe… majjhimaṃ…pe… paṇītaṃ…pe… vīriyādhipateyyaṃ hīnaṃ…pe… majjhimaṃ…pe… paṇītaṃ…pe… cittādhipateyyaṃ hīnaṃ…pe… majjhimaṃ…pe… paṇītaṃ…pe… vīmaṃsādhipateyyaṃ hīnaṃ…pe… majjhimaṃ…pe… paṇītaṃ, tasmiṃ samaye phasso hoti…pe… avikkhepo hoti…pe… ime dhammā kusalā.
Arūpāvacarakusalaṃ.",-,
1-277,"277. Katame dhammā kusalā? Yasmiṃ samaye lokuttaraṃ jhānaṃ bhāveti niyyānikaṃ apacayagāmiṃ diṭṭhigatānaṃ pahānāya paṭhamāya bhūmiyā pattiyā vivicceva kāmehi…pe… paṭhamaṃ jhānaṃ upasampajja viharati dukkhapaṭipadaṃ dandhābhiññaṃ, tasmiṃ samaye phasso hoti, vedanā hoti, saññā hoti, cetanā hoti, cittaṃ hoti, vitakko hoti, vicāro hoti, pīti hoti, sukhaṃ hoti, cittassekaggatā hoti, saddhindriyaṃ hoti, vīriyindriyaṃ hoti, satindriyaṃ hoti, samādhindriyaṃ hoti, paññindriyaṃ hoti, manindriyaṃ hoti, somanassindriyaṃ hoti, jīvitindriyaṃ hoti, anaññātaññassāmītindriyaṃ hoti, sammādiṭṭhi hoti, sammāsaṅkappo hoti, sammāvācā hoti, sammākammanto hoti, sammāājīvo hoti, sammāvāyāmo hoti, sammāsati hoti, sammāsamādhi hoti, saddhābalaṃ hoti, vīriyabalaṃ hoti, satibalaṃ hoti, samādhibalaṃ hoti, paññābalaṃ hoti, hiribalaṃ hoti, ottappabalaṃ hoti, alobho hoti, adoso hoti, amoho hoti, anabhijjhā hoti, abyāpādo hoti, sammādiṭṭhi hoti, hirī hoti, ottappaṃ hoti, kāyapassaddhi hoti, cittapassaddhi hoti, kāyalahutā hoti, cittalahutā hoti, kāyamudutā hoti, cittamudutā hoti, kāyakammaññatā hoti, cittakammaññatā hoti, kāyapāguññatā hoti, cittapāguññatā hoti, kāyujukatā hoti, cittujukatā hoti, sati hoti, sampajaññaṃ hoti, samatho hoti, vipassanā hoti, paggāho hoti, avikkhepo hoti; ye vā pana tasmiṃ samaye aññepi atthi paṭiccasamuppannā arūpino dhammā – ime dhammā kusalā.","Which are the states that are good?
When he cultivates the Jhāna of the Higher Ideal (the rapt meditation), whereby there is a going forth and onward, making for the undoing of rebirth—and when, that he may attain to the First Stage, he has put away views and opinions, and so, aloof from sensuous desires, aloof from evil ideas, enters into and abides in the First Jhāna, wherein is thinking applied and sustained, which is born of solitude, is full of zest and ease, progress thereto being difficult and intuition sluggish—then there is contact, feeling, perception, volition, thought, application of mind, sustained application, zest, ease, self-collectedness, the faculties of faith, energy, mindfulness, concentration, insight, mind, happiness, life, and the faculty of believing “I shall come to know the unknown” , right views, right intention, right speech, right action, right livelihood , right endeavour, right mindfulness, right concentration; the powers of faith, energy, mindfulness, concentration, insight, conscientiousness, the fear of blame; disinterestedness, absence of hate, dullness, covetousness and malice, right views, conscientiousness, fear of blame, serenity, lightness, plasticity, facility, fitness and directness in both sense and thought, mindfulness, self-awareness, quiet, intuition, grasp and balance.
Now these—or whatever other incorporeal, causally induced states there are on that occasion—these are states that are good.",
1-278,278. Katamo tasmiṃ samaye phasso hoti? Yo tasmiṃ samaye phasso phusanā saṃphusanā saṃphusitattaṃ – ayaṃ tasmiṃ samaye phasso hoti.,"“Contact”, “feeling”, “perception”, “volition”, and “thought” are described as in §§ 2 – 6 .",
1-279,279. Katamā tasmiṃ samaye vedanā hoti? Yaṃ tasmiṃ samaye tajjāmanoviññāṇadhātusamphassajaṃ cetasikaṃ sātaṃ cetasikaṃ sukhaṃ cetosamphassajaṃ sātaṃ sukhaṃ vedayitaṃ cetosamphassajā sātā sukhā vedanā – ayaṃ tasmiṃ samaye vedanā hoti.,-,
1-280,280. Katamā tasmiṃ samaye saññā hoti? Yā tasmiṃ samaye tajjāmanoviññāṇadhātusamphassajā saññā sañjānanā sañjānitattaṃ – ayaṃ tasmiṃ samaye saññā hoti.,-,
1-281,281. Katamā tasmiṃ samaye cetanā hoti? Yā tasmiṃ samaye tajjāmanoviññāṇadhātusamphassajā cetanā sañcetanā cetayitattaṃ – ayaṃ tasmiṃ samaye cetanā hoti.,-,
1-282,282. Katamaṃ tasmiṃ samaye cittaṃ hoti? Yaṃ tasmiṃ samaye cittaṃ mano mānasaṃ hadayaṃ paṇḍaraṃ mano manāyatanaṃ manindriyaṃ viññāṇaṃ viññāṇakkhandho tajjāmanoviññāṇadhātu – idaṃ tasmiṃ samaye cittaṃ hoti.,-,
1-283,283. Katamo tasmiṃ samaye vitakko hoti? Yo tasmiṃ samaye takko vitakko saṅkappo appanā byappanā cetaso abhiniropanā sammāsaṅkappo maggaṅgaṃ maggapariyāpannaṃ – ayaṃ tasmiṃ samaye vitakko hoti.,"What on that occasion is application of mind?
The discrimination, the application, which on that occasion is the disposing, the fixing, the focussing, the superposing of the mind, the best intention, “Path-component”, “contained in the Path”—this is the application that there then is.",
1-284,284. Katamo tasmiṃ samaye vicāro hoti? Yo tasmiṃ samaye cāro vicāro anuvicāro upavicāro cittassa anusandhānatā anupekkhanatā – ayaṃ tasmiṃ samaye vicāro hoti.,“Sustained thought” is described as in § 8 .,
1-285,285. Katamā tasmiṃ samaye pīti hoti? Yā tasmiṃ samaye pīti pāmojjaṃ āmodanā pamodanā hāso pahāso vitti odagyaṃ attamanatā cittassa pītisambojjhaṅgo – ayaṃ tasmiṃ samaye pīti hoti.,"What on that occasion is zest?
The zest which on that occasion is joy, rejoicing at, rejoicing over, mirth, merriment, felicity, exultation, elation of mind, the zest which is a factor of enlightenment—this is the zest that there then is.",
1-286,286. Katamaṃ tasmiṃ samaye sukhaṃ hoti? Yaṃ tasmiṃ samaye cetasikaṃ sātaṃ cetasikaṃ sukhaṃ cetosamphassajaṃ sātaṃ sukhaṃ vedayitaṃ cetosamphassajā sātā sukhā vedanā – idaṃ tasmiṃ samaye sukhaṃ hoti.,“Ease” is described as in § 10 .,
1-287,287. Katamā tasmiṃ samaye cittassekaggatā hoti? Yā tasmiṃ samaye cittassa ṭhiti saṇṭhiti avaṭṭhiti avisāhāro avikkhepo avisāhaṭamānasatā samatho samādhindriyaṃ samādhibalaṃ sammāsamādhi samādhisambojjhaṅgo maggaṅgaṃ maggapariyāpannaṃ – ayaṃ tasmiṃ samaye cittassekaggatā hoti.,"What on that occasion is self-collectedness?
The stability, solidity, absorbed steadfastness of thought which on that occasion is the absence of distraction, balance, unperturbed mental procedure, quiet, the faculty and the power of concentration, the best concentration, the concentration which is a factor of enlightenment, a “Path- component”, “contained in the Path”—this is the application that there then is.",
1-288,288. Katamaṃ tasmiṃ samaye saddhindriyaṃ hoti? Yā tasmiṃ samaye saddhā saddahanā okappanā abhippasādo saddhā saddhindriyaṃ saddhābalaṃ – idaṃ tasmiṃ samaye saddhindriyaṃ hoti.,“Faith” is described as in § 12 .,
1-289,289. Katamaṃ tasmiṃ samaye vīriyindriyaṃ hoti? Yo tasmiṃ samaye cetasiko vīriyārambho nikkamo parakkamo uyyāmo vāyāmo ussāho ussoḷhī thāmo dhiti asithilaparakkamatā anikkhittachandatā anikkhittadhuratā dhurasampaggāho vīriyaṃ vīriyindriyaṃ vīriyabalaṃ sammāvāyāmo vīriyasambojjhaṅgo maggaṅgaṃ maggapariyāpannaṃ – idaṃ tasmiṃ samaye vīriyindriyaṃ hoti.,"What on that occasion is the faculty of energy?
The mental inception of energy which there is on that occasion, the striving and the onward effort, the exertion and endeavour, the zeal and ardour, the vigour and fortitude, the state of unfaltering effort, the state of sustained desire, the state of unflinching endurance, the solid grip of the burden, energy, energy as faculty and as power, the best energy, the energy which is a factor of enlightenment, a Path-component, contained in the Path—this is the energy that there then is.",
1-290,290. Katamaṃ tasmiṃ samaye satindriyaṃ hoti? Yā tasmiṃ samaye sati anussati paṭissati sati saraṇatā dhāraṇatā apilāpanatā asammussanatā sati satindriyaṃ satibalaṃ sammāsati satisambojjhaṅgo maggaṅgaṃ maggapariyāpannaṃ – idaṃ tasmiṃ samaye satindriyaṃ hoti.,"What on that occasion is the faculty of mindfulness?
The mindfulness which on that occasion is recollecting, calling back to mind, the mindfulness which is remembering, bearing in mind, the opposite of superficiality and of obliviousness; mindfulness, mindfulness as faculty and as power, the best mindfulness, the mindfulness which is a factor of enlightenment, a Path-component, contained in the Path—this is the mindfulness that there then is.",
1-291,291. Katamaṃ tasmiṃ samaye samādhindriyaṃ hoti? Yā tasmiṃ samaye cittassa ṭhiti saṇṭhiti avaṭṭhiti avisāhāro avikkhepo avisāhaṭamānasatā samatho samādhindriyaṃ samādhibalaṃ sammāsamādhi samādhisambojjhaṅgo maggaṅgaṃ maggapariyāpannaṃ – idaṃ tasmiṃ samaye samādhindriyaṃ hoti.,"“Concentration” is described in the same terms as “self-collectedness”, § 287 .",
1-292,292. Katamaṃ tasmiṃ samaye paññindriyaṃ hoti? Yā tasmiṃ samaye paññā pajānanā vicayo pavicayo dhammavicayo sallakkhaṇā upalakkhaṇā paccupalakkhaṇā paṇḍiccaṃ kosallaṃ nepuññaṃ vebhabyā cintā upaparikkhā bhūrī medhā pariṇāyikā vipassanā sampajaññaṃ patodo paññā paññindriyaṃ paññābalaṃ paññāsatthaṃ paññāpāsādo paññāāloko paññāobhāso paññāpajjoto paññāratanaṃ amoho dhammavicayo sammādiṭṭhi dhammavicayasambojjhaṅgo maggaṅgaṃ maggapariyāpannaṃ – idaṃ tasmiṃ samaye paññindriyaṃ hoti.,"What on that occasion is the faculty of insight?
The insight which there is on that occasion is understanding, search, research, searching the Truth, discernment, discrimination, differentiation, erudition, proficiency, subtlety, criticism, reflection, analysis, breadth, sagacity, leading, insight, intelligence, incitement, insight as faculty and as power, as a sword, as a height, as light, as glory, as splendour, as a precious stone; the absence of dullness, searching the Truth, the best views, that searching the Truth which is a factor in the Great Awakening, a Path-component, contained in the Path—this is the insight that there then is.",
1-293,293. Katamaṃ tasmiṃ samaye manindriyaṃ hoti? Yaṃ tasmiṃ samaye cittaṃ mano mānasaṃ hadayaṃ paṇḍaraṃ mano manāyatanaṃ manindriyaṃ viññāṇaṃ viññāṇakkhandho tajjāmanoviññāṇadhātu – idaṃ tasmiṃ samaye manindriyaṃ hoti.,"The faculties of “mind”, “gladness”, and “life” are described as in §§ 17 – 19 .",
1-294,294. Katamaṃ tasmiṃ samaye somanassindriyaṃ hoti? Yaṃ tasmiṃ samaye cetasikaṃ sātaṃ cetasikaṃ sukhaṃ cetosamphassajaṃ sātaṃ sukhaṃ vedayitaṃ cetosamphassajā sātā sukhā vedanā – idaṃ tasmiṃ samaye somanassindriyaṃ hoti.,-,
1-295,295. Katamaṃ tasmiṃ samaye jīvitindriyaṃ hoti? Yo tesaṃ arūpīnaṃ dhammānaṃ āyu ṭhiti yapanā yāpanā iriyanā vattanā pālanā jīvitaṃ jīvitindriyaṃ – idaṃ tasmiṃ samaye jīvitindriyaṃ hoti.,-,
1-296,296. Katamaṃ tasmiṃ samaye anaññātaññassāmītindriyaṃ hoti? Yā tesaṃ dhammānaṃ anaññātānaṃ adiṭṭhānaṃ appattānaṃ aviditānaṃ asacchikatānaṃ sacchikiriyāya paññā pajānanā vicayo pavicayo dhammavicayo sallakkhaṇā upalakkhaṇā paccupalakkhaṇā paṇḍiccaṃ kosallaṃ nepuññaṃ vebhabyā cintā upaparikkhā bhūrī medhā pariṇāyikā vipassanā sampajaññaṃ patodo paññā paññindriyaṃ paññābalaṃ paññāsatthaṃ paññāpāsādo paññāāloko paññāobhāso paññāpajjoto paññāratanaṃ amoho dhammavicayo sammādiṭṭhi dhammavicayasambojjhaṅgo maggaṅgaṃ maggapariyāpannaṃ – idaṃ tasmiṃ samaye anaññātaññassāmītindriyaṃ hoti.,"What on that occasion is the faculty of believing, “I shall come to know the unknown” ( anaññātaññassāmītindriyaṃ )?
The insight that makes for the realization of those Truths that are unrealized, uncomprehended, unattained to, undiscerned, unknown—the insight that is understanding, search, research, searching the Truth, etc.
[Continue as in § 292 .]",
1-297,297. Katamā tasmiṃ samaye sammādiṭṭhi hoti? Yā tasmiṃ samaye paññā pajānanā vicayo pavicayo dhammavicayo sallakkhaṇā upalakkhaṇā paccupalakkhaṇā paṇḍiccaṃ kosallaṃ nepuññaṃ vebhabyā cintā upaparikkhā bhūrī medhā pariṇāyikā vipassanā sampajaññaṃ patodo paññā paññindriyaṃ paññābalaṃ paññāsatthaṃ paññāpāsādo paññāāloko paññāobhāso paññāpajjoto paññāratanaṃ amoho dhammavicayo sammādiṭṭhi dhammavicayasambojjhaṅgo maggaṅgaṃ maggapariyāpannaṃ – ayaṃ tasmiṃ samaye sammādiṭṭhi hoti.,"What on that occasion are best views?
Answer as for “insight”, § 292 .",
1-298,298. Katamo tasmiṃ samaye sammāsaṅkappo hoti? Yo tasmiṃ samaye takko vitakko saṅkappo appanā byappanā cetaso abhiniropanā sammāsaṅkappo maggaṅgaṃ maggapariyāpannaṃ – ayaṃ tasmiṃ samaye sammāsaṅkappo hoti.,"Best “intention” is described in the same terms as “conception”, § 283 .",
1-299,299. Katamā tasmiṃ samaye sammāvācā hoti? Yā tasmiṃ samaye catūhi vacīduccaritehi ārati virati paṭivirati veramaṇī akiriyā akaraṇaṃ anajjhāpatti velāanatikkamo setughāto sammāvācā maggaṅgaṃ maggapariyāpannaṃ – ayaṃ tasmiṃ samaye sammāvācā hoti.,"What on that occasion is best speech ( sammā-vācā )?
To renounce on that occasion, abstain, refrain, and feel averse to the four errors of speech, to leave them uncommitted and undone, to incur no guilt, nor to trespass nor transgress with respect to them, to destroy the causeway leading to them—the best speech, a Path-component, contained in the Path—this is the best speech that there then is.",
1-300,300. Katamo tasmiṃ samaye sammākammanto hoti? Yā tasmiṃ samaye tīhi kāyaduccaritehi ārati virati paṭivirati veramaṇī akiriyā akaraṇaṃ anajjhāpatti velāanatikkamo setughāto sammākammanto maggaṅgaṃ maggapariyāpannaṃ – ayaṃ tasmiṃ samaye sammākammanto hoti.,"What on that occasion is best action ( sammā-kammanto )?
To renounce on that occasion, abstain, refrain, and feel averse to the three errors of conduct, to leave them uncommitted and undone, to incur no guilt, nor to trespass nor transgress with respect to them, to destroy the causeway leading to them—best conduct, a Path-component, contained in the Path—this is the best conduct that there then is.",
1-301,301. Katamo tasmiṃ samaye sammāājīvo hoti? Yā tasmiṃ samaye micchāājīvā ārati virati paṭivirati veramaṇī akiriyā akaraṇaṃ anajjhāpatti velāanatikkamo setughāto sammāājīvo maggaṅgaṃ maggapariyāpannaṃ – ayaṃ tasmiṃ samaye sammāājīvo hoti.,"What on that occasion is best livelihood ( sammā-ājīvo )?
To renounce on that occasion, abstain, refrain, and feel averse to the wrong modes of livelihood, to leave them unpractised and undone, to incur no guilt, nor to trespass nor transgress with respect to them, to destroy the causeway leading to them—best livelihood, a Path-component, contained in the Path—this is the best livelihood that there then is.",
1-302,302. Katamo tasmiṃ samaye sammāvāyāmo hoti? Yo tasmiṃ samaye cetasiko vīriyārambho nikkamo parakkamo uyyāmo vāyāmo ussāho ussoḷhī thāmo dhiti asithilaparakkamatā anikkhittachandatā anikkhittadhuratā dhurasampaggāho vīriyaṃ vīriyindriyaṃ vīriyabalaṃ sammāvāyāmo vīriyasambojjhaṅgo maggaṅgaṃ maggapariyāpannaṃ – ayaṃ tasmiṃ samaye sammāvāyāmo hoti.,"“Best endeavour”, “best mindfulness”, “best concentration”, are described as in §§ 289 – 291 .",
1-303,303. Katamā tasmiṃ samaye sammāsati hoti? Yā tasmiṃ samaye sati anussati paṭissati sati saraṇatā dhāraṇatā apilāpanatā asammussanatā sati satindriyaṃ satibalaṃ sammāsati satisambojjhaṅgo maggaṅgaṃ maggapariyāpannaṃ – ayaṃ tasmiṃ samaye sammāsati hoti.,-,
1-304,304. Katamo tasmiṃ samaye sammāsamādhi hoti? Yā tasmiṃ samaye cittassa ṭhiti saṇṭhiti avaṭṭhiti avisāhāro avikkhepo avisāhaṭamānasatā samatho samādhindriyaṃ samādhibalaṃ sammāsamādhi samādhisambojjhaṅgo maggaṅgaṃ maggapariyāpannaṃ – ayaṃ tasmiṃ samaye sammāsamādhi hoti.,-,
1-305,305. Katamaṃ tasmiṃ samaye saddhābalaṃ hoti? Yā tasmiṃ samaye saddhā saddahanā okappanā abhippasādo saddhā saddhindriyaṃ saddhābalaṃ – idaṃ tasmiṃ samaye saddhābalaṃ hoti.,"The “powers” of “faith”, “energy”, “mindfulness”, “concentration”, and “insight” are described as in §§ 288 – 292 ;those of “conscientiousness” and “the fear of blame” as in §§ 30 , 31 .",
1-306,306. Katamaṃ tasmiṃ samaye vīriyabalaṃ hoti? Yo tasmiṃ samaye cetasiko vīriyārambho nikkamo parakkamo uyyāmo vāyāmo ussāho ussoḷhī thāmo dhiti asithilaparakkamatā anikkhittachandatā anikkhittadhuratā dhurasampaggāho vīriyaṃ vīriyindriyaṃ vīriyabalaṃ sammāvāyāmo vīriyasambojjhaṅgo maggaṅgaṃ maggapariyāpannaṃ – idaṃ tasmiṃ samaye vīriyabalaṃ hoti.,-,
1-307,307. Katamaṃ tasmiṃ samaye satibalaṃ hoti? Yā tasmiṃ samaye sati anussati paṭissati sati saraṇatā dhāraṇatā apilāpanatā asammussanatā sati satindriyaṃ satibalaṃ sammāsati satisambojjhaṅgo maggaṅgaṃ maggapariyāpannaṃ – idaṃ tasmiṃ samaye satibalaṃ hoti.,-,
1-308,308. Katamaṃ tasmiṃ samaye samādhibalaṃ hoti? Yā tasmiṃ samaye cittassa ṭhiti saṇṭhiti avaṭṭhiti avisāhāro avikkhepo avisāhaṭamānasatā samatho samādhindriyaṃ samādhibalaṃ sammāsamādhi samādhisambojjhaṅgo maggaṅgaṃ maggapariyāpannaṃ – idaṃ tasmiṃ samaye samādhibalaṃ hoti.,-,
1-309,309. Katamaṃ tasmiṃ samaye paññābalaṃ hoti? Yā tasmiṃ samaye paññā pajānanā vicayo pavicayo dhammavicayo sallakkhaṇā upalakkhaṇā paccupalakkhaṇā paṇḍiccaṃ kosallaṃ nepuññaṃ vebhabyā cintā upaparikkhā bhūrī medhā pariṇāyikā vipassanā sampajaññaṃ patodo paññā paññindriyaṃ paññābalaṃ paññāsatthaṃ paññāpāsādo paññāāloko paññāobhāso paññāpajjoto paññāratanaṃ amoho dhammavicayo sammādiṭṭhi dhammavicayasambojjhaṅgo maggaṅgaṃ maggapariyāpannaṃ – idaṃ tasmiṃ samaye paññābalaṃ hoti.,-,
1-310,310. Katamaṃ tasmiṃ samaye hiribalaṃ hoti? Yaṃ tasmiṃ samaye hirīyati hiriyitabbena hirīyati pāpakānaṃ akusalānaṃ dhammānaṃ samāpattiyā – idaṃ tasmiṃ samaye hiribalaṃ hoti.,-,
1-311,311. Katamaṃ tasmiṃ samaye ottappabalaṃ hoti? Yaṃ tasmiṃ samaye ottappati ottappitabbena ottappati pāpakānaṃ akusalānaṃ dhammānaṃ samāpattiyā – idaṃ tasmiṃ samaye ottappabalaṃ hoti.,-,
1-312,312. Katamo tasmiṃ samaye alobho hoti? Yo tasmiṃ samaye alobho alubbhanā alubbhitattaṃ asārāgo asārajjanā asārajjitattaṃ anabhijjhā alobho kusalamūlaṃ – ayaṃ tasmiṃ samaye alobho hoti.,"“Disinterestedness” and “the absence of hate” are described as in §§ 32 , 33 “the absence of dullness” as in § 309 (“insight”); “the absence of covetousness” and “the absence of malice” are described as in §§ 35 , 36 ; “conscientiousness” and “the fear of blame” as in §§ 38 , 39 ; “best views” as in § 292 or § 309 (“insight”).",
1-313,313. Katamo tasmiṃ samaye adoso hoti? Yo tasmiṃ samaye adoso adussanā adussitattaṃ abyāpādo abyāpajjo adoso kusalamūlaṃ – ayaṃ tasmiṃ samaye adoso hoti.,-,
1-314,314. Katamo tasmiṃ samaye amoho hoti? Yā tasmiṃ samaye paññā pajānanā vicayo pavicayo dhammavicayo sallakkhaṇā upalakkhaṇā paccupalakkhaṇā paṇḍiccaṃ kosallaṃ nepuññaṃ vebhabyā cintā upaparikkhā bhūrī medhā pariṇāyikā vipassanā sampajaññaṃ patodo paññā paññindriyaṃ paññābalaṃ paññāsatthaṃ paññāpāsādo paññāāloko paññāobhāso paññāpajjoto paññāratanaṃ amoho dhammavicayo sammādiṭṭhi dhammavicayasambojjhaṅgo maggaṅgaṃ maggapariyāpannaṃ – ayaṃ tasmiṃ samaye amoho hoti.,-,
1-315,315. Katamā tasmiṃ samaye anabhijjhā hoti? Yo tasmiṃ samaye alobho alubbhanā alubbhitattaṃ asārāgo asārajjanā asārajjitattaṃ anabhijjhā alobho kusalamūlaṃ – ayaṃ tasmiṃ samaye anabhijjhā hoti.,-,
1-316,316. Katamo tasmiṃ samaye abyāpādo hoti? Yo tasmiṃ samaye adoso adussanā adussitattaṃ abyāpādo abyāpajjo adoso kusalamūlaṃ – ayaṃ tasmiṃ samaye abyāpādo hoti.,-,
1-317,317. Katamā tasmiṃ samaye sammādiṭṭhi hoti? Yā tasmiṃ samaye paññā pajānanā vicayo pavicayo dhammavicayo sallakkhaṇā upalakkhaṇā paccupalakkhaṇā paṇḍiccaṃ kosallaṃ nepuññaṃ vebhabyā cintā upaparikkhā bhūrī medhā pariṇāyikā vipassanā sampajaññaṃ patodo paññā paññindriyaṃ paññābalaṃ paññāsatthaṃ paññāpāsādo paññāāloko paññāobhāso paññāpajjoto paññāratanaṃ amoho dhammavicayo sammādiṭṭhi dhammavicayasambojjhaṅgo maggaṅgaṃ maggapariyāpannaṃ – ayaṃ tasmiṃ samaye sammādiṭṭhi hoti.,-,
1-318,318. Katamā tasmiṃ samaye hirī hoti? Yaṃ tasmiṃ samaye hirīyati hiriyitabbena hirīyati pāpakānaṃ akusalānaṃ dhammānaṃ samāpattiyā – ayaṃ tasmiṃ samaye hirī hoti.,-,
1-319,319. Katamaṃ tasmiṃ samaye ottappaṃ hoti? Yaṃ tasmiṃ samaye ottappati ottappitabbena ottappati pāpakānaṃ akusalānaṃ dhammānaṃ samāpattiyā – idaṃ tasmiṃ samaye ottappaṃ hoti.,-,
1-320,320. Katamā tasmiṃ samaye kāyapassaddhi hoti? Yā tasmiṃ samaye vedanākkhandhassa saññākkhandhassa saṅkhārakkhandhassa passaddhi paṭipassaddhi passambhanā paṭipassambhanā paṭipassambhitattaṃ passaddhisambojjhaṅgo – ayaṃ tasmiṃ samaye kāyapassaddhi hoti.,"What on that occasion is serenity of mental factors?
The serenity, the composure which there is on that occasion, the calming, the tranquillizing, the tranquillity of the skandhas of feeling, perception, and synergies, the serenity which is a factor of enlightenment—this is the serenity of mental factors that there then is.",
1-321,321. Katamā tasmiṃ samaye cittapassaddhi hoti? Yā tasmiṃ samaye viññāṇakkhandhassa passaddhi paṭipassaddhi passambhanā paṭipassambhanā paṭipassambhitattaṃ passaddhisambojjhaṅgo – ayaṃ tasmiṃ samaye cittapassaddhi hoti.,"What on that occasion is serenity of consciousness?
The serenity, the composure which there is on that occasion, the calming, the tranquillizing, the tranquillity of the skandha of consciousness, the serenity which is a factor of enlightenment—this is the serenity of consciousness that there then is.",
1-322,322. Katamā tasmiṃ samaye kāyalahutā hoti? Yā tasmiṃ samaye vedanākkhandhassa saññākkhandhassa saṅkhārakkhandhassa lahutā lahupariṇāmatā adandhanatā avitthanatā – ayaṃ tasmiṃ samaye kāyalahutā hoti.,"The remaining five attributes characterizing both mental factors and consciousness “on that occasion”: “buoyancy”, “plasticity”, etc.—are described as in §§ 42 – 51 .",
1-323,323. Katamā tasmiṃ samaye cittalahutā hoti? Yā tasmiṃ samaye viññāṇakkhandhassa lahutā lahupariṇāmatā adandhanatā avitthanatā – ayaṃ tasmiṃ samaye cittalahutā hoti.,-,
1-324,324. Katamā tasmiṃ samaye kāyamudutā hoti? Yā tasmiṃ samaye vedanākkhandhassa saññākkhandhassa saṅkhārakkhandhassa mudutā maddavatā akakkhaḷatā akathinatā – ayaṃ tasmiṃ samaye kāyamudutā hoti.,-,
1-325,325. Katamā tasmiṃ samaye cittamudutā hoti? Yā tasmiṃ samaye viññāṇakkhandhassa mudutā maddavatā akakkhaḷatā akathinatā – ayaṃ tasmiṃ samaye cittamudutā hoti.,-,
1-326,326. Katamā tasmiṃ samaye kāyakammaññatā hoti? Yā tasmiṃ samaye vedanākkhandhassa saññākkhandhassa saṅkhārakkhandhassa kammaññatā kammaññattaṃ kammaññabhāvo – ayaṃ tasmiṃ samaye kāyakammaññatā hoti.,-,
1-327,327. Katamā tasmiṃ samaye cittakammaññatā hoti? Yā tasmiṃ samaye viññāṇakkhandhassa kammaññatā kammaññattaṃ kammaññabhāvo – ayaṃ tasmiṃ samaye cittakammaññatā hoti.,-,
1-328,328. Katamā tasmiṃ samaye kāyapāguññatā hoti? Yā tasmiṃ samaye vedanākkhandhassa saññākkhandhassa saṅkhārakkhandhassa paguṇatā paguṇattaṃ paguṇabhāvo – ayaṃ tasmiṃ samaye kāyapāguññatā hoti.,-,
1-329,329. Katamā tasmiṃ samaye cittapāguññatā hoti? Yā tasmiṃ samaye viññāṇakkhandhassa paguṇatā paguṇattaṃ paguṇabhāvo – ayaṃ tasmiṃ samaye cittapāguññatā hoti.,-,
1-330,330. Katamā tasmiṃ samaye kāyujukatā hoti? Yā tasmiṃ samaye vedanākkhandhassa saññākkhandhassa saṅkhārakkhandhassa ujutā ujukatā ajimhatā avaṅkatā akuṭilatā – ayaṃ tasmiṃ samaye kāyujukatā hoti.,-,
1-331,331. Katamā tasmiṃ samaye cittujukatā hoti? Yā tasmiṃ samaye viññāṇakkhandhassa ujutā ujukatā ajimhatā avaṅkatā akuṭilatā – ayaṃ tasmiṃ samaye cittujukatā hoti.,-,
1-332,332. Katamā tasmiṃ samaye sati hoti? Yā tasmiṃ samaye sati anussati paṭissati sati saraṇatā dhāraṇatā apilāpanatā asammussanatā sati satindriyaṃ satibalaṃ sammāsati satisambojjhaṅgo maggaṅgaṃ maggapariyāpannaṃ – ayaṃ tasmiṃ samaye sati hoti.,"“Mindfulness”, “self-awareness”, “quiet”, “insight”, “grasp”, and “balance” are described as in §§ 290 , 292 (“wisdom”), 291 , 292 , 289 (“energy”) and 291 respectively.
These, or whatever other incorporeal, causally induced states there are on that occasion—these are states that are good.
Summary",
1-333,333. Katamaṃ tasmiṃ samaye sampajaññaṃ hoti? Yā tasmiṃ samaye paññā pajānanā vicayo pavicayo dhammavicayo sallakkhaṇā upalakkhaṇā paccupalakkhaṇā paṇḍiccaṃ kosallaṃ nepuññaṃ vebhabyā cintā upaparikkhā bhūrī medhā pariṇāyikā vipassanā sampajaññaṃ patodo paññā paññindriyaṃ paññābalaṃ paññāsatthaṃ paññāpāsādo paññāāloko paññāobhāso paññāpajjoto paññāratanaṃ amoho dhammavicayo sammādiṭṭhi dhammavicayasambojjhaṅgo maggaṅgaṃ maggapariyāpannaṃ – idaṃ tasmiṃ samaye sampajaññaṃ hoti.,-,
1-334,334. Katamo tasmiṃ samaye samatho hoti? Yā tasmiṃ samaye cittassa ṭhiti saṇṭhiti avaṭṭhiti avisāhāro avikkhepo avisāhaṭamānasatā samatho samādhindriyaṃ samādhibalaṃ sammāsamādhi samādhisambojjhaṅgo maggaṅgaṃ maggapariyāpannaṃ – ayaṃ tasmiṃ samaye samatho hoti.,-,
1-335,335. Katamā tasmiṃ samaye vipassanā hoti? Yā tasmiṃ samaye paññā pajānanā vicayo pavicayo dhammavicayo sallakkhaṇā upalakkhaṇā paccupalakkhaṇā paṇḍiccaṃ kosallaṃ nepuññaṃ vebhabyā cintā upaparikkhā bhūrī medhā pariṇāyikā vipassanā sampajaññaṃ patodo paññā paññindriyaṃ paññābalaṃ paññāsatthaṃ paññāpāsādo paññāāloko paññāobhāso paññāpajjoto paññāratanaṃ amoho dhammavicayo sammādiṭṭhi dhammavicayasambojjhaṅgo maggaṅgaṃ maggapariyāpannaṃ – ayaṃ tasmiṃ samaye vipassanā hoti.,-,
1-336,336. Katamo tasmiṃ samaye paggāho hoti? Yo tasmiṃ samaye cetasiko vīriyārambho nikkamo parakkamo uyyāmo vāyāmo ussāho ussoḷhī thāmo dhiti asithilaparakkamatā anikkhittachandatā anikkhittadhuratā dhurasampaggāho vīriyaṃ vīriyindriyaṃ vīriyabalaṃ sammāvāyāmo vīriyasambojjhaṅgo maggaṅgaṃ maggapariyāpannaṃ – ayaṃ tasmiṃ samaye paggāho hoti.,-,
1-337,"337. Katamo tasmiṃ samaye avikkhepo hoti? Yā tasmiṃ samaye cittassa ṭhiti saṇṭhiti avaṭṭhiti avisāhāro avikkhepo avisāhaṭamānasatā samatho samādhindriyaṃ samādhibalaṃ sammāsamādhi samādhisambojjhaṅgo maggaṅgaṃ maggapariyāpannaṃ – ayaṃ tasmiṃ samaye avikkhepo hoti; ye vā pana tasmiṃ samaye aññepi atthi paṭiccasamuppannā arūpino dhammā – ime dhammā kusalā.
Tasmiṃ kho pana samaye cattāro khandhā honti, dvāyatanāni honti, dve dhātuyo honti, tayo āhārā honti, navindriyāni honti, pañcaṅgikaṃ jhānaṃ hoti, aṭṭhaṅgiko maggo hoti, satta balāni honti, tayo hetū honti, eko phasso hoti, ekā vedanā hoti, ekā saññā hoti, ekā cetanā hoti, ekaṃ cittaṃ hoti, eko vedanākkhandho hoti, eko saññākkhandho hoti, eko saṅkhārakkhandho hoti, eko viññāṇakkhandho hoti, ekaṃ manāyatanaṃ hoti, ekaṃ manindriyaṃ hoti, ekā manoviññāṇadhātu hoti, ekaṃ dhammāyatanaṃ hoti, ekā dhammadhātu hoti; ye vā pana tasmiṃ samaye aññepi atthi paṭiccasamuppannā arūpino dhammā – ime dhammā kusalā…pe….",-,
1-338,338. Katamo tasmiṃ samaye saṅkhārakkhandho hoti? Phasso cetanā vitakko vicāro pīti cittassekaggatā saddhindriyaṃ vīriyindriyaṃ satindriyaṃ samādhindriyaṃ paññindriyaṃ jīvitindriyaṃ anaññātaññassāmītindriyaṃ sammādiṭṭhi sammāsaṅkappo sammāvācā sammākammanto sammāājīvo sammāvāyāmo sammāsati sammāsamādhi saddhābalaṃ vīriyabalaṃ satibalaṃ samādhibalaṃ paññābalaṃ hiribalaṃ ottappabalaṃ alobho adoso amoho anabhijjhā abyāpādo sammādiṭṭhi hirī ottappaṃ kāyapassaddhi cittapassaddhi kāyalahutā cittalahutā kāyamudutā cittamudutā kāyakammaññatā cittakammaññatā kāyapāguññatā cittapāguññatā kāyujukatā cittujukatā sati sampajaññaṃ samatho vipassanā paggāho avikkhepo; ye vā pana tasmiṃ samaye aññepi atthi paṭiccasamuppannā arūpino dhammā ṭhapetvā vedanākkhandhaṃ ṭhapetvā saññākkhandhaṃ ṭhapetvā viññāṇakkhandhaṃ – ayaṃ tasmiṃ samaye saṅkhārakkhandho hoti…pe… ime dhammā kusalā.,"What on that occasion is the skandha of synergies?
Contact,
volition,
applied thinking,
sustained thinking,
zest,
self-collectedness,
the faculties of
faith,
energy,
mindfulness,
concentration,
insight,
life,
believing “I shall come to know the unknown”;
the best views,
the best intention,
the best speech,
the best action,
the best livelihood,
the best endeavour,
the best mindfulness,
the best concentration;
the seven powers;
disinterestedness,
the absence of hate and dullness;
the absence of covetousness and malice,
the best views;
conscientiousness,
the fear of blame;
serenity,
buoyancy,
plasticity,
wieldiness,
fitness,
directness
of mental factors and consciousness;
mindfulness and awareness;
quiet and insight;
grasp and balance.
These, or whatever other incorporeal, causally induced states there are on that occasion, exclusive of the skandhas of feeling, perception, and consciousness—these are the skandha of synergies.
[Questions on the remaining items in the “Summary” are understood to follow.]",
1-339,"339. Katame dhammā kusalā? Yasmiṃ samaye lokuttaraṃ jhānaṃ bhāveti niyyānikaṃ apacayagāmiṃ diṭṭhigatānaṃ pahānāya paṭhamāya bhūmiyā pattiyā vivicceva kāmehi…pe… paṭhamaṃ jhānaṃ upasampajja viharati dukkhapaṭipadaṃ khippābhiññaṃ, tasmiṃ samaye phasso hoti…pe… avikkhepo hoti…pe… ime dhammā kusalā.",-,
1-340,"340. Katame dhammā kusalā? Yasmiṃ samaye lokuttaraṃ jhānaṃ bhāveti niyyānikaṃ apacayagāmiṃ diṭṭhigatānaṃ pahānāya paṭhamāya bhūmiyā pattiyā vivicceva kāmehi…pe… paṭhamaṃ jhānaṃ upasampajja viharati sukhapaṭipadaṃ dandhābhiññaṃ, tasmiṃ samaye phasso hoti…pe… avikkhepo hoti…pe… ime dhammā kusalā.","Which are the states that are good?
When he cultivates the Jhāna of the Higher Ideal (the rapt meditation), whereby there is a going forth and onward, making for the undoing of rebirth, and when, that he may attain to the First Stage, he has put away views and opinions, and so, aloof from sensuous desires, aloof from evil ideas, enters into and abides in the First Jhāna … progress thereto being difficult, but intuition quick …",
1-341,"341. Katame dhammā kusalā? Yasmiṃ samaye lokuttaraṃ jhānaṃ bhāveti niyyānikaṃ apacayagāmiṃ diṭṭhigatānaṃ pahānāya paṭhamāya bhūmiyā pattiyā vivicceva kāmehi…pe… paṭhamaṃ jhānaṃ upasampajja viharati sukhapaṭipadaṃ khippābhiññaṃ, tasmiṃ samaye phasso hoti…pe… avikkhepo hoti…pe… ime dhammā kusalā.","[or] … progress thereto being easy, but intuition sluggish …",
1-342,"342. Katame dhammā kusalā? Yasmiṃ samaye lokuttaraṃ jhānaṃ bhāveti niyyānikaṃ apacayagāmiṃ diṭṭhigatānaṃ pahānāya paṭhamāya bhūmiyā pattiyā vitakkavicārānaṃ vūpasamā …pe… dutiyaṃ jhānaṃ…pe… tatiyaṃ jhānaṃ…pe… catutthaṃ jhānaṃ…pe… paṭhamaṃ jhānaṃ…pe… pañcamaṃ jhānaṃ upasampajja viharati dukkhapaṭipadaṃ dandhābhiññaṃ…pe… dukkhapaṭipadaṃ khippābhiññaṃ…pe… sukhapaṭipadaṃ dandhābhiññaṃ…pe… sukhapaṭipadaṃ khippābhiññaṃ, tasmiṃ samaye phasso hoti…pe… avikkhepo hoti…pe… ime dhammā kusalā.
Suddhikapaṭipadā.",[or] … progress thereto being easy and intuition quick—then the contact … the balance that arises—these … are states that are good.,
1-343,"343. Katame dhammā kusalā? Yasmiṃ samaye lokuttaraṃ jhānaṃ bhāveti niyyānikaṃ apacayagāmiṃ diṭṭhigatānaṃ pahānāya paṭhamāya bhūmiyā pattiyā vivicceva kāmehi…pe… paṭhamaṃ jhānaṃ upasampajja viharati suññataṃ, tasmiṃ samaye phasso hoti…pe… avikkhepo hoti…pe… ime dhammā kusalā.","Repeat the Four Modes in the case of the 2nd to the 4th Jhāna on the Fourfold System, and of the 1st to the 5th Jhāna on the Fivefold System.
[Here end] the Modes of Progress in Schemata.
(ii) The Section on Emptiness ( suññataṃ )
(a and b)",
1-344,"344. Katame dhammā kusalā? Yasmiṃ samaye lokuttaraṃ jhānaṃ bhāveti niyyānikaṃ apacayagāmiṃ diṭṭhigatānaṃ pahānāya paṭhamāya bhūmiyā pattiyā vitakkavicārānaṃ vūpasamā…pe… dutiyaṃ jhānaṃ…pe… tatiyaṃ jhānaṃ…pe… catutthaṃ jhānaṃ…pe… paṭhamaṃ jhānaṃ…pe… pañcamaṃ jhānaṃ upasampajja viharati suññataṃ, tasmiṃ samaye phasso hoti…pe… avikkhepo hoti…pe… ime dhammā kusalā.
Suññataṃ.","Which are the states that are good?
When he cultivates the Jhāna of the Higher Ideal (the rapt meditation), whereby there is a going forth and onward, making for the undoing of rebirth, and when, that he may attain to the First Stage, he has put away views and opinions, and so, aloof from sensuous desires, aloof from evil ideas, enters into and abides in the First Jhāna, wherein is application and sustaining of thought, which is born of solitude, is full of joy and ease, and which is Empty—then the contact … the balance that arises—these … are states that are good.",
1-345,"345. Katame dhammā kusalā? Yasmiṃ samaye lokuttaraṃ jhānaṃ bhāveti niyyānikaṃ apacayagāmiṃ diṭṭhigatānaṃ pahānāya paṭhamāya bhūmiyā pattiyā vivicceva kāmehi…pe… paṭhamaṃ jhānaṃ upasampajja viharati dukkhapaṭipadaṃ dandhābhiññaṃ suññataṃ, tasmiṃ samaye phasso hoti…pe… avikkhepo hoti…pe… ime dhammā kusalā.","Repeat the 2nd to the 4th Jhānas on the Fourfold System, and the 1st to the 5th on the Fivefold System, with the addition in each case of the phrase “and which is Empty”.
[Here ends] the “Emptiness” Section.
(c) The Modes of Progress, with “Emptiness” as the Basis ( suññata-mūlaka-paṭipadā )",
1-346,"346. Katame dhammā kusalā? Yasmiṃ samaye lokuttaraṃ jhānaṃ bhāveti niyyānikaṃ apacayagāmiṃ diṭṭhigatānaṃ pahānāya paṭhamāya bhūmiyā pattiyā vivicceva kāmehi…pe… paṭhamaṃ jhānaṃ upasampajja viharati dukkhapaṭipadaṃ khippābhiññaṃ suññataṃ, tasmiṃ samaye phasso hoti…pe… avikkhepo hoti…pe… ime dhammā kusalā.","Which are the states that are good?
When he cultivates the Jhāna of the Higher Ideal … and when, that he may attain to the First Stage, he … enters into and abides in the First Jhāna … progress thereto being difficult and intuition sluggish, the method being the concept of Emptiness—then the contact … the balance that arises—these … are states that are good.",
1-347,"347. Katame dhammā kusalā? Yasmiṃ samaye lokuttaraṃ jhānaṃ bhāveti niyyānikaṃ apacayagāmiṃ diṭṭhigatānaṃ pahānāya paṭhamāya bhūmiyā pattiyā vivicceva kāmehi…pe… paṭhamaṃ jhānaṃ upasampajja viharati sukhapaṭipadaṃ dandhābhiññaṃ suññataṃ, tasmiṃ samaye phasso hoti…pe… avikkhepo hoti…pe… ime dhammā kusalā.","Repeat the same formula, substituting in succession the three remaining Modes of Progress ( §§ 176 – 179 ), with the addition in each case of the phrase “the method being the concept of Emptiness”.",
1-348,"348. Katame dhammā kusalā? Yasmiṃ samaye lokuttaraṃ jhānaṃ bhāveti niyyānikaṃ apacayagāmiṃ diṭṭhigatānaṃ pahānāya paṭhamāya bhūmiyā pattiyā vivicceva kāmehi…pe… paṭhamaṃ jhānaṃ upasampajja viharati sukhapaṭipadaṃ khippābhiññaṃ suññataṃ, tasmiṃ samaye phasso hoti…pe… avikkhepo hoti…pe… ime dhammā kusalā.",-,
1-349,"349. Katame dhammā kusalā? Yasmiṃ samaye lokuttaraṃ jhānaṃ bhāveti niyyānikaṃ apacayagāmiṃ diṭṭhigatānaṃ pahānāya paṭhamāya bhūmiyā pattiyā vitakkavicārānaṃ vūpasamā…pe… dutiyaṃ jhānaṃ…pe… tatiyaṃ jhānaṃ…pe… catutthaṃ jhānaṃ…pe… paṭhamaṃ jhānaṃ…pe… pañcamaṃ jhānaṃ upasampajja viharati dukkhapaṭipadaṃ dandhābhiññaṃ suññataṃ…pe… dukkhapaṭipadaṃ khippābhiññaṃ suññataṃ…pe… sukhapaṭipadaṃ dandhābhiññaṃ suññataṃ…pe… sukhapaṭipadaṃ khippābhiññaṃ suññataṃ, tasmiṃ samaye phasso hoti…pe… avikkhepo hoti…pe… ime dhammā kusalā.
Suññatamūlakapaṭipadā.",-,
1-350,"350. Katame dhammā kusalā? Yasmiṃ samaye lokuttaraṃ jhānaṃ bhāveti niyyānikaṃ apacayagāmiṃ diṭṭhigatānaṃ pahānāya paṭhamāya bhūmiyā pattiyā vivicceva kāmehi…pe… paṭhamaṃ jhānaṃ upasampajja viharati appaṇihitaṃ , tasmiṃ samaye phasso hoti…pe… avikkhepo hoti…pe… ime dhammā kusalā.","Repeat the same formula, substituting in succession the remaining Jhānas on the Fourfold System and those on the Fivefold System, and applying in each case the Four Modes of Progress, with the additional phrase on “Emptiness”.
(iii) The Unaimed-at ( appaṇihitaṃ )
(a and b)",
1-351,"351. Katame dhammā kusalā? Yasmiṃ samaye lokuttaraṃ jhānaṃ bhāveti niyyānikaṃ apacayagāmiṃ diṭṭhigatānaṃ pahānāya paṭhamāya bhūmiyā pattiyā vitakkavicārānaṃ vūpasamā…pe… dutiyaṃ jhānaṃ…pe… tatiyaṃ jhānaṃ…pe… catutthaṃ jhānaṃ…pe… paṭhamaṃ jhānaṃ…pe… pañcamaṃ jhānaṃ upasampajja viharati appaṇihitaṃ, tasmiṃ samaye phasso hoti…pe… avikkhepo hoti…pe… ime dhammā kusalā.
Appaṇihitaṃ.","Which are the states that are good?
When he cultivates the Jhāna of the Higher Ideal … and when, that he may attain to the First Stage, he … enters into and abides in the First Jhāna … which is born of solitude, is full of zest and ease, which is Aimless—then the contact … the balance that arises—these … are states that are good.",
1-352,"352. Katame dhammā kusalā? Yasmiṃ samaye lokuttaraṃ jhānaṃ bhāveti niyyānikaṃ apacayagāmiṃ diṭṭhigatānaṃ pahānāya paṭhamāya bhūmiyā pattiyā vivicceva kāmehi…pe… paṭhamaṃ jhānaṃ upasampajja viharati dukkhapaṭipadaṃ dandhābhiññaṃ appaṇihitaṃ, tasmiṃ samaye phasso hoti…pe… avikkhepo hoti…pe… ime dhammā kusalā.","Repeat the same formula, substituting the remaining three, and the five Jhānas in succession, with the addition in each case of the phrase “and which is Unaimed-at”.
(c) The Modes of Progress, with the Unaimed-at as the Basis ( appaṇihita-mūlaka-paṭipadā )",
1-353,"353. Katame dhammā kusalā? Yasmiṃ samaye lokuttaraṃ jhānaṃ bhāveti niyyānikaṃ apacayagāmiṃ diṭṭhigatānaṃ pahānāya paṭhamāya bhūmiyā pattiyā vivicceva kāmehi…pe… paṭhamaṃ jhānaṃ upasampajja viharati dukkhapaṭipadaṃ khippābhiññaṃ appaṇihitaṃ, tasmiṃ samaye phasso hoti…pe… avikkhepo hoti…pe… ime dhammā kusalā.","When he cultivates the Jhāna of the Higher Ideal … and when, that he may attain to the First Stage of it, he … enters into and abides in the First Jhāna … progress whereto is difficult and intuition sluggish, the method being the concept of the Unaimed-at—then the contact … the balance that arises—these … are states that are good.",
1-354,"354. Katame dhammā kusalā? Yasmiṃ samaye lokuttaraṃ jhānaṃ bhāveti niyyānikaṃ apacayagāmiṃ diṭṭhigatānaṃ pahānāya paṭhamāya bhūmiyā pattiyā vivicceva kāmehi…pe… paṭhamaṃ jhānaṃ upasampajja viharati sukhapaṭipadaṃ dandhābhiññaṃ appaṇihitaṃ, tasmiṃ samaye phasso hoti…pe… avikkhepo hoti…pe… ime dhammā kusalā.","Repeat the same formula, substituting in succession the three remaining Modes of Progress, with the addition in each case of the phrase “the method being the concept of the Unaimed-at”.",
1-355,"355. Katame dhammā kusalā? Yasmiṃ samaye lokuttaraṃ jhānaṃ bhāveti niyyānikaṃ apacayagāmiṃ diṭṭhigatānaṃ pahānāya paṭhamāya bhūmiyā pattiyā vivicceva kāmehi…pe… paṭhamaṃ jhānaṃ upasampajja viharati sukhapaṭipadaṃ khippābhiññaṃ appaṇihitaṃ, tasmiṃ samaye phasso hoti…pe… avikkhepo hoti…pe… ime dhammā kusalā.",-,
1-356,"356. Katame dhammā kusalā? Yasmiṃ samaye lokuttaraṃ jhānaṃ bhāveti niyyānikaṃ apacayagāmiṃ diṭṭhigatānaṃ pahānāya paṭhamāya bhūmiyā pattiyā vitakkavicārānaṃ vūpasamā…pe… dutiyaṃ jhānaṃ…pe… tatiyaṃ jhānaṃ…pe… catutthaṃ jhānaṃ…pe… paṭhamaṃ jhānaṃ…pe… pañcamaṃ jhānaṃ upasampajja viharati dukkhapaṭipadaṃ dandhābhiññaṃ appaṇihitaṃ…pe… dukkhapaṭipadaṃ khippābhiññaṃ appaṇihitaṃ…pe… sukhapaṭipadaṃ dandhābhiññaṃ appaṇihitaṃ…pe… sukhapaṭipadaṃ khippābhiññaṃ appaṇihitaṃ, tasmiṃ samaye phasso hoti…pe… avikkhepo hoti…pe… ime dhammā kusalā.
Appaṇihitamūlakapaṭipadā.",-,
1-357,"357. Katame dhammā kusalā? Yasmiṃ samaye lokuttaraṃ maggaṃ bhāveti…pe… lokuttaraṃ satipaṭṭhānaṃ bhāveti…pe… lokuttaraṃ sammappadhānaṃ bhāveti…pe… lokuttaraṃ iddhipādaṃ bhāveti…pe… lokuttaraṃ indriyaṃ bhāveti…pe… lokuttaraṃ balaṃ bhāveti…pe… lokuttaraṃ bojjhaṅgaṃ bhāveti…pe… lokuttaraṃ saccaṃ bhāveti…pe… lokuttaraṃ samathaṃ bhāveti…pe… lokuttaraṃ dhammaṃ bhāveti…pe… lokuttaraṃ khandhaṃ bhāveti…pe… lokuttaraṃ āyatanaṃ bhāveti…pe… lokuttaraṃ dhātuṃ bhāveti…pe… lokuttaraṃ āhāraṃ bhāveti…pe… lokuttaraṃ phassaṃ bhāveti…pe… lokuttaraṃ vedanaṃ bhāveti…pe… lokuttaraṃ saññaṃ bhāveti…pe… lokuttaraṃ cetanaṃ bhāveti…pe… lokuttaraṃ cittaṃ bhāveti niyyānikaṃ apacayagāmiṃ diṭṭhigatānaṃ pahānāya paṭhamāya bhūmiyā pattiyā vivicceva kāmehi…pe… paṭhamaṃ jhānaṃ upasampajja viharati dukkhapaṭipadaṃ dandhābhiññaṃ, tasmiṃ samaye phasso hoti…pe… avikkhepo hoti…pe… ime dhammā kusalā.
Vīsati mahānayā.","Repeat the same formula, substituting in succession the remaining three, and the five Jhānas, and applying in each case the Four Modes of Progress, with the additional phrase on the “Unaimed-at”.
2–20. The Remaining Nineteen Great Methods",
1-358,"358. Katame dhammā kusalā? Yasmiṃ samaye lokuttaraṃ jhānaṃ bhāveti niyyānikaṃ apacayagāmiṃ diṭṭhigatānaṃ pahānāya paṭhamāya bhūmiyā pattiyā vivicceva kāmehi…pe… paṭhamaṃ jhānaṃ upasampajja viharati dukkhapaṭipadaṃ dandhābhiññaṃ chandādhipateyyaṃ…pe… vīriyādhipateyyaṃ…pe… cittādhipateyyaṃ…pe… vīmaṃsādhipateyyaṃ, tasmiṃ samaye phasso hoti…pe… avikkhepo hoti…pe… ime dhammā kusalā.","Which are the states that are good?
Here follow nineteen concepts, each of which can be substituted for “the Jhāna of the Higher Ideal” in the preceding 81 answers [ §§ 277 – 357 ], as a vehicle in training the mind for Arahantship. They are as follows:
The Path of the Higher Ideal.
The Advance in Mindfulness toward the Higher Ideal.
The System of Best Efforts toward the Higher Ideal.
The Series of Mystic Potencies applied to the Higher Ideal.
The Faculty relating to the Higher Ideal.
The Power relating to the Higher Ideal.
The Awakening to the Higher Ideal.
The Truth of the Higher Ideal.
The Peace of the Higher Ideal.
The Doctrine of the Higher Ideal.
The Skandha related to the Higher Ideal.
The Sphere of the Higher Ideal.
The Element of the Higher Ideal.
The Nutriment of the Higher Ideal.
Contact with the Higher Ideal.
Feeling relating to the Higher Ideal.
Perception relating to the Higher Ideal.
Volition relating to the Higher Ideal.
Thought relating to the Higher Ideal.
The Dominant Influences in the Modes of Progress ( adhipaṭi )",
1-359,"359. Katame dhammā kusalā? Yasmiṃ samaye lokuttaraṃ jhānaṃ bhāveti niyyānikaṃ apacayagāmiṃ diṭṭhigatānaṃ pahānāya paṭhamāya bhūmiyā pattiyā vitakkavicārānaṃ vūpasamā…pe… dutiyaṃ jhānaṃ…pe… tatiyaṃ jhānaṃ…pe… catutthaṃ jhānaṃ…pe… paṭhamaṃ jhānaṃ …pe… pañcamaṃ jhānaṃ upasampajja viharati dukkhapaṭipadaṃ dandhābhiññaṃ chandādhipateyyaṃ…pe… vīriyādhipateyyaṃ…pe… cittādhipateyyaṃ…pe… vīmaṃsādhipateyyaṃ, tasmiṃ samaye phasso hoti…pe… avikkhepo hoti…pe… ime dhammā kusalā.","Which are the states that are good?
When he cultivates the Jhāna of the Higher Ideal … and when, that he may attain to the First Stage, he … enters into and abides in the First Jhāna … progress whereto is painful and intuition sluggish, and the dominant influence in which is desire, energy, thought, or investigation, then the contact … the balance that arises—these are states that are good.",
1-360,"360. Katame dhammā kusalā? Yasmiṃ samaye lokuttaraṃ maggaṃ bhāveti…pe… lokuttaraṃ satipaṭṭhānaṃ bhāveti…pe… lokuttaraṃ sammappadhānaṃ bhāveti…pe… lokuttaraṃ iddhipādaṃ bhāveti…pe… lokuttaraṃ indriyaṃ bhāveti…pe… lokuttaraṃ balaṃ bhāveti…pe… lokuttaraṃ bojjhaṅgaṃ bhāveti…pe… lokuttaraṃ saccaṃ bhāveti…pe… lokuttaraṃ samathaṃ bhāveti…pe… lokuttaraṃ dhammaṃ bhāveti…pe… lokuttaraṃ khandhaṃ bhāveti…pe… lokuttaraṃ āyatanaṃ bhāveti…pe… lokuttaraṃ dhātuṃ bhāveti…pe… lokuttaraṃ āhāraṃ bhāveti…pe… lokuttaraṃ phassaṃ bhāveti…pe… lokuttaraṃ vedanaṃ bhāveti…pe… lokuttaraṃ saññaṃ bhāveti…pe… lokuttaraṃ cetanaṃ bhāveti…pe… lokuttaraṃ cittaṃ bhāveti niyyānikaṃ apacayagāmiṃ diṭṭhigatānaṃ pahānāya paṭhamāya bhūmiyā pattiyā vivicceva kāmehi…pe… paṭhamaṃ jhānaṃ upasampajja viharati dukkhapaṭipadaṃ dandhābhiññaṃ chandādhipateyyaṃ…pe… vīriyādhipateyyaṃ…pe… cittādhipateyyaṃ…pe… vīmaṃsādhipateyyaṃ, tasmiṃ samaye phasso hoti…pe… avikkhepo hoti…pe… ime dhammā kusalā.
Adhipati.
Paṭhamo maggo.",Repeat this formula in the case of the remaining three and five Jhānas.,
1-361,"361. Katame dhammā kusalā? Yasmiṃ samaye lokuttaraṃ jhānaṃ bhāveti niyyānikaṃ apacayagāmiṃ kāmarāgabyāpādānaṃ tanubhāvāya dutiyāya bhūmiyā pattiyā vivicceva kāmehi…pe… paṭhamaṃ jhānaṃ upasampajja viharati dukkhapaṭipadaṃ dandhābhiññaṃ, tasmiṃ samaye phasso hoti…pe… aññindriyaṃ hoti…pe… avikkhepo hoti…pe… ime dhammā kusalā.
Dutiyo maggo.","Repeat the foregoing [ §§ 359 , 360 ] in the case of each of the nineteen remaining “Great Methods”.
[Here ends] the First Path.
2. The Second Path",
1-362,"362. Katame dhammā kusalā? Yasmiṃ samaye lokuttaraṃ jhānaṃ bhāveti niyyānikaṃ apacayagāmiṃ kāmarāgabyāpādānaṃ anavasesappahānāya tatiyāya bhūmiyā pattiyā vivicceva kāmehi…pe… paṭhamaṃ jhānaṃ upasampajja viharati dukkhapaṭipadaṃ dandhābhiññaṃ , tasmiṃ samaye phasso hoti…pe… aññindriyaṃ hoti…pe… avikkhepo hoti…pe… ime dhammā kusalā.
Tatiyo maggo.","Which are the states that are good?
When he cultivates the Jhāna of the Higher Ideal (the rapt meditation), whereby there is a going forth and onward, making for the undoing of rebirth, and when, that he may attain to the Second Stage, he has diminished the strength of sensual passions and of malice, and so, aloof from sensuous desires, aloof from evil ideas, enters into and abides in the First Jhāna … progress whereto is difficult and intuition sluggish—then the contact … the faculty of knowledge made perfect … the balance that arises—these … are states that are good.
[Here ends] the Second Path.
3. The Third Path",
1-363,"363. Katame dhammā kusalā? Yasmiṃ samaye lokuttaraṃ jhānaṃ bhāveti niyyānikaṃ apacayagāmiṃ rūparāgaarūparāgamānauddhaccaavijjāya anavasesappahānāya catutthāya bhūmiyā pattiyā vivicceva kāmehi…pe… paṭhamaṃ jhānaṃ upasampajja viharati dukkhapaṭipadaṃ dandhābhiññaṃ, tasmiṃ samaye phasso hoti…pe… aññindriyaṃ hoti…pe… avikkhepo hoti…pe… ime dhammā kusalā…pe….","Which are the states that are good?
When he cultivates the Jhāna of the Higher Ideal (the rapt meditation), whereby there is a going forth and onward, making for the undoing of rebirth, and when, that he may attain to the Third Stage he has put away the entire residuum of sensual passions and of malice, and so, aloof from sensuous desires, aloof from evil ideas, enters into and abides in the First Jhāna … progress whereto is difficult and intuition sluggish—then the contact … the faculty of knowledge made perfect … the balance that arises—these … are states that are good.
[Here ends] the Third Path.
4. The Fourth Path",
1-364,"364. Katamaṃ tasmiṃ samaye aññindriyaṃ hoti? Yā tesaṃ dhammānaṃ ñātānaṃ diṭṭhānaṃ pattānaṃ viditānaṃ sacchikatānaṃ sacchikiriyāya paññā pajānanā vicayo pavicayo dhammavicayo sallakkhaṇā upalakkhaṇā paccupalakkhaṇā paṇḍiccaṃ kosallaṃ nepuññaṃ vebhabyā cintā upaparikkhā bhūrī medhā pariṇāyikā vipassanā sampajaññaṃ patodo paññā paññindriyaṃ paññābalaṃ paññāsatthaṃ paññāpāsādo paññāāloko paññāobhāso paññāpajjoto paññāratanaṃ amoho dhammavicayo sammādiṭṭhi dhammavicayasambojjhaṅgo maggaṅgaṃ maggapariyāpannaṃ, idaṃ tasmiṃ samaye aññindriyaṃ hoti…pe… avikkhepo hoti…pe… ye vā pana tasmiṃ samaye aññepi atthi paṭiccasamuppannā arūpino dhammā – ime dhammā kusalā.
Catuttho maggo.
Lokuttaraṃ cittaṃ.","Which are the states that are good?
When he cultivates the Jhāna of the Higher Ideal (the rapt meditation), whereby there is a going forth and onward, making for the undoing of rebirth, and when, that he may attain the Fourth Stage, he has put away absolutely and entirely all passion for Form, all passion for the Formless, all conceit, distraction, and ignorance, and so, aloof from sensuous desires, aloof from evil ideas, enters into and abides in the First Jhāna … progress whereto is difficult and intuition sluggish—then the contact … the faculty of knowledge made perfect … the balance that arises—these … are states that are good.",
1-365,"365. Katame dhammā akusalā? Yasmiṃ samaye akusalaṃ cittaṃ uppannaṃ hoti somanassasahagataṃ diṭṭhigatasampayuttaṃ rūpārammaṇaṃ vā saddārammaṇaṃ vā gandhārammaṇaṃ vā rasārammaṇaṃ vā phoṭṭhabbārammaṇaṃ vā dhammārammaṇaṃ vā yaṃ yaṃ vā panārabbha, tasmiṃ samaye phasso hoti, vedanā hoti, saññā hoti, cetanā hoti, cittaṃ hoti, vitakko hoti, vicāro hoti, pīti hoti, sukhaṃ hoti, cittassekaggatā hoti, vīriyindriyaṃ hoti, samādhindriyaṃ hoti, manindriyaṃ hoti, somanassindriyaṃ hoti, jīvitindriyaṃ hoti, micchādiṭṭhi hoti, micchāsaṅkappo hoti, micchāvāyāmo hoti, micchāsamādhi hoti, vīriyabalaṃ hoti, samādhibalaṃ hoti, ahirikabalaṃ hoti, anottappabalaṃ hoti, lobho hoti, moho hoti, abhijjhā hoti, micchādiṭṭhi hoti, ahirikaṃ hoti , anottappaṃ hoti, samatho hoti, paggāho hoti, avikkhepo hoti ; ye vā pana tasmiṃ samaye aññepi atthi paṭiccasamuppannā arūpino dhammā – ime dhammā akusalā.","Which are the states that are bad?
When a bad thought has arisen, which is accompanied by gladness, and associated with views and opinions, and has as its object a sight, a sound, a smell, a taste, a touch, a [mental] state, or what not, then there is
contact,
feeling,
perception,
volition,
thought,
applied, and
sustained thought,
zest,
ease,
self-collectedness;
the faculties of
energy,
concentration ,
mind,
gladness,
life;
wrong views,
wrong intention,
wrong endeavour,
wrong concentration;
the powers of
energy,
concentration,
unconscientiousness,
disregard of blame;
lust,
dullness,
covetousness,
wrong views,
unconscientiousness,
disregard of blame,
quiet,
grasp,
balance.
Now, these—or whatever other incorporeal, causally induced states that there are on that occasion—these are states that are bad.",
1-366,366. Katamo tasmiṃ samaye phasso hoti? Yo tasmiṃ samaye phasso phusanā saṃphusanā saṃphusitattaṃ – ayaṃ tasmiṃ samaye phasso hoti.,"What on that occasion is contact … feeling … perception … volition … thought?
Answers as in §§ 2 – 6 respectively.",
1-367,367. Katamā tasmiṃ samaye vedanā hoti? Yaṃ tasmiṃ samaye tajjāmanoviññāṇadhātusamphassajaṃ cetasikaṃ sātaṃ cetasikaṃ sukhaṃ cetosamphassajaṃ sātaṃ sukhaṃ vedayitaṃ cetosamphassajā sātā sukhā vedanā – ayaṃ tasmiṃ samaye vedanā hoti.,-,
1-368,368. Katamā tasmiṃ samaye saññā hoti? Yā tasmiṃ samaye tajjāmanoviññāṇadhātusamphassajā saññā sañjānanā sañjānitattaṃ – ayaṃ tasmiṃ samaye saññā hoti.,-,
1-369,369. Katamā tasmiṃ samaye cetanā hoti? Yā tasmiṃ samaye tajjāmanoviññāṇadhātusamphassajā cetanā sañcetanā cetayitattaṃ – ayaṃ tasmiṃ samaye cetanā hoti.,-,
1-370,370. Katamaṃ tasmiṃ samaye cittaṃ hoti? Yaṃ tasmiṃ samaye cittaṃ mano mānasaṃ hadayaṃ paṇḍaraṃ mano manāyatanaṃ manindriyaṃ viññāṇaṃ viññāṇakkhandho tajjāmanoviññāṇadhātu – idaṃ tasmiṃ samaye cittaṃ hoti.,-,
1-371,371. Katamo tasmiṃ samaye vitakko hoti? Yo tasmiṃ samaye takko vitakko saṅkappo appanā byappanā cetaso abhiniropanā micchāsaṅkappo – ayaṃ tasmiṃ samaye vitakko hoti.,"What on that occasion is applied thought?
Answer as in § 7 , substituting “wrong intention” ( micchāsankappo ) for “best intention”.",
1-372,372. Katamo tasmiṃ samaye vicāro hoti? Yo tasmiṃ samaye cāro vicāro anuvicāro upavicāro cittassa anusandhānatā anupekkhanatā – ayaṃ tasmiṃ samaye vicāro hoti.,"What on that occasion is sustained thought … joy … ease?
Answers as in §§ 8 – 10 respectively.",
1-373,373. Katamā tasmiṃ samaye pīti hoti? Yā tasmiṃ samaye pīti pāmojjaṃ āmodanā pamodanā hāso pahāso vitti odagyaṃ attamanatā cittassa – ayaṃ tasmiṃ samaye pīti hoti.,-,
1-374,374. Katamaṃ tasmiṃ samaye sukhaṃ hoti? Yaṃ tasmiṃ samaye cetasikaṃ sātaṃ cetasikaṃ sukhaṃ cetosamphassajaṃ sātaṃ sukhaṃ vedayitaṃ cetosamphassajā sātā sukhā vedanā – idaṃ tasmiṃ samaye sukhaṃ hoti.,-,
1-375,375. Katamā tasmiṃ samaye cittassekaggatā hoti? Yā tasmiṃ samaye cittassa ṭhiti saṇṭhiti avaṭṭhiti avisāhāro avikkhepo avisāhaṭamānasatā samatho samādhindriyaṃ samādhibalaṃ micchāsamādhi – ayaṃ tasmiṃ samaye cittassekaggatā hoti.,"What on that occasion is self-collectedness?
Answer as in § 11 , substituting “wrong concentration” for “best concentration”.",
1-376,376. Katamaṃ tasmiṃ samaye vīriyindriyaṃ hoti? Yo tasmiṃ samaye cetasiko vīriyārambho nikkamo parakkamo uyyāmo vāyāmo ussāho ussoḷhī thāmo dhiti asithilaparakkamatā anikkhittachandatā anikkhittadhuratā dhurasampaggāho vīriyaṃ vīriyindriyaṃ vīriyabalaṃ micchāvāyāmo – idaṃ tasmiṃ samaye vīriyindriyaṃ hoti.,"What on that occasion is the faculty of energy?
Answer as in § 13 , substituting “wrong endeavour” for “best endeavour”.",
1-377,377. Katamaṃ tasmiṃ samaye samādhindriyaṃ hoti? Yā tasmiṃ samaye cittassa ṭhiti saṇṭhiti avaṭṭhiti avisāhāro avikkhepo avisāhaṭamānasatā samatho samādhindriyaṃ samādhibalaṃ micchāsamādhi – idaṃ tasmiṃ samaye samādhindriyaṃ hoti?,"What on that occasion is the faculty of concentration?
Answer as in § 375 .",
1-378,378. Katamaṃ tasmiṃ samaye manindriyaṃ hoti? Yaṃ tasmiṃ samaye cittaṃ mano mānasaṃ hadayaṃ paṇḍaraṃ mano manāyatanaṃ manindriyaṃ viññāṇaṃ viññāṇakkhandho tajjāmanoviññāṇadhātu – idaṃ tasmiṃ samaye manindriyaṃ hoti.,What on that occasion is the faculty of mind … gladness … life?,
1-379,379. Katamaṃ tasmiṃ samaye somanassindriyaṃ hoti? Yaṃ tasmiṃ samaye cetasikaṃ sātaṃ cetasikaṃ sukhaṃ cetosamphassajaṃ sātaṃ sukhaṃ vedayitaṃ cetosamphassajā sātā sukhā vedanā – idaṃ tasmiṃ samaye somanassindriyaṃ hoti.,-,
1-380,380. Katamaṃ tasmiṃ samaye jīvitindriyaṃ hoti? Yo tesaṃ arūpīnaṃ dhammānaṃ āyu ṭhiti yapanā yāpanā iriyanā vattanā pālanā jīvitaṃ jīvitindriyaṃ – idaṃ tasmiṃ samaye jīvitindriyaṃ hoti.,-,
1-381,381. Katamā tasmiṃ samaye micchādiṭṭhi hoti? Yā tasmiṃ samaye diṭṭhi diṭṭhigataṃ diṭṭhigahanaṃ diṭṭhikantāro diṭṭhivisūkāyikaṃ diṭṭhivipphanditaṃ diṭṭhisaṃyojanaṃ gāho patiṭṭhāho [paṭiggāho (sī. syā.)] abhiniveso parāmāso kummaggo micchāpatho micchattaṃ titthāyatanaṃ vipariyāsaggāho [vipariyesagāho (ka.)] – ayaṃ tasmiṃ samaye micchādiṭṭhi hoti.,"What on that occasion are wrong views ( miccha-diṭṭhi )?
The views which on that occasion are a walking in opinion, the jungle of opinion, the wilderness of opinion, the disorder of opinion, the scuffling of opinion, the fetter of opinion, the grip and tenacity of it, the inclination towards it, the being infected by it, a by-path, a wrong road, wrongness, sectarianism, inverted grasp—these are the wrong views that there then are.",
1-382,382. Katamo tasmiṃ samaye micchāsaṅkappo hoti? Yo tasmiṃ samaye takko vitakko saṅkappo appanā byappanā cetaso abhiniropanā micchāsaṅkappo – ayaṃ tasmiṃ samaye micchāsaṅkappo hoti.,"What on that occasion is wrong intention … wrong endeavour … wrong concentration?
Answers as in §§ 371 , 376 , 375 respectively.
What",
1-383,383. Katamo tasmiṃ samaye micchāvāyāmo hoti? Yo tasmiṃ samaye cetasiko vīriyārambho nikkamo parakkamo uyyāmo vāyāmo ussāho ussoḷhī thāmo dhiti asithilaparakkamatā anikkhittachandatā anikkhittadhuratā dhurasampaggāho vīriyaṃ vīriyindriyaṃ vīriyabalaṃ micchāvāyāmo – ayaṃ tasmiṃ samaye micchāvāyāmo hoti.,-,
1-384,384. Katamo tasmiṃ samaye micchāsamādhi hoti? Yā tasmiṃ samaye cittassa ṭhiti saṇṭhiti avaṭṭhiti avisāhāro avikkhepo avisāhaṭamānasatā samatho samādhindriyaṃ samādhibalaṃ micchāsamādhi – ayaṃ tasmiṃ samaye micchāsamādhi hoti.,-,
1-385,385. Katamaṃ tasmiṃ samaye vīriyabalaṃ hoti? Yo tasmiṃ samaye cetasiko vīriyārambho nikkamo parakkamo uyyāmo vāyāmo ussāho ussoḷhī thāmo dhiti asithilaparakkamatā anikkhittachandatā anikkhittadhuratā dhurasampaggāho vīriyaṃ vīriyindriyaṃ vīriyabalaṃ micchāvāyāmo – idaṃ tasmiṃ samaye vīriyabalaṃ hoti.,"on that occasion is the power of energy … the power of concentration?
Answers as in §§ 383 , § 384 respectively.",
1-386,386. Katamaṃ tasmiṃ samaye samādhibalaṃ hoti? Yā tasmiṃ samaye cittassa ṭhiti saṇṭhiti avaṭṭhiti avisāhāro avikkhepo avisāhaṭamānasatā samatho samādhindriyaṃ samādhibalaṃ micchāsamādhi – idaṃ tasmiṃ samaye samādhibalaṃ hoti.,-,
1-387,387. Katamaṃ tasmiṃ samaye ahirikabalaṃ hoti? Yaṃ tasmiṃ samaye na hirīyati hiriyitabbena na hirīyati pāpakānaṃ akusalānaṃ dhammānaṃ samāpattiyā – idaṃ tasmiṃ samaye ahirikabalaṃ hoti.,"What on that occasion is the power of unconscientiousness ( ahirikabalaṃ )?
The absence which there is on that occasion of any feeling of conscientious scruple when scruples ought to be felt, the absence of conscientious scruple at attaining to bad and evil states—this is the power of unconscientiousness that there then is.",
1-388,388. Katamaṃ tasmiṃ samaye anottappabalaṃ hoti? Yaṃ tasmiṃ samaye na ottappati ottappitabbena na ottappati pāpakānaṃ akusalānaṃ dhammānaṃ samāpattiyā – idaṃ tasmiṃ samaye anottappabalaṃ hoti.,"What on that occasion is the power of disregard of blame ( anottappabalaṃ )?
The absence which there is on that occasion of any sense of guilt where a sense of guilt ought to be felt, the absence of a sense of guilt at attaining to bad and evil states—this is the power of disregard of blame that there then is.",
1-389,389. Katamo tasmiṃ samaye lobho hoti? Yo tasmiṃ samaye lobho lubbhanā lubbhitattaṃ sārāgo sārajjanā sārajjitattaṃ abhijjhā lobho akusalamūlaṃ – ayaṃ tasmiṃ samaye lobho hoti.,"What on that occasion is lust?
The lust, lusting, lustfulness which there is on that occasion, the infatuation, the feeling and being infatuated, the covetousness, the lust that is the root of badness—this is the lust that there then is.",
1-390,390. Katamo tasmiṃ samaye moho hoti? Yaṃ tasmiṃ samaye aññāṇaṃ adassanaṃ anabhisamayo ananubodho asambodho appaṭivedho asaṃgāhanā apariyogāhanā asamapekkhanā apaccavekkhanā apaccakkhakammaṃ dummejjhaṃ bālyaṃ asampajaññaṃ moho pamoho sammoho avijjā avijjogho avijjāyogo avijjānusayo avijjāpariyuṭṭhānaṃ avijjālaṅgī moho akusalamūlaṃ – ayaṃ tasmiṃ samaye moho hoti.,"What on that occasion is dullness?
The lack of knowledge, of vision, which there is on that occasion; the lack of co-ordination, of judgment, of enlightenment, of penetration; the inability to comprehend, to grasp thoroughly; the inability to compare, to consider, to demonstrate; the folly, the childishness, the lack of intelligence; the dullness that is vagueness, obfuscation, ignorance, the Flood of ignorance, the Bond of ignorance, the bias of ignorance, the obsession of ignorance, the barrier of ignorance; the dullness that is the root of badness—this is the dullness that there then is.",
1-391,391. Katamā tasmiṃ samaye abhijjhā hoti? Yo tasmiṃ samaye lobho lubbhanā lubbhitattaṃ sārāgo sārajjanā sārajjitattaṃ abhijjhā lobho akusalamūlaṃ – ayaṃ tasmiṃ samaye abhijjhā hoti.,"What on that occasion is covetousness … are wrong views … is unconscientiousness … disregard of blame … quiet … grasp … balance?
Answers as in §§ 389 , 381 , 387 , 388 , 375 , 376 , and, again, 375 respectively.
Or whatever other incorporeal, causally induced states there are on that occasion—these are states that are bad.
Summary",
1-392,392. Katamā tasmiṃ samaye micchādiṭṭhi hoti? Yā tasmiṃ samaye diṭṭhi diṭṭhigataṃ diṭṭhigahanaṃ diṭṭhikantāro diṭṭhivisūkāyikaṃ diṭṭhivipphanditaṃ diṭṭhisaṃyojanaṃ gāho patiṭṭhāho abhiniveso parāmāso kummaggo micchāpatho micchattaṃ titthāyatanaṃ vipariyāsaggāho – ayaṃ tasmiṃ samaye micchādiṭṭhi hoti.,-,
1-393,393. Katamaṃ tasmiṃ samaye ahirikaṃ hoti? Yaṃ tasmiṃ samaye na hirīyati hiriyitabbena na hirīyati pāpakānaṃ akusalānaṃ dhammānaṃ samāpattiyā – idaṃ tasmiṃ samaye ahirikaṃ hoti.,-,
1-394,394. Katamaṃ tasmiṃ samaye anottappaṃ hoti? Yaṃ tasmiṃ samaye na ottappati ottappitabbena na ottappati pāpakānaṃ akusalānaṃ dhammānaṃ samāpattiyā – idaṃ tasmiṃ samaye anottappaṃ hoti.,-,
1-395,395. Katamo tasmiṃ samaye samatho hoti? Yā tasmiṃ samaye cittassa ṭhiti saṇṭhiti avaṭṭhiti avisāhāro avikkhepo avisāhaṭamānasatā samatho samādhindriyaṃ samādhibalaṃ micchāsamādhi – ayaṃ tasmiṃ samaye samatho hoti.,-,
1-396,396. Katamo tasmiṃ samaye paggāho hoti? Yo tasmiṃ samaye cetasiko vīriyārambho nikkamo parakkamo uyyāmo vāyāmo ussāho ussoḷhī thāmo dhiti asithilaparakkamatā anikkhittachandatā anikkhittadhuratā dhurasampaggāho vīriyaṃ vīriyindriyaṃ vīriyabalaṃ micchāvāyāmo – ayaṃ tasmiṃ samaye paggāho hoti.,-,
1-397,"397. Katamo tasmiṃ samaye avikkhepo hoti? Yā tasmiṃ samaye cittassa ṭhiti saṇṭhiti avaṭṭhiti avisāhāro avikkhepo avisāhaṭamānasatā samatho samādhindriyaṃ samādhibalaṃ micchāsamādhi – ayaṃ tasmiṃ samaye avikkhepo hoti; ye vā pana tasmiṃ samaye aññepi atthi paṭiccasamuppannā arūpino dhammā – ime dhammā akusalā.
Tasmiṃ kho pana samaye cattāro khandhā honti, dvāyatanāni honti, dve dhātuyo honti, tayo āhārā honti, pañcindriyāni honti, pañcaṅgikaṃ jhānaṃ hoti, caturaṅgiko maggo hoti, cattāri balāni honti, dve hetū honti, eko phasso hoti…pe… ekaṃ dhammāyatanaṃ hoti, ekā dhammadhātu hoti; ye vā pana tasmiṃ samaye aññepi atthi paṭiccasamuppannā arūpino dhammā – ime dhammā akusalā…pe….",-,
1-398,398. Katamo tasmiṃ samaye saṅkhārakkhandho hoti? Phasso cetanā vitakko vicāro pīti cittassekaggatā vīriyindriyaṃ samādhindriyaṃ jīvitindriyaṃ micchādiṭṭhi micchāsaṅkappo micchāvāyāmo micchāsamādhi vīriyabalaṃ samādhibalaṃ ahirikabalaṃ anottappabalaṃ lobho moho abhijjhā micchādiṭṭhi ahirikaṃ anottappaṃ samatho paggāho avikkhepo; ye vā pana tasmiṃ samaye aññepi atthi paṭiccasamuppannā arūpino dhammā ṭhapetvā vedanākkhandhaṃ ṭhapetvā saññākkhandhaṃ ṭhapetvā viññāṇakkhandhaṃ – ayaṃ tasmiṃ samaye saṅkhārakkhandho hoti…pe… ime dhammā akusalā.,"What on that occasion is the skandha of synergies?
Contact,
volition,
applied, and
sustained thought,
zest,
self-collectedness;
the faculties of
energy,
concentration
life;
wrong views,
wrong intention,
wrong endeavour,
wrong concentration;
the powers of
energy,
concentration,
unconscientiousness,
disregard of blame;
lust,
dullness,
covetousness,
wrong views,
unconscientiousness,
disregard of blame,
quiet,
grasp,
balance.
These, or whatever other incorporeal, causally induced states there are on that occasion, exclusive of the skandhas of feeling, perception, and consciousness—these are the skandha of synergies.
[Continue as in § 58 .]
2. With Gladness, with Views, Instigated",
1-399,"399. Katame dhammā akusalā? Yasmiṃ samaye akusalaṃ cittaṃ uppannaṃ hoti somanassasahagataṃ diṭṭhigatasampayuttaṃ sasaṅkhārena rūpārammaṇaṃ vā…pe… dhammārammaṇaṃ vā yaṃ yaṃ vā panārabbha, tasmiṃ samaye phasso hoti…pe… avikkhepo hoti…pe… ime dhammā akusalā.","Which are the states that are bad?
When a bad thought has arisen which is accompanied by gladness, is associated with views and opinions, and is instigated, and which has as its object a sight … or what not, then there is contact … balance … [Continue as in First Thought, § 365 .]
3. With Gladness, without Views",
1-400,"400. Katame dhammā akusalā? Yasmiṃ samaye akusalaṃ cittaṃ uppannaṃ hoti somanassasahagataṃ diṭṭhigatavippayuttaṃ rūpārammaṇaṃ vā saddārammaṇaṃ vā gandhārammaṇaṃ vā rasārammaṇaṃ vā phoṭṭhabbārammaṇaṃ vā dhammārammaṇaṃ vā yaṃ yaṃ vā panārabbha, tasmiṃ samaye phasso hoti, vedanā hoti, saññā hoti, cetanā hoti, cittaṃ hoti, vitakko hoti, vicāro hoti, pīti hoti, sukhaṃ hoti, cittassekaggatā hoti, vīriyindriyaṃ hoti, samādhindriyaṃ hoti, manindriyaṃ hoti, somanassindriyaṃ hoti, jīvitindriyaṃ hoti, micchāsaṅkappo hoti, micchāvāyāmo hoti, micchāsamādhi hoti, vīriyabalaṃ hoti, samādhibalaṃ hoti, ahirikabalaṃ hoti, anottappabalaṃ hoti, lobho hoti, moho hoti, abhijjhā hoti, ahirikaṃ hoti, anottappaṃ hoti, samatho hoti, paggāho hoti, avikkhepo hoti; ye vā pana tasmiṃ samaye aññepi atthi paṭiccasamuppannā arūpino dhammā – ime dhammā akusalā…pe….
Tasmiṃ kho pana samaye cattāro khandhā honti, dvāyatanāni honti , dve dhātuyo honti, tayo āhārā honti, pañcindriyāni honti, pañcaṅgikaṃ jhānaṃ hoti, tivaṅgiko maggo hoti, cattāri balāni honti, dve hetū honti, eko phasso hoti…pe… ekaṃ dhammāyatanaṃ hoti, ekā dhammadhātu hoti; ye vā pana tasmiṃ samaye aññepi atthi paṭiccasamuppannā arūpino dhammā – ime dhammā akusalā…pe….","Which are the states that are bad?
When a bad thought has arisen which is accompanied by gladness and disconnected with views and opinions, and which has as its object a sight, a sound, a smell, a taste, a touch, or what not, then there is contact, etc.
[Continue as in the first Bad Thought, but omitting the single, twice enumerated item “wrong views”.]
Summary",
1-401,401. Katamo tasmiṃ samaye saṅkhārakkhandho hoti? Phasso cetanā vitakko vicāro pīti cittassekaggatā vīriyindriyaṃ samādhindriyaṃ jīvitindriyaṃ micchāsaṅkappo micchāvāyāmo micchāsamādhi vīriyabalaṃ samādhibalaṃ ahirikabalaṃ anottappabalaṃ lobho moho abhijjhā ahirikaṃ anottappaṃ samatho paggāho avikkhepo; ye vā pana tasmiṃ samaye aññepi atthi paṭiccasamuppannā arūpino dhammā ṭhapetvā vedanākkhandhaṃ ṭhapetvā saññākkhandhaṃ ṭhapetvā viññāṇakkhandhaṃ – ayaṃ tasmiṃ samaye saṅkhārakkhandho hoti…pe… ime dhammā akusalā.,"What on that occasion is the skandha of synergies?
Answer as in § 398 , omitting “wrong views”.
4. With Gladness, without Views, Instigated",
1-402,"402. Katame dhammā akusalā? Yasmiṃ samaye akusalaṃ cittaṃ uppannaṃ hoti somanassasahagataṃ diṭṭhigatavippayuttaṃ sasaṅkhārena rūpārammaṇaṃ vā…pe… dhammārammaṇaṃ vā yaṃ yaṃ vā panārabbha, tasmiṃ samaye phasso hoti…pe… avikkhepo hoti…pe… ime dhammā akusalā.","Which are the states that are bad?
When a bad thought has arisen which is accompanied by gladness, is disconnected with views and opinions, and is instigated, and which has as its object a sight … or what not, then there is contact … balance …
[Continue as in the Third Thought, § 400 .]
5. With Indifference, with Views",
1-403,"403. Katame dhammā akusalā? Yasmiṃ samaye akusalaṃ cittaṃ uppannaṃ hoti upekkhāsahagataṃ diṭṭhigatasampayuttaṃ rūpārammaṇaṃ vā saddārammaṇaṃ vā gandhārammaṇaṃ vā rasārammaṇaṃ vā phoṭṭhabbārammaṇaṃ vā dhammārammaṇaṃ vā yaṃ yaṃ vā panārabbha, tasmiṃ samaye phasso hoti, vedanā hoti, saññā hoti, cetanā hoti, cittaṃ hoti, vitakko hoti, vicāro hoti, upekkhā hoti, cittassekaggatā hoti, vīriyindriyaṃ hoti, samādhindriyaṃ hoti, manindriyaṃ hoti, upekkhindriyaṃ hoti, jīvitindriyaṃ hoti, micchādiṭṭhi hoti, micchāsaṅkappo hoti, micchāvāyāmo hoti, micchāsamādhi hoti, vīriyabalaṃ hoti, samādhibalaṃ hoti, ahirikabalaṃ hoti, anottappabalaṃ hoti, lobho hoti, moho hoti, abhijjhā hoti, micchādiṭṭhi hoti, ahirikaṃ hoti, anottappaṃ hoti, samatho hoti, paggāho hoti, avikkhepo hoti; ye vā pana tasmiṃ samaye aññepi atthi paṭiccasamuppannā arūpino dhammā – ime dhammā akusalā.","Which are the states that are bad?
When a bad thought has arisen which is accompanied by indifference, and associated with views and opinions, and has as its object a sight, a sound, a smell, a taste, a touch, a [mental] state, or what not, then there is
contact,
feeling,
perception,
volition,
consciousness,
applied, and
sustained thought,
indifference,
self-collectedness;
the faculties of
energy,
concentration,
mind,
indifference,
life;
wrong views,
wrong intention,
wrong endeavour,
wrong concentration;
the powers of
energy,
concentration,
unconscientiousness,
disregard of blame;
lust,
dullness,
covetousness,
wrong views,
unconscientiousness,
disregard of blame,
composure,
grasp,
balance.
These, or whatever other incorporeal, causally induced states there are on that occasion—these are states that are bad.",
1-404,404. Katamo tasmiṃ samaye phasso hoti? Yo tasmiṃ samaye phasso phusanā saṃphusanā saṃphusitattaṃ – ayaṃ tasmiṃ samaye phasso hoti.,"Questions and answers on “contact”, “feeling”, “indifference”, and “the faculty of indifference” identical with those in §§ 151 – 154 .
Summary",
1-405,405. Katamā tasmiṃ samaye vedanā hoti? Yaṃ tasmiṃ samaye tajjāmanoviññāṇadhātusamphassajaṃ cetasikaṃ neva sātaṃ nāsātaṃ cetosamphassajaṃ adukkhamasukhaṃ vedayitaṃ cetosamphassajā adukkhamasukhā vedanā – ayaṃ tasmiṃ samaye vedanā hoti…pe….,-,
1-406,406. Katamā tasmiṃ samaye upekkhā hoti? Yaṃ tasmiṃ samaye cetasikaṃ neva sātaṃ nāsātaṃ cetosamphassajaṃ adukkhamasukhaṃ vedayitaṃ cetosamphassajā adukkhamasukhā vedanā – ayaṃ tasmiṃ samaye upekkhā hoti…pe….,-,
1-407,"407. Katamaṃ tasmiṃ samaye upekkhindriyaṃ hoti? Yaṃ tasmiṃ samaye cetasikaṃ neva sātaṃ nāsātaṃ cetosamphassajaṃ adukkhamasukhaṃ vedayitaṃ cetosamphassajā adukkhamasukhā vedanā – idaṃ tasmiṃ samaye upekkhindriyaṃ hoti…pe… ye vā pana tasmiṃ samaye aññepi atthi paṭiccasamuppannā arūpino dhammā – ime dhammā akusalā.
Tasmiṃ kho pana samaye cattāro khandhā honti, dvāyatanāni honti, dve dhātuyo honti, tayo āhārā honti, pañcindriyāni honti, caturaṅgikaṃ jhānaṃ hoti, caturaṅgiko maggo hoti, cattāri balāni honti, dve hetū honti, eko phasso hoti…pe… ekaṃ dhammāyatanaṃ hoti, ekā dhammadhātu hoti; ye vā pana tasmiṃ samaye aññepi atthi paṭiccasamuppannā arūpino dhammā – ime dhammā akusalā…pe….",-,
1-408,408. Katamo tasmiṃ samaye saṅkhārakkhandho hoti? Phasso cetanā vitakko vicāro cittassekaggatā vīriyindriyaṃ samādhindriyaṃ jīvitindriyaṃ micchādiṭṭhi micchāsaṅkappo micchāvāyāmo micchāsamādhi vīriyabalaṃ samādhibalaṃ ahirikabalaṃ anottappabalaṃ lobho moho abhijjhā micchādiṭṭhi ahirikaṃ anottappaṃ samatho paggāho avikkhepo; ye vā pana tasmiṃ samaye aññepi atthi paṭiccasamuppannā arūpino dhammā ṭhapetvā vedanākkhandhaṃ ṭhapetvā saññākkhandhaṃ ṭhapetvā viññāṇakkhandhaṃ – ayaṃ tasmiṃ samaye saṅkhārakkhandho hoti…pe… ime dhammā akusalā.,"What on that occasion is the skandha of synergies?
Contact,
volition,
applied, and
sustained thought,
zest,
self-collectedness,
etc.
[Continue as in § 398 , “joy” having been omitted as incompatible with “disinterestedness”.]
6. With Indifference, with Views, Instigated",
1-409,"409. Katame dhammā akusalā? Yasmiṃ samaye akusalaṃ cittaṃ uppannaṃ hoti upekkhāsahagataṃ diṭṭhigatasampayuttaṃ sasaṅkhārena rūpārammaṇaṃ vā…pe… dhammārammaṇaṃ vā yaṃ yaṃ vā panārabbha, tasmiṃ samaye phasso hoti…pe… avikkhepo hoti…pe… ime dhammā akusalā.","Which are the states that are bad?
When a bad thought has arisen which is accompanied by indifference, is associated with views and opinions, and is instigated, and which has as its object a sight … or what not, then there is contact, etc.
[Continue as in Thought 5.]
7. With Indifference, without Views",
1-410,"410. Katame dhammā akusalā? Yasmiṃ samaye akusalaṃ cittaṃ uppannaṃ hoti upekkhāsahagataṃ diṭṭhigatavippayuttaṃ rūpārammaṇaṃ vā saddārammaṇaṃ vā gandhārammaṇaṃ vā rasārammaṇaṃ vā phoṭṭhabbārammaṇaṃ vā dhammārammaṇaṃ vā yaṃ yaṃ vā panārabbha, tasmiṃ samaye phasso hoti, vedanā hoti, saññā hoti, cetanā hoti, cittaṃ hoti, vitakko hoti, vicāro hoti, upekkhā hoti, cittassekaggatā hoti, vīriyindriyaṃ hoti, samādhindriyaṃ hoti, manindriyaṃ hoti, upekkhindriyaṃ hoti , jīvitindriyaṃ hoti, micchāsaṅkappo hoti, micchāvāyāmo hoti, micchāsamādhi hoti, vīriyabalaṃ hoti, samādhibalaṃ hoti, ahirikabalaṃ hoti, anottappabalaṃ hoti, lobho hoti, moho hoti, abhijjhā hoti, ahirikaṃ hoti, anottappaṃ hoti, samatho hoti, paggāho hoti, avikkhepo hoti; ye vā pana tasmiṃ samaye aññepi atthi paṭiccasamuppannā arūpino dhammā – ime dhammā akusalā…pe….
Tasmiṃ kho pana samaye cattāro khandhā honti, dvāyatanāni honti , dve dhātuyo honti, tayo āhārā honti, pañcindriyāni honti, caturaṅgikaṃ jhānaṃ hoti, tivaṅgiko maggo hoti, cattāri balāni honti, dve hetū honti, eko phasso hoti…pe… ekaṃ dhammāyatanaṃ hoti, ekā dhammadhātu hoti; ye vā pana tasmiṃ samaye aññepi atthi paṭiccasamuppannā arūpino dhammā – ime dhammā akusalā…pe….","Which are the states that are bad?
When a bad thought has arisen which is accompanied by indifference, and disconnected with views and opinions, and which has as its object a sight … or what not, then there is contact, etc.
[Continue as in Thought 5., omitting “wrong views”.]
Summary",
1-411,411. Katamo tasmiṃ samaye saṅkhārakkhandho hoti? Phasso cetanā vitakko vicāro cittassekaggatā vīriyindriyaṃ samādhindriyaṃ jīvitindriyaṃ micchāsaṅkappo micchāvāyāmo micchāsamādhi vīriyabalaṃ samādhibalaṃ ahirikabalaṃ anottappabalaṃ lobho moho abhijjhā ahirikaṃ anottappaṃ samatho paggāho avikkhepo; ye vā pana tasmiṃ samaye aññepi atthi paṭiccasamuppannā arūpino dhammā ṭhapetvā vedanākkhandhaṃ ṭhapetvā saññākkhandhaṃ ṭhapetvā viññāṇakkhandhaṃ – ayaṃ tasmiṃ samaye saṅkhārakkhandho hoti…pe… ime dhammā akusalā.,"What on that occasion is the skandha of synergies?
Answer as in § 398 , omitting both “zest” and “wrong views”.
8. With Indifference, without Views, Instigated",
1-412,"412. Katame dhammā akusalā? Yasmiṃ samaye akusalaṃ cittaṃ uppannaṃ hoti upekkhāsahagataṃ diṭṭhigatavippayuttaṃ sasaṅkhārena rūpārammaṇaṃ vā…pe… dhammārammaṇaṃ vā yaṃ yaṃ vā panārabbha, tasmiṃ samaye phasso hoti…pe… avikkhepo hoti…pe… ime dhammā akusalā.","Which are the states that are bad?
Answer as in Thought 7., with the additional factor inserted, as in Thoughts 2., 4., 6., of “is instigated”.
9. With Sorrow, Repugnance",
1-413,"413. Katame dhammā akusalā? Yasmiṃ samaye akusalaṃ cittaṃ uppannaṃ hoti domanassasahagataṃ paṭighasampayuttaṃ rūpārammaṇaṃ vā saddārammaṇaṃ vā gandhārammaṇaṃ vā rasārammaṇaṃ vā phoṭṭhabbārammaṇaṃ vā dhammārammaṇaṃ vā yaṃ yaṃ vā panārabbha, tasmiṃ samaye phasso hoti, vedanā hoti, saññā hoti, cetanā hoti, cittaṃ hoti, vitakko hoti, vicāro hoti, dukkhaṃ hoti, cittassekaggatā hoti, vīriyindriyaṃ hoti, samādhindriyaṃ hoti, manindriyaṃ hoti, domanassindriyaṃ hoti, jīvitindriyaṃ hoti, micchāsaṅkappo hoti, micchāvāyāmo hoti, micchāsamādhi hoti, vīriyabalaṃ hoti, samādhibalaṃ hoti, ahirikabalaṃ hoti, anottappabalaṃ hoti, doso hoti, moho hoti, byāpādo hoti, ahirikaṃ hoti, anottappaṃ hoti, samatho hoti, paggāho hoti, avikkhepo hoti; ye vā pana tasmiṃ samaye aññepi atthi paṭiccasamuppannā arūpino dhammā – ime dhammā akusalā.","Which are the states that are bad?
When a bad thought has arisen which is accompanied by sorrow and associated with repugnance, and which has as its object a sight, a sound, a smell, a taste, a touch, a mental state, or what not, then there is
contact,
feeling,
perception,
volition,
consciousness,
thought,
applied, and
sustained thought,
distress,
self-collectedness;
the faculties of
energy,
concentration,
mind,
sorrow,
life;
wrong intention,
wrong endeavour,
wrong concentration;
the powers of
energy,
concentration,
unconscientiousness,
disregard of blame;
hate,
dullness,
malice;
unconscientiousness,
disregard of blame,
quiet,
grasp,
balance.
These, or whatever other incorporeal, causally induced states there are on that occasion—these are states that are bad.",
1-414,414. Katamo tasmiṃ samaye phasso hoti? Yo tasmiṃ samaye phasso phusanā saṃphusanā saṃphusitattaṃ – ayaṃ tasmiṃ samaye phasso hoti.,"The question and answer on “contact”, § 2 .",
1-415,415. Katamā tasmiṃ samaye vedanā hoti? Yaṃ tasmiṃ samaye tajjāmanoviññāṇadhātusamphassajaṃ cetasikaṃ asātaṃ cetasikaṃ dukkhaṃ cetosamphassajaṃ asātaṃ dukkhaṃ vedayitaṃ cetosamphassajā asātā dukkhā vedanā – ayaṃ tasmiṃ samaye vedanā hoti…pe….,"What on that occasion is feeling?
The mental pain, the mental distress ( dukkhaṃ ), which, on that occasion, is born of contact with the appropriate element of representative intellection; the painful, distressful sensation which is born of contact with thought; the painful, distressful feeling which is born of contact with thought—this is the distress that there then is.",
1-416,416. Katamaṃ tasmiṃ samaye dukkhaṃ hoti? Yaṃ tasmiṃ samaye cetasikaṃ asātaṃ cetasikaṃ dukkhaṃ cetosamphassajaṃ asātaṃ dukkhaṃ vedayitaṃ cetosamphassajā asātā dukkhā vedanā – idaṃ tasmiṃ samaye dukkhaṃ hoti…pe….,"What on that occasion is distress ( dukkhaṃ ) … the faculty of sorrow ( domanassindriyaṃ )?
Answers as for “feeling” in § 415 , omitting “with the appropriate element of representative intellection”.",
1-417,417. Katamaṃ tasmiṃ samaye domanassindriyaṃ hoti? Yaṃ tasmiṃ samaye cetasikaṃ asātaṃ cetasikaṃ dukkhaṃ cetosamphassajaṃ asātaṃ dukkhaṃ vedayitaṃ cetosamphassajā asātā dukkhā vedanā – idaṃ tasmiṃ samaye domanassindriyaṃ hoti…pe….,-,
1-418,418. Katamo tasmiṃ samaye doso hoti? Yo tasmiṃ samaye doso dussanā dussitattaṃ byāpatti byāpajjanā byāpajjitattaṃ virodho paṭivirodho caṇḍikkaṃ asuropo anattamanatā cittassa – ayaṃ tasmiṃ samaye doso hoti…pe….,"What on that occasion is hate?
The hate, hating, hatred, which on that occasion is a disordered temper, the getting upset, opposition, hostility, churlishness, abruptness, disgust of heart—this is the hate that there then is.",
1-419,"419. Katamo tasmiṃ samaye byāpādo hoti? Yo tasmiṃ samaye doso dussanā dussitattaṃ byāpatti byāpajjanā byāpajjitattaṃ virodho paṭivirodho caṇḍikkaṃ asuropo anattamanatā cittassa – ayaṃ tasmiṃ samaye byāpādo hoti…pe… ye vā pana tasmiṃ samaye aññepi atthi paṭiccasamuppannā arūpino dhammā – ime dhammā akusalā.
Tasmiṃ kho pana samaye cattāro khandhā honti, dvāyatanāni honti, dve dhātuyo honti, tayo āhārā honti, pañcindriyāni honti, caturaṅgikaṃ jhānaṃ hoti, tivaṅgiko maggo hoti, cattāri balāni honti, dve hetū honti, eko phasso hoti…pe… ekaṃ dhammāyatanaṃ hoti , ekā dhammadhātu hoti; ye vā pana tasmiṃ samaye aññepi atthi paṭiccasamuppannā arūpino dhammā – ime dhammā akusalā…pe….","What on that occasion is malice?
Answer as for “hate”.
Or whatever other incorporeal, causally induced states there are on that occasion—these are states that are bad.
Summary",
1-420,420. Katamo tasmiṃ samaye saṅkhārakkhandho hoti? Phasso cetanā vitakko vicāro cittassekaggatā vīriyindriyaṃ samādhindriyaṃ jīvitindriyaṃ micchāsaṅkappo micchāvāyāmo micchāsamādhi vīriyabalaṃ samādhibalaṃ ahirikabalaṃ anottappabalaṃ doso moho byāpādo ahirikaṃ anottappaṃ samatho paggāho avikkhepo; ye vā pana tasmiṃ samaye aññepi atthi paṭiccasamuppannā arūpino dhammā ṭhapetvā vedanākkhandhaṃ ṭhapetvā saññākkhandhaṃ ṭhapetvā viññāṇakkhandhaṃ – ayaṃ tasmiṃ samaye saṅkhārakkhandho hoti…pe… ime dhammā akusalā.,"What on that occasion is the skandha of synergies?
contact,
volition,
applied, and
sustained thought,
self-collectedness;
the faculties of
energy,
concentration,
life;
wrong intention,
wrong endeavour,
wrong concentration;
the powers of
energy,
concentration,
unconscientiousness,
disregard of blame;
hate,
dullness,
malice;
unconscientiousness,
disregard of blame,
quiet,
grasp,
balance.
These, or whatever other incorporeal, causally induced states there are on that occasion, exclusive of the skandhas of feeling, perception and consciousness—these are the skandha of syntheses.
10. With Sorrow, Repugnance, Instigated
Which",
1-421,"421. Katame dhammā akusalā? Yasmiṃ samaye akusalaṃ cittaṃ uppannaṃ hoti domanassasahagataṃ paṭighasampayuttaṃ sasaṅkhārena rūpārammaṇaṃ vā…pe… dhammārammaṇaṃ vā yaṃ yaṃ vā panārabbha, tasmiṃ samaye phasso hoti…pe… avikkhepo hoti…pe… ime dhammā akusalā.","are the states that are bad?
When a bad thought has arisen which is accompanied by sorrow, is associated with repugnance, is instigated, and has as its object a sight … or what not, then there is contact, etc.
[Continue as in Thought 9.]
11. With Indifference, Perplexity",
1-422,"422. Katame dhammā akusalā? Yasmiṃ samaye akusalaṃ cittaṃ uppannaṃ hoti upekkhāsahagataṃ vicikicchāsampayuttaṃ rūpārammaṇaṃ vā saddārammaṇaṃ vā gandhārammaṇaṃ vā rasārammaṇaṃ vā phoṭṭhabbārammaṇaṃ vā dhammārammaṇaṃ vā yaṃ yaṃ vā panārabbha, tasmiṃ samaye phasso hoti, vedanā hoti, saññā hoti, cetanā hoti, cittaṃ hoti, vitakko hoti, vicāro hoti, upekkhā hoti, cittassekaggatā hoti, vīriyindriyaṃ hoti, manindriyaṃ hoti, upekkhindriyaṃ hoti, jīvitindriyaṃ hoti, micchāsaṅkappo hoti, micchāvāyāmo hoti, vīriyabalaṃ hoti, ahirikabalaṃ hoti, anottappabalaṃ hoti, vicikicchā hoti, moho hoti, ahirikaṃ hoti, anottappaṃ hoti, paggāho hoti; ye vā pana tasmiṃ samaye aññepi atthi paṭiccasamuppannā arūpino dhammā – ime dhammā akusalā.","Which are the states that are bad?
When a bad thought has arisen which is accompanied by indifference and associated with perplexity, and which has as its object a sight, a sound, a smell, a taste, a touch, a mental state, or what not, then there is
contact,
feeling,
perception,
volition,
consciousness,
applied, and
sustained thought,
indifference,
self-collectedness;
the faculties of
energy,
mind,
indifference,
life;
wrong intention,
wrong endeavour;
the powers of
energy,
unconscientiousness,
disregard of blame;
perplexity,
dullness;
unconscientiousness,
disregard of blame,
grasp.
These, or whatever other incorporeal, causally induced states there are on that occasion—these are states that are bad.",
1-423,423. Katamo tasmiṃ samaye phasso hoti? Yo tasmiṃ samaye phasso phusanā saṃphusanā saṃphusitattaṃ – ayaṃ tasmiṃ samaye phasso hoti…pe….,"What on that occasion is contact?
The usual formula.",
1-424,424. Katamā tasmiṃ samaye cittassekaggatā hoti? Yā tasmiṃ samaye cittassa ṭhiti – ayaṃ tasmiṃ samaye cittassekaggatā hoti…pe….,"What on that occasion is self-collectedness?
The persistence of thought which there is on that occasion—this is the self-collectedness that there then is.",
1-425,"425. Katamā tasmiṃ samaye vicikicchā hoti? Yā tasmiṃ samaye kaṅkhā kaṅkhāyanā kaṅkhāyitattaṃ vimati vicikicchā dveḷhakaṃ dvedhāpatho saṃsayo anekaṃsaggāho āsappanā parisappanā apariyogāhanā thambhitattaṃ cittassa manovilekho – ayaṃ tasmiṃ samaye vicikicchā hoti…pe… ye vā pana tasmiṃ samaye aññepi atthi paṭiccasamuppannā arūpino dhammā – ime dhammā akusalā.
Tasmiṃ kho pana samaye cattāro khandhā honti, dvāyatanāni honti, dve dhātuyo honti, tayo āhārā honti, cattāri indriyāni honti , caturaṅgikaṃ jhānaṃ hoti, duvaṅgiko maggo hoti, tīṇi balāni honti, eko hetu hoti, eko phasso hoti…pe… ekaṃ dhammāyatanaṃ hoti , ekā dhammadhātu hoti; ye vā pana tasmiṃ samaye aññepi atthi paṭiccasamuppannā arūpino dhammā – ime dhammā akusalā…pe….","What on that occasion is perplexity ( vicikicchā )?
The doubt, the hesitating, the dubiety, which on that occasion is puzzlement, perplexity; distraction, standing at cross-roads; collapse, uncertainty of grasp; evasion, hesitation; incapacity of grasping thoroughly, stiffness of mind, mental scarifying—this is the perplexity that there then is.
Summary",
1-426,426. Katamo tasmiṃ samaye saṅkhārakkhandho hoti? Phasso cetanā vitakko vicāro cittassekaggatā vīriyindriyaṃ jīvitindriyaṃ micchāsaṅkappo micchāvāyāmo vīriyabalaṃ ahirikabalaṃ anottappabalaṃ vicikicchā moho ahirikaṃ anottappaṃ paggāho; ye vā pana tasmiṃ samaye aññepi atthi paṭiccasamuppannā arūpino dhammā ṭhapetvā vedanākkhandhaṃ ṭhapetvā saññākkhandhaṃ ṭhapetvā viññāṇakkhandhaṃ – ayaṃ tasmiṃ samaye saṅkhārakkhandho hoti…pe… ime dhammā akusalā.,"What on that occasion is the skandha of synergies?
contact,
volition,
applied, and
sustained thought,
self-collectedness;
the faculties of
energy,
life;
wrong intention,
wrong endeavour;
the powers of
energy,
unconscientiousness,
disregard of blame;
perplexity,
dullness;
unconscientiousness,
disregard of blame,
grasp.
Or whatever other, etc.
[Continue as in § 420 .]
12. With Indifference, Distraction",
1-427,"427. Katame dhammā akusalā? Yasmiṃ samaye akusalaṃ cittaṃ uppannaṃ hoti upekkhāsahagataṃ uddhaccasampayuttaṃ rūpārammaṇaṃ vā…pe… yaṃ yaṃ vā panārabbha, tasmiṃ samaye phasso hoti, vedanā hoti, saññā hoti, cetanā hoti, cittaṃ hoti, vitakko hoti, vicāro hoti, upekkhā hoti, cittassekaggatā hoti, vīriyindriyaṃ hoti, samādhindriyaṃ hoti, manindriyaṃ hoti, upekkhindriyaṃ hoti, jīvitindriyaṃ hoti, micchāsaṅkappo hoti, micchāvāyāmo hoti, micchāsamādhi hoti, vīriyabalaṃ hoti, samādhibalaṃ hoti, ahirikabalaṃ hoti , anottappabalaṃ hoti, uddhaccaṃ hoti, moho hoti, ahirikaṃ hoti, anottappaṃ hoti, samatho hoti, paggāho hoti, avikkhepo hoti; ye vā pana tasmiṃ samaye aññepi atthi paṭiccasamuppannā arūpino dhammā – ime dhammā akusalā.","Which are the states that are bad?
When a bad thought has arisen which is accompanied by indifference and associated with distraction, and which has as its object a sight, a sound, a smell, a taste, a touch, a mental state, or what not, then there is
contact,
feeling,
perception,
volition,
consciousness,
applied, and
sustained thought,
indifference,
self-collectedness;
the faculties of
energy,
concentration,
mind,
indifference,
life;
wrong intention,
wrong endeavour,
wrong concentration;
the powers of
energy,
concentration,
unconscientiousness,
disregard of blame;
distraction,
dullness;
unconscientiousness,
disregard of blame,
quiet,
grasp,
balance.
These, or whatever other incorporeal, causally induced states there are on that occasion—these are states that are bad.",
1-428,428. Katamo tasmiṃ samaye phasso hoti? Yo tasmiṃ samaye phasso phusanā saṃphusanā saṃphusitattaṃ – ayaṃ tasmiṃ samaye phasso hoti…pe….,Usual question and answer on “contact”.,
1-429,"429. Katamaṃ tasmiṃ samaye uddhaccaṃ hoti? Yaṃ tasmiṃ samaye cittassa uddhaccaṃ avūpasamo cetaso vikkhepo bhantattaṃ cittassa – idaṃ tasmiṃ samaye uddhaccaṃ hoti …pe… ye vā pana tasmiṃ samaye aññepi atthi paṭiccasamuppannā arūpino dhammā – ime dhammā akusalā.
Tasmiṃ kho pana samaye cattāro khandhā honti, dvāyatanāni honti, dve dhātuyo honti, tayo āhārā honti, pañcindriyāni honti, caturaṅgikaṃ jhānaṃ hoti, tivaṅgiko maggo hoti, cattāri balāni honti, eko hetu hoti, eko phasso hoti…pe… ekaṃ dhammāyatanaṃ hoti, ekā dhammadhātu hoti; ye vā pana tasmiṃ samaye aññepi atthi paṭiccasamuppannā arūpino dhammā – ime dhammā akusalā…pe….","What on that occasion is distraction ( uddhaccaṃ )?
The excitement of mind which on that occasion is disquietude, agitation of heart, turmoil of mind—this is the excitement that there then is.",
1-430,"430. Katamo tasmiṃ samaye saṅkhārakkhandho hoti? Phasso cetanā vitakko vicāro cittassekaggatā vīriyindriyaṃ samādhindriyaṃ jīvitindriyaṃ micchāsaṅkappo micchāvāyāmo micchāsamādhi vīriyabalaṃ samādhibalaṃ ahirikabalaṃ anottappabalaṃ uddhaccaṃ moho ahirikaṃ anottappaṃ samatho paggāho avikkhepo; ye vā pana tasmiṃ samaye aññepi atthi paṭiccasamuppannā arūpino dhammā ṭhapetvā vedanākkhandhaṃ ṭhapetvā saññākkhandhaṃ ṭhapetvā viññāṇakkhandhaṃ – ayaṃ tasmiṃ samaye saṅkhārakkhandho hoti…pe… ime dhammā akusalā.
Dvādasa akusalacittāni.","What on that occasion is the skandha of synergies?
contact,
volition,
applied, and
sustained thought,
self-collectedness;
the faculties of
energy,
concentration,
life;
wrong intention,
wrong endeavour,
wrong concentration;
the powers of
energy,
concentration,
unconscientiousness,
disregard of blame;
distraction,
dullness;
unconscientiousness,
disregard of blame,
quiet,
grasp,
balance.
Or whatever other, etc.
[Continue as in § 62 .]
[Here end] the Twelve Bad Thoughts.
A Buddhist Manual of Psychological Ethics , a rys_davids of the Dhammasaṅgaṇī, Compendium of States or Phenomena, by Caroline A.F. Rhys Davids and D. Litt., M.A. .
Published by the Pali Text Society in 1900 . Reprinted 1923, 1974, 1993, 2004.
Released by the Pali Text Society under Creative Commons Attribution-NonCommercial 3.0 licence (CC BY-NC 3.0) .
See also the statement under http://",
1-431,"431. Katame dhammā abyākatā? Yasmiṃ samaye kāmāvacarassa kusalassa kammassa katattā upacitattā vipākaṃ cakkhuviññāṇaṃ uppannaṃ hoti upekkhāsahagataṃ rūpārammaṇaṃ, tasmiṃ samaye phasso hoti, vedanā hoti, saññā hoti, cetanā hoti, cittaṃ hoti, upekkhā hoti, cittassekaggatā hoti, manindriyaṃ hoti, upekkhindriyaṃ hoti, jīvitindriyaṃ hoti; ye vā pana tasmiṃ samaye aññepi atthi paṭiccasamuppannā arūpino dhammā – ime dhammā abyākatā.","Which are the states that are indeterminate?
When, as the result of good karma having been wrought, having been stored up in connexion with the sensuous universe, visual cognition has arisen, accompanied by indifference, and having as its object something seen, then there is
contact,
feeling,
perception,
volition,
consciousness,
indifference,
self-collectedness;
the faculties of
mind,
indifference,
life;
These, or whatever other incorporeal, causally induced states there are on that occasion—these are states that are indeterminate.",
1-432,432. Katamo tasmiṃ samaye phasso hoti? Yo tasmiṃ samaye phasso phusanā saṃphusanā saṃphusitattaṃ – ayaṃ tasmiṃ samaye phasso hoti.,"Question and answer on “contact” as above, passim.",
1-433,433. Katamā tasmiṃ samaye vedanā hoti? Yaṃ tasmiṃ samaye tajjācakkhuviññāṇadhātusamphassajaṃ cetasikaṃ neva sātaṃ nāsātaṃ cetosamphassajaṃ adukkhamasukhaṃ vedayitaṃ cetosamphassajā adukkhamasukhā vedanā – ayaṃ tasmiṃ samaye vedanā hoti.,"What on that occasion is feeling?
The mental [condition], neither pleasant nor unpleasant, which on that occasion is born of contact with the appropriate element of visual cognition; the sensation, born of contact with thought, which is neither easeful nor painful; the feeling, born of contact with thought, which is neither easeful nor painful—this is the feeling that there then is.",
1-434,434. Katamā tasmiṃ samaye saññā hoti? Yā tasmiṃ samaye tajjācakkhuviññāṇadhātusamphassajā saññā sañjānanā sañjānitattaṃ – ayaṃ tasmiṃ samaye saññā hoti.,"What on that occasion is perception?
The perception, the perceiving, the state of having perceived, which on that occasion is born of contact with the appropriate element of visual cognition—this is the perception that there then is.",
1-435,435. Katamā tasmiṃ samaye cetanā hoti? Yā tasmiṃ samaye tajjācakkhuviññāṇadhātusamphassajā cetanā sañcetanā cetayitattaṃ – ayaṃ tasmiṃ samaye cetanā hoti.,"What on that occasion is volition?
The volition, the purpose, the purposefulness which on that occasion is born of contact with the appropriate element of visual cognition—this is the volition that there then is.",
1-436,436. Katamaṃ tasmiṃ samaye cittaṃ hoti? Yaṃ tasmiṃ samaye cittaṃ mano mānasaṃ hadayaṃ paṇḍaraṃ mano manāyatanaṃ manindriyaṃ viññāṇaṃ viññāṇakkhandho tajjācakkhuviññāṇadhātu – idaṃ tasmiṃ samaye cittaṃ hoti.,"What on that occasion is consciousness?
The consciousness which on that occasion is mind, intelligence, heart, that which is clear, the sphere of mind, the faculty of mind, cognition, the skandha of consciousness, the appropriate element of visual cognition—this is the thought that there then is.",
1-437,437. Katamā tasmiṃ samaye upekkhā hoti? Yaṃ tasmiṃ samaye cetasikaṃ neva sātaṃ nāsātaṃ cetosamphassajaṃ adukkhamasukhaṃ vedayitaṃ cetosamphassajā adukkhamasukhā vedanā – ayaṃ tasmiṃ samaye upekkhā hoti.,"What on that occasion is indifference?
Answer as for “feeling”, § 436 , omitting the phrase “which is born of contact with the appropriate element of visual cognition”.",
1-438,438. Katamā tasmiṃ samaye cittassekaggatā hoti? Yā tasmiṃ samaye cittassa ṭhiti – ayaṃ tasmiṃ samaye cittassekaggatā hoti.,"What on that occasion is self-collectedness?
The persistence of thought which there is on that occasion—this is the self-collectedness that there then is.",
1-439,439. Katamaṃ tasmiṃ samaye manindriyaṃ hoti? Yaṃ tasmiṃ samaye cittaṃ mano mānasaṃ hadayaṃ paṇḍaraṃ mano manāyatanaṃ manindriyaṃ viññāṇaṃ viññāṇakkhandho tajjācakkhuviññāṇadhātu – idaṃ tasmiṃ samaye manindriyaṃ hoti.,"What on that occasion is the faculty of mind?
Answer as for “thought”, § 436 .",
1-440,440. Katamaṃ tasmiṃ samaye upekkhindriyaṃ hoti? Yaṃ tasmiṃ samaye cetasikaṃ neva sātaṃ nāsātaṃ cetosamphassajaṃ adukkhamasukhaṃ vedayitaṃ cetosamphassajā adukkhamasukhā vedanā – idaṃ tasmiṃ samaye upekkhindriyaṃ hoti.,"What on that occasion is the faculty of indifference?
Answer as in § 437 .",
1-441,"441. Katamaṃ tasmiṃ samaye jīvitindriyaṃ hoti? Yo tesaṃ arūpīnaṃ dhammānaṃ āyu ṭhiti yapanā yāpanā iriyanā vattanā pālanā jīvitaṃ jīvitindriyaṃ – idaṃ tasmiṃ samaye jīvitindriyaṃ hoti; ye vā pana tasmiṃ samaye aññepi atthi paṭiccasamuppannā arūpino dhammā – ime dhammā abyākatā.
Tasmiṃ kho pana samaye cattāro khandhā honti, dvāyatanāni honti, dve dhātuyo honti, tayo āhārā honti, tīṇindriyāni honti, eko phasso hoti…pe… ekā cakkhuviññāṇadhātu hoti, ekaṃ dhammāyatanaṃ hoti, ekā dhammadhātu hoti; ye vā pana tasmiṃ samaye aññepi atthi paṭiccasamuppannā arūpino dhammā – ime dhammā abyākatā…pe….","What on that occasion is the faculty of life?
Answer as in § 19 .
Or whatever other incorporeal, causally induced states there are on that occasion—these are the states that are indeterminate.
Summary",
1-442,442. Katamo tasmiṃ samaye saṅkhārakkhandho hoti? Phasso cetanā cittassekaggatā jīvitindriyaṃ; ye vā pana tasmiṃ samaye aññepi atthi paṭiccasamuppannā arūpino dhammā ṭhapetvā vedanākkhandhaṃ ṭhapetvā saññākkhandhaṃ ṭhapetvā viññāṇakkhandhaṃ – ayaṃ tasmiṃ samaye saṅkhārakkhandho hoti…pe… ime dhammā abyākatā.,"What on that occasion is the skandha of synergies?
Contact,
volition,
self-collectedness,
the faculty of life,
or whatever other incorporeal, causally induced states there are on that occasion, exclusive of the skandhas of feeling, perception, and consciousness—these are the skandha of synergies.
(ii.-v.)",
1-443,"443. Katame dhammā abyākatā? Yasmiṃ samaye kāmāvacarassa kusalassa kammassa katattā upacitattā vipākaṃ sotaviññāṇaṃ uppannaṃ hoti upekkhāsahagataṃ saddārammaṇaṃ…pe… ghānaviññāṇaṃ uppannaṃ hoti upekkhāsahagataṃ gandhārammaṇaṃ…pe… jivhāviññāṇaṃ uppannaṃ hoti upekkhāsahagataṃ rasārammaṇaṃ…pe… kāyaviññāṇaṃ uppannaṃ hoti sukhasahagataṃ phoṭṭhabbārammaṇaṃ, tasmiṃ samaye phasso hoti, vedanā hoti, saññā hoti, cetanā hoti, cittaṃ hoti, sukhaṃ hoti, cittassekaggatā hoti, manindriyaṃ hoti, sukhindriyaṃ hoti, jīvitindriyaṃ hoti; ye vā pana tasmiṃ samaye aññepi atthi paṭiccasamuppannā arūpino dhammā – ime dhammā abyākatā.","Which are the states that are indeterminate?
When, as the result of good karma having been wrought, having been stored up in connexion with the sensuous universe,
auditory cognition,
olfactory cognition, or
gustatory cognition
has arisen, accompanied by indifference, and having as its object
a sound,
a smell, or
a taste
respectively … or
cognition of body (touch)
has arisen, accompanied by ease, and having as its object
something tangible,
then there is
contact,
feeling,
perception,
volition,
thought,
ease,
self-collectedness;
the faculties of
mind,
ease,
life.
Now, these, or whatever other incorporeal, causally induced states there are on that occasion—these are states that are indeterminate.",
1-444,444. Katamo tasmiṃ samaye phasso hoti? Yo tasmiṃ samaye phasso phusanā saṃphusanā saṃphusitattaṃ – ayaṃ tasmiṃ samaye phasso hoti.,"Question and answer on “contact” as above, passim.",
1-445,445. Katamā tasmiṃ samaye vedanā hoti? Yaṃ tasmiṃ samaye tajjākāyaviññāṇadhātusamphassajaṃ kāyikaṃ sātaṃ kāyikaṃ sukhaṃ kāyasamphassajaṃ sātaṃ sukhaṃ vedayitaṃ kāyasamphassajā sātā sukhā vedanā – ayaṃ tasmiṃ samaye vedanā hoti.,"What on that occasion is feeling?
The bodily pleasure, the bodily ease, which on that occasion is born of the appropriate element of the cognition of body; the pleasurable, easeful sensation which is born of contact with the body; the pleasurable, easeful feeling which is born of contact with the body—this is the feeling that there then is.",
1-446,446. Katamā tasmiṃ samaye saññā hoti? Yā tasmiṃ samaye tajjākāyaviññāṇadhātusamphassajā saññā sañjānanā sañjānitattaṃ – ayaṃ tasmiṃ samaye saññā hoti.,"What on that occasion is perception?
The perception, the perceiving, the state of having perceived, which on that occasion is born of contact with appropriate element of the cognition of body—this is the perception that there then is.",
1-447,447. Katamā tasmiṃ samaye cetanā hoti? Yā tasmiṃ samaye tajjākāyaviññāṇadhātusamphassajā cetanā sañcetanā cetayitattaṃ – ayaṃ tasmiṃ samaye cetanā hoti.,"What on that occasion is volition?
The volition, the purpose, the purposefulness, which on that occasion is born of contact with the appropriate element of the cognition of body—this is the volition that there then is.",
1-448,448. Katamaṃ tasmiṃ samaye cittaṃ hoti? Yaṃ tasmiṃ samaye cittaṃ mano mānasaṃ hadayaṃ paṇḍaraṃ mano manāyatanaṃ manindriyaṃ viññāṇaṃ viññāṇakkhandho tajjākāyaviññāṇadhātu – idaṃ tasmiṃ samaye cittaṃ hoti.,"What on that occasion is consciousness?
The thought which on that occasion is intelligence, mind, heart, that which is clear; the sphere of mind, the faculty of mind, cognition, the skandha of consciousness, the appropriate element of the cognition of body—this is the thought that there then is.",
1-449,449. Katamaṃ tasmiṃ samaye sukhaṃ hoti? Yaṃ tasmiṃ samaye kāyikaṃ sātaṃ kāyikaṃ sukhaṃ kāyasamphassajaṃ sātaṃ sukhaṃ vedayitaṃ kāyasamphassajā sātā sukhā vedanā – idaṃ tasmiṃ samaye sukhaṃ hoti.,"What on that occasion is ease?
The bodily pleasure, the bodily ease which on that occasion is the pleasant, easeful sensation born of contact with the body; the pleasant, easeful feeling born of contact with the body—this is the ease that there then is.",
1-450,450. Katamā tasmiṃ samaye cittassekaggatā hoti? Yā tasmiṃ samaye cittassa ṭhiti – ayaṃ tasmiṃ samaye cittassekaggatā hoti.,"What on that occasion is self-collectedness … the faculty of mind … of ease … of life?
Answers as in §§ 438 , 448 , 449 , and , 441 respectively.
Or whatever other incorporeal, causally induced states there are on that occasion—these are states that are indeterminate.
Summary",
1-451,451. Katamaṃ tasmiṃ samaye manindriyaṃ hoti? Yaṃ tasmiṃ samaye cittaṃ mano mānasaṃ hadayaṃ paṇḍaraṃ mano manāyatanaṃ manindriyaṃ viññāṇaṃ viññāṇakkhandho tajjākāyaviññāṇadhātu – idaṃ tasmiṃ samaye manindriyaṃ hoti.,-,
1-452,452. Katamaṃ tasmiṃ samaye sukhindriyaṃ hoti? Yaṃ tasmiṃ samaye kāyikaṃ sātaṃ kāyikaṃ sukhaṃ kāyasamphassajaṃ sātaṃ sukhaṃ vedayitaṃ kāyasamphassajā sātā sukhā vedanā – idaṃ tasmiṃ samaye sukhindriyaṃ hoti.,-,
1-453,"453. Katamaṃ tasmiṃ samaye jīvitindriyaṃ hoti? Yo tesaṃ arūpīnaṃ dhammānaṃ āyu ṭhiti yapanā yāpanā iriyanā vattanā pālanā jīvitaṃ jīvitindriyaṃ – idaṃ tasmiṃ samaye jīvitindriyaṃ hoti; ye vā pana tasmiṃ samaye aññepi atthi paṭiccasamuppannā arūpino dhammā – ime dhammā abyākatā.
Tasmiṃ kho pana samaye cattāro khandhā honti, dvāyatanāni honti, dve dhātuyo honti, tayo āhārā honti, tīṇindriyāni honti, eko phasso hoti…pe… ekā kāyaviññāṇadhātu hoti, ekaṃ dhammāyatanaṃ hoti, ekā dhammadhātu hoti; ye vā pana tasmiṃ samaye aññepi atthi paṭiccasamuppannā arūpino dhammā – ime dhammā abyākatā…pe….",-,
1-454,"454. Katamo tasmiṃ samaye saṅkhārakkhandho hoti? Phasso cetanā cittassekaggatā jīvitindriyaṃ; ye vā pana tasmiṃ samaye aññepi atthi paṭiccasamuppannā arūpino dhammā ṭhapetvā vedanākkhandhaṃ ṭhapetvā saññākkhandhaṃ ṭhapetvā viññāṇakkhandhaṃ – ayaṃ tasmiṃ samaye saṅkhārakkhandho hoti…pe… ime dhammā abyākatā.
Kusalavipākāni pañcaviññāṇāni.","What on that occasion is the skandha of synergies?
Answer as in § 442 .
(b) Good (karma) taking effect in mental life ( kusalavipākā manodhātu ).",
1-455,"455. Katame dhammā abyākatā? Yasmiṃ samaye kāmāvacarassa kusalassa kammassa katattā upacitattā vipākā manodhātu uppannā hoti upekkhāsahagatā rūpārammaṇā vā…pe… phoṭṭhabbārammaṇā vā yaṃ yaṃ vā panārabbha, tasmiṃ samaye phasso hoti, vedanā hoti, saññā hoti, cetanā hoti, cittaṃ hoti, vitakko hoti, vicāro hoti , upekkhā hoti, cittassekaggatā hoti, manindriyaṃ hoti , upekkhindriyaṃ hoti, jīvitindriyaṃ hoti; ye vā pana tasmiṃ samaye aññepi atthi paṭiccasamuppannā arūpino dhammā – ime dhammā abyākatā.","Which are the states that are indeterminate?
When, as the result of good karma having been wrought, having been stored up in connexion with the sensuous universe, the element of mind has arisen, accompanied by indifference, and having as its object a sight, a sound, a smell, a taste, something tangible, or what not, then there is
contact,
feeling,
perception,
volition,
consciousness,
applied, and
sustained thought,
indifference,
self-collectedness;
the faculties of
mind,
indifference,
life.
These, or whatever other incorporeal, causally induced states there are on that occasion—these are states that are indeterminate.",
1-456,456. Katamo tasmiṃ samaye phasso hoti? Yo tasmiṃ samaye phasso phusanā saṃphusanā saṃphusitattaṃ – ayaṃ tasmiṃ samaye phasso hoti.,"Question and answer on “contact” as above, passim.",
1-457,457. Katamā tasmiṃ samaye vedanā hoti? Yaṃ tasmiṃ samaye tajjāmanodhātusamphassajaṃ cetasikaṃ neva sātaṃ nāsātaṃ cetosamphassajaṃ adukkhamasukhaṃ vedayitaṃ cetosamphassajā adukkhamasukhā vedanā – ayaṃ tasmiṃ samaye vedanā hoti.,"What on that occasion is feeling?
The mental [condition], neither pleasant nor unpleasant, which on that occasion is born of contact with the appropriate element of mind; the sensation, born of contact with thought, which is neither easeful nor painful; the feeling, born of contact with thought, which is neither easeful nor painful—this is the feeling that there then is.",
1-458,458. Katamā tasmiṃ samaye saññā hoti? Yā tasmiṃ samaye tajjāmanodhātusamphassajā saññā sañjānanā sañjānitattaṃ – ayaṃ tasmiṃ samaye saññā hoti.,"What on that occasion is perception … volition … thought?
Answers as in §§ 446 – 448 , substituting “element of ideation” for “element of the cognition of body”.",
1-459,459. Katamā tasmiṃ samaye cetanā hoti? Yā tasmiṃ samaye tajjāmanodhātusamphassajā cetanā sañcetanā cetayitattaṃ – ayaṃ tasmiṃ samaye cetanā hoti.,-,
1-460,460. Katamaṃ tasmiṃ samaye cittaṃ hoti? Yaṃ tasmiṃ samaye cittaṃ mano mānasaṃ hadayaṃ paṇḍaraṃ mano manāyatanaṃ manindriyaṃ viññāṇaṃ viññāṇakkhandho tajjāmanodhātu – idaṃ tasmiṃ samaye cittaṃ hoti.,-,
1-461,461. Katamo tasmiṃ samaye vitakko hoti? Yo tasmiṃ samaye takko vitakko saṅkappo appanā byappanā cetaso abhiniropanā – ayaṃ tasmiṃ samaye vitakko hoti.,"What on that occasion is applied thinking?
The discrimination, the application which on that occasion is the disposing, the fixing, the focussing, the superposing of the mind—this is the applied thinking that there then is.",
1-462,462. Katamo tasmiṃ samaye vicāro hoti? Yo tasmiṃ samaye cāro vicāro anuvicāro upavicāro cittassa anusandhānatā anupekkhanatā – ayaṃ tasmiṃ samaye vicāro hoti.,"What on that occasion is sustained thought?
The process, the sustained procedure, the progress and access [of the mind] which on that occasion is the continuous adjusting and directing of thought—this is the sustained thought that there then is.",
1-463,463. Katamā tasmiṃ samaye upekkhā hoti? Yaṃ tasmiṃ samaye cetasikaṃ neva sātaṃ nāsātaṃ cetosamphassajaṃ adukkhamasukhaṃ vedayitaṃ cetosamphassajā adukkhamasukhā vedanā – ayaṃ tasmiṃ samaye upekkhā hoti.,"What on that occasion is indifference … self-collected-ness.., the faculty of mind … of indifference … of life?
Answers as in §§ 437 , 438 , 460 , 440 , 441 respectively.
Summary",
1-464,464. Katamā tasmiṃ samaye cittassekaggatā hoti? Yā tasmiṃ samaye cittassa ṭhiti – ayaṃ tasmiṃ samaye cittassekaggatā hoti.,-,
1-465,465. Katamaṃ tasmiṃ samaye manindriyaṃ hoti? Yaṃ tasmiṃ samaye cittaṃ mano mānasaṃ hadayaṃ paṇḍaraṃ mano manāyatanaṃ manindriyaṃ viññāṇaṃ viññāṇakkhandho tajjāmanodhātu – idaṃ tasmiṃ samaye manindriyaṃ hoti.,-,
1-466,466. Katamaṃ tasmiṃ samaye upekkhindriyaṃ hoti? Yaṃ tasmiṃ samaye cetasikaṃ neva sātaṃ nāsātaṃ cetosamphassajaṃ adukkhamasukhaṃ vedayitaṃ cetosamphassajā adukkhamasukhā vedanā – idaṃ tasmiṃ samaye upekkhindriyaṃ hoti.,-,
1-467,"467. Katamaṃ tasmiṃ samaye jīvitindriyaṃ hoti? Yo tesaṃ arūpīnaṃ dhammānaṃ āyu ṭhiti yapanā yāpanā iriyanā vattanā pālanā jīvitaṃ jīvitindriyaṃ – idaṃ tasmiṃ samaye jīvitindriyaṃ hoti; ye vā pana tasmiṃ samaye aññepi atthi paṭiccasamuppannā arūpino dhammā – ime dhammā abyākatā.
Tasmiṃ kho pana samaye cattāro khandhā honti, dvāyatanāni honti, dve dhātuyo honti, tayo āhārā honti, tīṇindriyāni honti, eko phasso hoti…pe… ekā manodhātu hoti, ekaṃ dhammāyatanaṃ hoti, ekā dhammadhātu hoti; ye vā pana tasmiṃ samaye aññepi atthi paṭiccasamuppannā arūpino dhammā – ime dhammā abyākatā…pe….",-,
1-468,"468. Katamo tasmiṃ samaye saṅkhārakkhandho hoti? Phasso cetanā vitakko vicāro cittassekaggatā jīvitindriyaṃ; ye vā pana tasmiṃ samaye aññepi atthi paṭiccasamuppannā arūpino dhammā ṭhapetvā vedanākkhandhaṃ ṭhapetvā saññākkhandhaṃ ṭhapetvā viññāṇakkhandhaṃ – ayaṃ tasmiṃ samaye saṅkhārakkhandho hoti…pe… ime dhammā abyākatā.
Kusalavipākā manodhātu.","What on that occasion is the skandha of synergies?
Contact,
volition,
applied, and
sustained thought,
self-collectedness,
and the faculty of life.
Or whatever other incorporeal, causally induced states there are on that occasion, exclusive of the skandhas of feeling, perception and consciousness—these are the skandha of synergies.
(c) Good (karma) taking effect in representative intellection ( kusala-vipākamanoviññāṇadhātu )
(i) When accompanied by happiness",
1-469,"469. Katame dhammā abyākatā? Yasmiṃ samaye kāmāvacarassa kusalassa kammassa katattā upacitattā vipākā manoviññāṇadhātu uppannā hoti somanassasahagatā rūpārammaṇā vā…pe… dhammārammaṇā vā yaṃ yaṃ vā panārabbha, tasmiṃ samaye phasso hoti, vedanā hoti, saññā hoti, cetanā hoti, cittaṃ hoti, vitakko hoti, vicāro hoti, pīti hoti, sukhaṃ hoti, cittassekaggatā hoti, manindriyaṃ hoti, somanassindriyaṃ hoti, jīvitindriyaṃ hoti; ye vā pana tasmiṃ samaye aññepi atthi paṭiccasamuppannā arūpino dhammā – ime dhammā abyākatā.","Which are the states that are indeterminate?
When, as the result of good karma having been wrought, having been stored up in connexion with the sensuous universe, an element of representative cognition has arisen, accompanied by gladness, and having as its object a sight, a sound, a smell, a taste, something tangible, the idea [of any of these], or what not, then there is
contact,
feeling,
perception,
volition,
consciousness,
applied, and,
sustained thought,
zest,
ease,
self-collectedness;
the faculties of
mind,
gladness,
life.
These, or whatever other, etc.
[Continue as in § 455 .]",
1-470,470. Katamo tasmiṃ samaye phasso hoti? Yo tasmiṃ samaye phasso phusanā saṃphusanā saṃphusitattaṃ – ayaṃ tasmiṃ samaye phasso hoti.,"These thirteen constituent states are described as in §§ 2 – 11 and with the exception of “applied thinking” ( vitakko ) and “self-collectedness” ( cittass' ekaggatā ), which are described with the restricted connotation used in §§ 461 , 464 .
Summary",
1-471,471. Katamā tasmiṃ samaye vedanā hoti? Yaṃ tasmiṃ samaye tajjāmanoviññāṇadhātusamphassajaṃ cetasikaṃ sātaṃ cetasikaṃ sukhaṃ cetosamphassajaṃ sātaṃ sukhaṃ vedayitaṃ cetosamphassajā sātā sukhā vedanā – ayaṃ tasmiṃ samaye vedanā hoti.,-,
1-472,472. Katamā tasmiṃ samaye saññā hoti? Yā tasmiṃ samaye tajjāmanoviññāṇadhātusamphassajā saññā sañjānanā sañjānitattaṃ – ayaṃ tasmiṃ samaye saññā hoti.,-,
1-473,473. Katamā tasmiṃ samaye cetanā hoti. Yā tasmiṃ samaye tajjāmanoviññāṇadhātusamphassajā cetanā sañcetanā cetayitattaṃ – ayaṃ tasmiṃ samaye cetanā hoti.,-,
1-474,474. Katamaṃ tasmiṃ samaye cittaṃ hoti? Yaṃ tasmiṃ samaye cittaṃ mano mānasaṃ hadayaṃ paṇḍaraṃ mano manāyatanaṃ manindriyaṃ viññāṇaṃ viññāṇakkhandho tajjāmanoviññāṇadhātu – idaṃ tasmiṃ samaye cittaṃ hoti.,-,
1-475,475. Katamo tasmiṃ samaye vitakko hoti? Yo tasmiṃ samaye takko vitakko saṅkappo appanā byappanā cetaso abhiniropanā – ayaṃ tasmiṃ samaye vitakko hoti.,-,
1-476,476. Katamo tasmiṃ samaye vicāro hoti? Yo tasmiṃ samaye cāro vicāro anuvicāro upavicāro cittassa anusandhānatā anupekkhanatā – ayaṃ tasmiṃ samaye vicāro hoti.,-,
1-477,477. Katamā tasmiṃ samaye pīti hoti? Yā tasmiṃ samaye pīti pāmojjaṃ āmodanā pamodanā hāso pahāso vitti odagyaṃ attamanatā cittassa – ayaṃ tasmiṃ samaye pīti hoti.,-,
1-478,478. Katamaṃ tasmiṃ samaye sukhaṃ hoti? Yaṃ tasmiṃ samaye cetasikaṃ sātaṃ cetasikaṃ sukhaṃ cetosamphassajaṃ sātaṃ sukhaṃ vedayitaṃ cetosamphassajā sātā sukhā vedanā – idaṃ tasmiṃ samaye sukhaṃ hoti.,-,
1-479,479. Katamā tasmiṃ samaye cittassekaggatā hoti? Yā tasmiṃ samaye cittassa ṭhiti – ayaṃ tasmiṃ samaye cittassekaggatā hoti.,-,
1-480,480. Katamaṃ tasmiṃ samaye manindriyaṃ hoti? Yaṃ tasmiṃ samaye cittaṃ mano mānasaṃ hadayaṃ paṇḍaraṃ mano manāyatanaṃ manindriyaṃ viññāṇaṃ viññāṇakkhandho tajjāmanoviññāṇadhātu – idaṃ tasmiṃ samaye manindriyaṃ hoti.,-,
1-481,481. Katamaṃ tasmiṃ samaye somanassindriyaṃ hoti? Yaṃ tasmiṃ samaye cetasikaṃ sātaṃ cetasikaṃ sukhaṃ cetosamphassajaṃ sātaṃ sukhaṃ vedayitaṃ cetosamphassajā sātā sukhā vedanā – idaṃ tasmiṃ samaye somanassindriyaṃ hoti.,-,
1-482,"482. Katamaṃ tasmiṃ samaye jīvitindriyaṃ hoti? Yo tesaṃ arūpīnaṃ dhammānaṃ āyu ṭhiti yapanā yāpanā iriyanā vattanā pālanā jīvitaṃ jīvitindriyaṃ – idaṃ tasmiṃ samaye jīvitindriyaṃ hoti; ye vā pana tasmiṃ samaye aññepi atthi paṭiccasamuppannā arūpino dhammā – ime dhammā abyākatā.
Tasmiṃ kho pana samaye cattāro khandhā honti, dvāyatanāni honti, dve dhātuyo honti, tayo āhārā honti, tīṇindriyāni honti, eko phasso hoti…pe… ekā manoviññāṇadhātu hoti, ekaṃ dhammāyatanaṃ hoti, ekā dhammadhātu hoti; ye vā pana tasmiṃ samaye aññepi atthi paṭiccasamuppannā arūpino dhammā – ime dhammā abyākatā…pe….",-,
1-483,"483. Katamo tasmiṃ samaye saṅkhārakkhandho hoti? Phasso cetanā vitakko vicāro pīti cittassekaggatā jīvitindriyaṃ; ye vā pana tasmiṃ samaye aññepi atthi paṭiccasamuppannā arūpino dhammā ṭhapetvā vedanākkhandhaṃ ṭhapetvā saññākkhandhaṃ ṭhapetvā viññāṇakkhandhaṃ – ayaṃ tasmiṃ samaye saṅkhārakkhandho hoti…pe… ime dhammā abyākatā.
Kusalavipākā manoviññāṇadhātu somanassasahagatā.","What on that occasion is the skandha of synergies?
contact,
volition,
applied, and,
sustained thought,
zest,
self-collectedness;
the faculty of life.
Or whatever incorporeal, causally induced states there are on that occasion, exclusive of the skandhas of feeling, perception, and consciousness—these are the skandha of synergies.
(ii) When accompanied by indifference",
1-484,"484. Katame dhammā abyākatā? Yasmiṃ samaye kāmāvacarassa kusalassa kammassa katattā upacitattā vipākā manoviññāṇadhātu uppannā hoti upekkhāsahagatā rūpārammaṇā vā…pe… dhammārammaṇā vā yaṃ yaṃ vā panārabbha, tasmiṃ samaye phasso hoti, vedanā hoti, saññā hoti, cetanā hoti, cittaṃ hoti, vitakko hoti, vicāro hoti, upekkhā hoti, cittassekaggatā hoti, manindriyaṃ hoti, upekkhindriyaṃ hoti, jīvitindriyaṃ hoti; ye vā pana tasmiṃ samaye aññepi atthi paṭiccasamuppannā arūpino dhammā – ime dhammā abyākatā.","Which are the states that are indeterminate?
When, as the result of good karma having been wrought, having been stored up in connexion with the sensuous universe, an element of representative cognition has arisen, accompanied by indifference, and having as its object a sight, etc. (cf. above, § 469 ) … then there is
contact,
feeling,
perception,
volition,
consciousness,
applied, and
sustained thought,
indifference,
self-collectedness;
the faculties of
mind,
indifference,
life.
These, or whatever other, etc.
[Continue as in § 469 .]",
1-485,485. Katamo tasmiṃ samaye phasso hoti? Yo tasmiṃ samaye phasso phusanā saṃphusanā saṃphusitattaṃ – ayaṃ tasmiṃ samaye phasso hoti.,"These thirteen states are described as in the foregoing section (i), except that the questions and answers on “feeling” and “indifference”, as given in §§ 152 – 154 , must be substituted for those on “feeling”, “zest”, and the “faculty of gladness”, given in §§ 471 , 477 , and 481 . “Ease” is omitted.
Summary",
1-486,486. Katamā tasmiṃ samaye vedanā hoti? Yaṃ tasmiṃ samaye tajjāmanoviññāṇadhātusamphassajaṃ cetasikaṃ neva sātaṃ nāsātaṃ cetosamphassajaṃ adukkhamasukhaṃ vedayitaṃ cetosamphassajā adukkhamasukhā vedanā – ayaṃ tasmiṃ samaye vedanā hoti.,-,
1-487,487. Katamā tasmiṃ samaye saññā hoti? Yā tasmiṃ samaye tajjāmanoviññāṇadhātusamphassajā saññā sañjānanā sañjānitattaṃ – ayaṃ tasmiṃ samaye saññā hoti.,-,
1-488,488. Katamā tasmiṃ samaye cetanā hoti? Yā tasmiṃ samaye tajjāmanoviññāṇadhātusamphassajā cetanā sañcetanā cetayitattaṃ – ayaṃ tasmiṃ samaye cetanā hoti.,-,
1-489,489. Katamaṃ tasmiṃ samaye cittaṃ hoti? Yaṃ tasmiṃ samaye cittaṃ mano mānasaṃ hadayaṃ paṇḍaraṃ mano manāyatanaṃ manindriyaṃ viññāṇaṃ viññāṇakkhandho tajjāmanoviññāṇadhātu – idaṃ tasmiṃ samaye cittaṃ hoti.,-,
1-490,490. Katamo tasmiṃ samaye vitakko hoti? Yo tasmiṃ samaye takko vitakko saṅkappo appanā byappanā cetaso abhiniropanā – ayaṃ tasmiṃ samaye vitakko hoti.,-,
1-491,491. Katamo tasmiṃ samaye vicāro hoti? Yo tasmiṃ samaye cāro vicāro anuvicāro upavicāro cittassa anusandhānatā anupekkhanatā – ayaṃ tasmiṃ samaye vicāro hoti.,-,
1-492,492. Katamā tasmiṃ samaye upekkhā hoti? Yaṃ tasmiṃ samaye cetasikaṃ neva sātaṃ nāsātaṃ cetosamphassajaṃ adukkhamasukhaṃ vedayitaṃ cetosamphassajā adukkhamasukhā vedanā – ayaṃ tasmiṃ samaye upekkhā hoti.,-,
1-493,493. Katamā tasmiṃ samaye cittassekaggatā hoti? Yā tasmiṃ samaye cittassa ṭhiti – ayaṃ tasmiṃ samaye cittassekaggatā hoti.,-,
1-494,494. Katamaṃ tasmiṃ samaye manindriyaṃ hoti? Yaṃ tasmiṃ samaye cittaṃ mano mānasaṃ hadayaṃ paṇḍaraṃ mano manāyatanaṃ manindriyaṃ viññāṇaṃ viññāṇakkhandho tajjāmanoviññāṇadhātu – idaṃ tasmiṃ samaye manindriyaṃ hoti.,-,
1-495,495. Katamaṃ tasmiṃ samaye upekkhindriyaṃ hoti? Yaṃ tasmiṃ samaye cetasikaṃ neva sātaṃ nāsātaṃ cetosamphassajaṃ adukkhamasukhaṃ vedayitaṃ cetosamphassajā adukkhamasukhā vedanā – idaṃ tasmiṃ samaye upekkhindriyaṃ hoti.,-,
1-496,"496. Katamaṃ tasmiṃ samaye jīvitindriyaṃ hoti? Yo tesaṃ arūpīnaṃ dhammānaṃ āyu ṭhiti yapanā yāpanā iriyanā vattanā pālanā jīvitaṃ jīvitindriyaṃ – idaṃ tasmiṃ samaye jīvitindriyaṃ hoti; ye vā pana tasmiṃ samaye aññepi atthi paṭiccasamuppannā arūpino dhammā – ime dhammā abyākatā.
Tasmiṃ kho pana samaye cattāro khandhā honti, dvāyatanāni honti, dve dhātuyo honti, tayo āhārā honti, tīṇindriyāni honti, eko phasso hoti…pe… ekā manoviññāṇadhātu hoti, ekaṃ dhammāyatanaṃ hoti, ekā dhammadhātu hoti; ye vā pana tasmiṃ samaye aññepi atthi paṭiccasamuppannā arūpino dhammā – ime dhammā abyākatā…pe….",-,
1-497,"497. Katamo tasmiṃ samaye saṅkhārakkhandho hoti? Phasso cetanā vitakko vicāro cittassekaggatā jīvitindriyaṃ; ye vā pana tasmiṃ samaye aññepi atthi paṭiccasamuppannā arūpino dhammā ṭhapetvā vedanākkhandhaṃ ṭhapetvā saññākkhandhaṃ ṭhapetvā viññāṇakkhandhaṃ – ayaṃ tasmiṃ samaye saṅkhārakkhandho hoti…pe… ime dhammā abyākatā.
Kusalavipākā upekkhāsahagatā manoviññāṇadhātu.","The skandha of synergies is identical with the content stated in § 483 , but with the omission of “zest”.
(d) The Eight Main Types of Results ( aṭṭha mahāvipākā )",
1-498,"498. Katame dhammā abyākatā? Yasmiṃ samaye kāmāvacarassa kusalassa kammassa katattā upacitattā vipākā manoviññāṇadhātu uppannā hoti somanassasahagatā ñāṇasampayuttā…pe… somanassasahagatā ñāṇasampayuttā sasaṅkhārena…pe… somanassasahagatā ñāṇavippayuttā…pe… somanassasahagatā ñāṇavippayuttā sasaṅkhārena…pe… upekkhāsahagatā ñāṇasampayuttā…pe… upekkhāsahagatā ñāṇasampayuttā sasaṅkhārena…pe… upekkhāsahagatā ñāṇavippayuttā…pe… upekkhāsahagatā ñāṇavippayuttā sasaṅkhārena rūpārammaṇā vā…pe… dhammārammaṇā vā yaṃ yaṃ vā panārabbha, tasmiṃ samaye phasso hoti…pe… avikkhepo hoti …pe… ime dhammā abyākatā…pe… alobho abyākatamūlaṃ…pe… adoso abyākatamūlaṃ…pe… ime dhammā abyākatā.
Aṭṭhamahāvipākā.","Which are the states that are indeterminate?
When, as the result of good karma having been wrought, having been stored up in connexion with the sensuous universe, an element of representative cognition has arisen,
accompanied by gladness and associated with knowledge …
accompanied by gladness, associated with knowledge, and instigated …
accompanied by gladness and disconnected with knowledge …
accompanied by gladness, disconnected with knowledge, and instigated …
accompanied by indifference and associated with knowledge …
accompanied by indifference, associated with knowledge, and instigated …
accompanied by indifference and disconnected with knowledge …
accompanied by indifference, disconnected with knowledge, and instigated, and having as its object a sight, a sound, a smell, a taste, something tangible, or what not, then there is contact … balance. These, or whatever other incorporeal, causally induced states there are on that occasion—these are states that are indeterminate.",
1-499,"499. Katame dhammā abyākatā? Yasmiṃ samaye rūpūpapattiyā maggaṃ bhāveti vivicceva kāmehi…pe… paṭhamaṃ jhānaṃ upasampajja viharati pathavīkasiṇaṃ, tasmiṃ samaye phasso hoti…pe… avikkhepo hoti…pe… ime dhammā kusalā. Tasseva rūpāvacarassa kusalassa kammassa katattā upacitattā vipākaṃ vivicceva kāmehi…pe… paṭhamaṃ jhānaṃ upasampajja viharati pathavīkasiṇaṃ, tasmiṃ samaye phasso hoti…pe… avikkhepo hoti…pe… ime dhammā abyākatā.","Which are the states that are indeterminate?
When, that he may attain to the heavens of Form, he cultivates the way [thereto], and aloof from sensuous desires, etc., enters into and abides in the First Jhāna … then there is contact, etc. Now, these … are states that are good. But when, as the result of just this good karma having been wrought, having been stored up, in connexion with the universe of Form, he, aloof from sensuous desires, etc., enters into and abides in the First Jhāna … then there is contact, etc. And these … are states that are indeterminate.",
1-500,"500. Katame dhammā abyākatā? Yasmiṃ samaye rūpūpapattiyā maggaṃ bhāveti vitakkavicārānaṃ vūpasamā…pe… dutiyaṃ jhānaṃ…pe… tatiyaṃ jhānaṃ…pe… catutthaṃ jhānaṃ…pe… paṭhamaṃ jhānaṃ…pe… pañcamaṃ jhānaṃ upasampajja viharati pathavīkasiṇaṃ, tasmiṃ samaye phasso hoti…pe… avikkhepo hoti…pe… ime dhammā kusalā. Tasseva rūpāvacarassa kusalassa kammassa katattā upacitattā vipākaṃ sukhassa ca pahānā…pe… pañcamaṃ jhānaṃ upasampajja viharati pathavīkasiṇaṃ, tasmiṃ samaye phasso hoti…pe… avikkhepo hoti…pe… ime dhammā abyākatā.
Rūpāvacaravipākā.","Repeat, substituting the formulae of the remaining Jhānas on the Fourfold System, and of all the Jhānas on the Fivefold System.
3. In the Universe of the Formless",
1-501,"501. Katame dhammā abyākatā? Yasmiṃ samaye arūpūpapattiyā maggaṃ bhāveti sabbaso rūpasaññānaṃ samatikkamā paṭighasaññānaṃ atthaṅgamā nānattasaññānaṃ amanasikārā ākāsānañcāyatanasaññāsahagataṃ sukhassa ca pahānā…pe… catutthaṃ jhānaṃ upasampajja viharati, tasmiṃ samaye phasso hoti…pe… avikkhepo hoti…pe… ime dhammā kusalā. Tasseva arūpāvacarassa kusalassa kammassa katattā upacitattā vipākaṃ sabbaso rūpasaññānaṃ samatikkamā paṭighasaññānaṃ atthaṅgamā nānattasaññānaṃ amanasikārā ākāsānañcāyatanasaññāsahagataṃ sukhassa ca pahānā…pe… catutthaṃ jhānaṃ upasampajja viharati, tasmiṃ samaye phasso hoti…pe… avikkhepo hoti…pe… ime dhammā abyākatā.","Which are the states that are indeterminate?
When, that he may attain to the heavens of the Formless, he cultivates the way [thereto], and so, by passing wholly beyond all consciousness of form, by the dying out of the consciousness of sensory reaction, by turning the attention from any consciousness of the manifold, he enters into and abides in that frame of mind which is accompanied by the consciousness of a sphere of unbounded space—even the Fourth Jhāna, to gain which all sense of ease has been put away, etc. [Continue as in 265 ] —then the contact … the balance that arises, these … are states that are good.
But when, as the result of just this good karma having been wrought, having been stored up in connexion with the universe of the Formless, he, by passing wholly beyond all consciousness of form, by the dying out of the consciousness of sensory reaction, by turning the attention from any consciousness of the manifold, enters into and abides in that rapt meditation which is accompanied by the consciousness of a sphere of unbounded space—even the Fourth Jhāna, to gain which all sense of ease has been put away, etc. [Continue as above] … then the contact … the balance that arises, these … are states that are indeterminate.",
1-502,"502. Katame dhammā abyākatā? Yasmiṃ samaye arūpūpapattiyā maggaṃ bhāveti sabbaso ākāsānañcāyatanaṃ samatikkamma viññāṇañcāyatanasaññāsahagataṃ sukhassa ca pahānā…pe… catutthaṃ jhānaṃ upasampajja viharati, tasmiṃ samaye phasso hoti…pe… avikkhepo hoti…pe… ime dhammā kusalā. Tasseva arūpāvacarassa kusalassa kammassa katattā upacitattā vipākaṃ sabbaso ākāsānañcāyatanaṃ samatikkamma viññāṇañcāyatanasaññāsahagataṃ sukhassa ca pahānā…pe… catutthaṃ jhānaṃ upasampajja viharati, tasmiṃ samaye phasso hoti…pe… avikkhepo hoti…pe… ime dhammā abyākatā.","Here follow in succession the other three “Jhānas connected with Formless Existence” ( §§ 266 – 268 ), namely, “the Sphere of Infinite Consciousness”, “the Sphere of Nothingness”, and “the Sphere where there is neither perception nor Non-perception”, each having the Fourth Jhāna as its “result”, as in the formula stated in § 501 .
A Buddhist Manual of Psychological Ethics , a rys_davids of the Dhammasaṅgaṇī, Compendium of States or Phenomena, by Caroline A.F. Rhys Davids and D. Litt., M.A. .
Published by the Pali Text Society in 1900 . Reprinted 1923, 1974, 1993, 2004.
Released by the Pali Text Society under Creative Commons Attribution-NonCommercial 3.0 licence (CC BY-NC 3.0) .
See also the statement under http://",
1-503,"503. Katame dhammā abyākatā? Yasmiṃ samaye arūpūpapattiyā maggaṃ bhāveti sabbaso viññāṇañcāyatanaṃ samatikkamma ākiñcaññāyatanasaññāsahagataṃ sukhassa ca pahānā…pe… catutthaṃ jhānaṃ upasampajja viharati, tasmiṃ samaye phasso hoti…pe… avikkhepo hoti…pe… ime dhammā kusalā. Tasseva arūpāvacarassa kusalassa kammassa katattā upacitattā vipākaṃ sabbaso viññāṇañcāyatanaṃ samatikkamma ākiñcaññāyatanasaññāsahagataṃ sukhassa ca pahānā…pe… catutthaṃ jhānaṃ upasampajja viharati, tasmiṃ samaye phasso hoti…pe… avikkhepo hoti…pe… ime dhammā abyākatā.",-,
1-504,"504. Katame dhammā abyākatā? Yasmiṃ samaye arūpūpapattiyā maggaṃ bhāveti sabbaso ākiñcaññāyatanaṃ samatikkamma nevasaññānāsaññāyatanasaññāsahagataṃ sukhassa ca pahānā…pe… catutthaṃ jhānaṃ upasampajja viharati, tasmiṃ samaye phasso hoti…pe… avikkhepo hoti…pe… ime dhammā kusalā. Tasseva arūpāvacarassa kusalassa kammassa katattā upacitattā vipākaṃ sabbaso ākiñcaññāyatanaṃ samatikkamma nevasaññānāsaññāyatanasaññāsahagataṃ sukhassa ca pahānā…pe… catutthaṃ jhānaṃ upasampajja viharati, tasmiṃ samaye phasso hoti…pe… avikkhepo hoti…pe… ime dhammā abyākatā.
Arūpāvacaravipākā.",-,
1-505,"505. Katame dhammā abyākatā? Yasmiṃ samaye lokuttaraṃ jhānaṃ bhāveti niyyānikaṃ apacayagāmiṃ diṭṭhigatānaṃ pahānāya paṭhamāya bhūmiyā pattiyā vivicceva kāmehi…pe… paṭhamaṃ jhānaṃ upasampajja viharati dukkhapaṭipadaṃ dandhābhiññaṃ, tasmiṃ samaye phasso hoti…pe… avikkhepo hoti…pe… ime dhammā kusalā. Tasseva lokuttarassa kusalassa jhānassa katattā bhāvitattā vipākaṃ vivicceva kāmehi…pe… paṭhamaṃ jhānaṃ upasampajja viharati dukkhapaṭipadaṃ dandhābhiññaṃ suññataṃ, tasmiṃ samaye phasso hoti…pe… aññindriyaṃ hoti…pe… avikkhepo hoti…pe… ime dhammā abyākatā.","Which are the states that are indeterminate?
When he cultivates the Jhāna of the Higher Ideal (the rapt meditation), whereby there is a going forth and onward, making for the undoing of rebirth, and when, that he may attain to the First Stage, he has put away views and opinions, and so, aloof from sensuous desires, aloof from evil ideas, he enters into and abides in the First Jhāna … [Continue as in § 277 ] progress thereto being difficult and intuition sluggish—then there is contact … balance. Now these … are states that are good.
But when, as the result of just this good Jhāna having been wrought, having been cultivated in pursuit of the Higher Ideal, he, aloof from sensuous desires, aloof from evil ideas, enters into and abides in the First Jhāna … progress whereto is painful, intuition wherein is sluggish, and which is Emptiness—then there is contact … the faculty of knowledge made perfect … balance. And these … are states that are indeterminate.",
1-506,"506. Katame dhammā abyākatā? Yasmiṃ samaye lokuttaraṃ jhānaṃ bhāveti niyyānikaṃ apacayagāmiṃ diṭṭhigatānaṃ pahānāya paṭhamāya bhūmiyā pattiyā vivicceva kāmehi…pe… paṭhamaṃ jhānaṃ upasampajja viharati dukkhapaṭipadaṃ dandhābhiññaṃ, tasmiṃ samaye phasso hoti…pe… avikkhepo hoti…pe… ime dhammā kusalā. Tasseva lokuttarassa kusalassa jhānassa katattā bhāvitattā vipākaṃ vivicceva kāmehi…pe… paṭhamaṃ jhānaṃ upasampajja viharati dukkhapaṭipadaṃ dandhābhiññaṃ animittaṃ, tasmiṃ samaye phasso hoti…pe… aññindriyaṃ hoti…pe… avikkhepo hoti…pe… ime dhammā abyākatā.","Which are the states that are indeterminate?
When he cultivates the Jhāna of the Higher Ideal (the rapt meditation), whereby there is a going forth and onward, making for the undoing of rebirth, and when, that he may attain to the First Stage, he has put away views and opinions, and so, aloof from sensuous desires, aloof from evil ideas, he enters into and abides in the First Jhāna … (continue as in § 277 ) progress thereto being difficult and intuition sluggish—then there is contact … balance. Now these … are states that are good.
But when, as the result of just this good Jhāna having been wrought, having been cultivated in pursuit of the Higher Ideal, he, aloof from sensuous desires, aloof from evil ideas, enters into and abides in the First Jhāna … progress whereto is painful, intuition wherein is sluggish, and which is the Signless …",
1-507,"507. Katame dhammā abyākatā? Yasmiṃ samaye lokuttaraṃ jhānaṃ bhāveti niyyānikaṃ apacayagāmiṃ diṭṭhigatānaṃ pahānāya paṭhamāya bhūmiyā pattiyā vivicceva kāmehi…pe… paṭhamaṃ jhānaṃ upasampajja viharati dukkhapaṭipadaṃ dandhābhiññaṃ, tasmiṃ samaye phasso hoti…pe… avikkhepo hoti…pe… ime dhammā kusalā. Tasseva lokuttarassa kusalassa jhānassa katattā bhāvitattā vipākaṃ vivicceva kāmehi…pe… paṭhamaṃ jhānaṃ upasampajja viharati dukkhapaṭipadaṃ dandhābhiññaṃ appaṇihitaṃ, tasmiṃ samaye phasso hoti…pe… aññindriyaṃ hoti…pe… avikkhepo hoti…pe… ime dhammā abyākatā.",[or] (repeating all the foregoing) which is the Unaimed-at—then there is contact … the faculty of knowledge made perfect … balance. And these … are states that are indeterminate.,
1-508,"508. Katame dhammā abyākatā? Yasmiṃ samaye lokuttaraṃ jhānaṃ bhāveti niyyānikaṃ apacayagāmiṃ diṭṭhigatānaṃ pahānāya paṭhamāya bhūmiyā pattiyā vitakkavicārānaṃ vūpasamā…pe… dutiyaṃ jhānaṃ…pe… tatiyaṃ jhānaṃ…pe… catutthaṃ jhānaṃ…pe… paṭhamaṃ jhānaṃ…pe… pañcamaṃ jhānaṃ upasampajja viharati dukkhapaṭipadaṃ dandhābhiññanti kusalaṃ…pe… dukkhapaṭipadaṃ dandhābhiññaṃ suññatanti vipāko…pe… dukkhapaṭipadaṃ dandhābhiññanti kusalaṃ…pe… dukkhapaṭipadaṃ dandhābhiññaṃ animittanti vipāko…pe… dukkhapaṭipadaṃ dandhābhiññanti kusalaṃ…pe… dukkhapaṭipadaṃ dandhābhiññaṃ appaṇihitanti vipāko, tasmiṃ samaye phasso hoti…pe… avikkhepo hoti…pe… ime dhammā abyākatā.","Which are the states that are indeterminate?
When he cultivates the Jhāna of the Higher Ideal (the rapt meditation), whereby there is a going forth and onward, making for the undoing of rebirth, and when, that he may attain to the First Stage, he has put away views and opinions, and so, suppressing applied and sustained thought, enters into and abides in the Second Jhāna …
[or] … in the Third Jhāna …
[or] … in the Fourth Jhāna …
[or] … [continue in the same way for fivefold Jhāna] … progress whereto is painful and intuition sluggish, then this constitutes good (karma).
But when, as the result [of this or that Jhāna the corresponding Jhāna is attained] , progress whereto is painful, intuition wherein is sluggish,
and which is Emptiness,
the Signless,
[or] the Unaimed-at,
then the contact … the balance that arises—these … are states that are indeterminate.",
1-509,"509. Katame dhammā abyākatā? Yasmiṃ samaye lokuttaraṃ jhānaṃ bhāveti niyyānikaṃ apacayagāmiṃ diṭṭhigatānaṃ pahānāya paṭhamāya bhūmiyā pattiyā vivicceva kāmehi…pe… paṭhamaṃ jhānaṃ upasampajja viharati dukkhapaṭipadaṃ khippābhiññaṃ…pe… sukhapaṭipadaṃ dandhābhiññaṃ…pe… sukhapaṭipadaṃ khippābhiññaṃ…pe… dutiyaṃ jhānaṃ…pe… tatiyaṃ jhānaṃ…pe… catutthaṃ jhānaṃ…pe… paṭhamaṃ jhānaṃ…pe… pañcamaṃ jhānaṃ upasampajja viharati sukhapaṭipadaṃ khippābhiññanti kusalaṃ…pe… sukhapaṭipadaṃ khippābhiññaṃ suññatanti vipāko…pe… sukhapaṭipadaṃ khippābhiññanti kusalaṃ…pe… sukhapaṭipadaṃ khippābhiññaṃ animittanti vipāko…pe… sukhapaṭipadaṃ khippābhiññanti kusalaṃ…pe… sukhapaṭipadaṃ khippābhiññaṃ appaṇihitanti vipāko, tasmiṃ samaye phasso hoti…pe… avikkhepo hoti…pe… ime dhammā abyākatā.
Suddhikapaṭipadā.","Repeat the two foregoing sections, substituting in order the three remaining Modes of Progress: “progress whereto is painful, but intuition quick”, “progress whereto is easy, but intuition sluggish”, and “progress whereto is easy, and intuition quick” ( §§ 176 – 180 ).
(ii) Emptiness schematized ( suddhika-suññataṃ )",
1-510,"510. Katame dhammā abyākatā? Yasmiṃ samaye lokuttaraṃ jhānaṃ bhāveti niyyānikaṃ apacayagāmiṃ diṭṭhigatānaṃ pahānāya paṭhamāya bhūmiyā pattiyā vivicceva kāmehi…pe… paṭhamaṃ jhānaṃ upasampajja viharati suññataṃ, tasmiṃ samaye phasso hoti…pe… avikkhepo hoti…pe… ime dhammā kusalā. Tasseva lokuttarassa kusalassa jhānassa katattā bhāvitattā vipākaṃ vivicceva kāmehi…pe… paṭhamaṃ jhānaṃ upasampajja viharati suññataṃ, tasmiṃ samaye phasso hoti…pe… avikkhepo hoti…pe… ime dhammā abyākatā.","Which are the states that are indeterminate?
When he cultivates the Jhāna of the Higher Ideal (the rapt meditation), whereby there is a going forth and onward, making for the undoing of rebirth, and when, that he may attain to the First Stage, he has put away views and opinions, and so, aloof from sensuous desires, aloof from evil ideas, he enters into and abides in the First Jhāna … which is Emptiness—then there is contact … balance. Now these … are states that are good.
But when, as the result of just this good Jhāna having been wrought, having been cultivated in pursuit of the Higher Ideal, he, aloof from sensuous desires, aloof from evil ideas, enters into and abides in the First Jhāna …
which is Emptiness …",
1-511,"511. Katame dhammā abyākatā? Yasmiṃ samaye lokuttaraṃ jhānaṃ bhāveti niyyānikaṃ apacayagāmiṃ diṭṭhigatānaṃ pahānāya paṭhamāya bhūmiyā pattiyā vivicceva kāmehi…pe… paṭhamaṃ jhānaṃ upasampajja viharati suññataṃ, tasmiṃ samaye phasso hoti…pe… avikkhepo hoti…pe… ime dhammā kusalā. Tasseva lokuttarassa kusalassa jhānassa katattā bhāvitattā vipākaṃ vivicceva kāmehi…pe… paṭhamaṃ jhānaṃ upasampajja viharati animittaṃ, tasmiṃ samaye phasso hoti…pe… avikkhepo hoti…pe… ime dhammā abyākatā.",[or] which is the Signless …,
1-512,"512. Katame dhammā abyākatā? Yasmiṃ samaye lokuttaraṃ jhānaṃ bhāveti niyyānikaṃ apacayagāmiṃ diṭṭhigatānaṃ pahānāya paṭhamāya bhūmiyā pattiyā vivicceva kāmehi…pe… paṭhamaṃ jhānaṃ upasampajja viharati suññataṃ, tasmiṃ samaye phasso hoti…pe… avikkhepo hoti…pe… ime dhammā kusalā. Tasseva lokuttarassa kusalassa jhānassa katattā bhāvitattā vipākaṃ vivicceva kāmehi…pe… paṭhamaṃ jhānaṃ upasampajja viharati appaṇihitaṃ, tasmiṃ samaye phasso hoti…pe… avikkhepo hoti…pe… ime dhammā abyākatā.","[or] which is the Unaimed-at—
then there is contact … balance. And these … are states that are indeterminate.",
1-513,"513. Katame dhammā abyākatā? Yasmiṃ samaye lokuttaraṃ jhānaṃ bhāveti niyyānikaṃ apacayagāmiṃ diṭṭhigatānaṃ pahānāya paṭhamāya bhūmiyā pattiyā vitakkavicārānaṃ vūpasamā…pe… dutiyaṃ jhānaṃ…pe… tatiyaṃ jhānaṃ…pe… catutthaṃ jhānaṃ…pe… paṭhamaṃ jhānaṃ…pe… pañcamaṃ jhānaṃ upasampajja viharati suññatanti kusalaṃ…pe… suññatanti vipāko…pe… suññatanti kusalaṃ…pe… animittanti vipāko…pe… suññatanti kusalaṃ…pe… appaṇihitanti vipāko, tasmiṃ samaye phasso hoti…pe… avikkhepo hoti…pe… ime dhammā abyākatā.
Suddhikasuññataṃ.","Repeat in the case of each of the remaining Jhānas on the Fourfold System and of all the Jhānas on the Fivefold System.
(iii) The Four Modes of Progress taken in connexion with the Notion of Emptiness ( suññata-paṭipāda )
The First Mode",
1-514,"514. Katame dhammā abyākatā? Yasmiṃ samaye lokuttaraṃ jhānaṃ bhāveti niyyānikaṃ apacayagāmiṃ diṭṭhigatānaṃ pahānāya paṭhamāya bhūmiyā pattiyā vivicceva kāmehi…pe… paṭhamaṃ jhānaṃ upasampajja viharati dukkhapaṭipadaṃ dandhābhiññaṃ suññataṃ, tasmiṃ samaye phasso hoti…pe… avikkhepo hoti…pe… ime dhammā kusalā. Tasseva lokuttarassa kusalassa jhānassa katattā bhāvitattā vipākaṃ vivicceva kāmehi…pe… paṭhamaṃ jhānaṃ upasampajja viharati dukkhapaṭipadaṃ dandhābhiññaṃ suññataṃ, tasmiṃ samaye phasso hoti…pe… avikkhepo hoti…pe… ime dhammā abyākatā.","Which are the states that are indeterminate?
When he cultivates the Jhāna of the Higher Ideal (the rapt meditation), whereby there is a going forth and onward, making for the undoing of rebirth, and when, that he may attain to the First Stage, he has put away views and opinions, and so, aloof from sensuous desires, aloof from evil ideas, he enters into and abides in the First Jhāna … progress whereto is painful and intuition sluggish,
and which is Emptiness,
then there is contact … balance. Now these … are states that are good.
But when, as the result of just this good Jhāna having been wrought, having been cultivated in pursuit of the Higher Ideal, he, aloof from sensuous desires, aloof from evil ideas, enters into and abides in the First Jhāna … progress whereto is painful and intuition sluggish,
and which is Emptiness …",
1-515,"515. Katame dhammā abyākatā? Yasmiṃ samaye lokuttaraṃ jhānaṃ bhāveti niyyānikaṃ apacayagāmiṃ diṭṭhigatānaṃ pahānāya paṭhamāya bhūmiyā pattiyā vivicceva kāmehi…pe… paṭhamaṃ jhānaṃ upasampajja viharati dukkhapaṭipadaṃ dandhābhiññaṃ suññataṃ, tasmiṃ samaye phasso hoti …pe… avikkhepo hoti…pe… ime dhammā kusalā. Tasseva lokuttarassa kusalassa jhānassa katattā bhāvitattā vipākaṃ vivicceva kāmehi…pe… paṭhamaṃ jhānaṃ upasampajja viharati dukkhapaṭipadaṃ dandhābhiññaṃ animittaṃ, tasmiṃ samaye phasso hoti…pe… avikkhepo hoti…pe… ime dhammā abyākatā.",[or] … which is the Signless …,
1-516,"516. Katame dhammā abyākatā? Yasmiṃ samaye lokuttaraṃ jhānaṃ bhāveti niyyānikaṃ apacayagāmiṃ diṭṭhigatānaṃ pahānāya paṭhamāya bhūmiyā pattiyā vivicceva kāmehi…pe… paṭhamaṃ jhānaṃ upasampajja viharati dukkhapaṭipadaṃ dandhābhiññaṃ suññataṃ, tasmiṃ samaye phasso hoti…pe… avikkhepo hoti…pe… ime dhammā kusalā. Tasseva lokuttarassa kusalassa jhānassa katattā bhāvitattā vipākaṃ vivicceva kāmehi…pe… paṭhamaṃ jhānaṃ upasampajja viharati dukkhapaṭipadaṃ dandhābhiññaṃ appaṇihitaṃ, tasmiṃ samaye phasso hoti…pe… avikkhepo hoti…pe… ime dhammā abyākatā.","[or] … which is the Unaimed-at,
then there is contact … balance. And these … are states that are indeterminate.",
1-517,"517. Katame dhammā abyākatā? Yasmiṃ samaye lokuttaraṃ jhānaṃ bhāveti niyyānikaṃ apacayagāmiṃ diṭṭhigatānaṃ pahānāya paṭhamāya bhūmiyā pattiyā vitakkavicārānaṃ vūpasamā…pe… dutiyaṃ jhānaṃ…pe… tatiyaṃ jhānaṃ…pe… catutthaṃ jhānaṃ…pe… paṭhamaṃ jhānaṃ…pe… pañcamaṃ jhānaṃ upasampajja viharati dukkhapaṭipadaṃ dandhābhiññaṃ suññatanti kusalaṃ…pe… dukkhapaṭipadaṃ dandhābhiññaṃ suññatanti vipāko…pe… dukkhapaṭipadaṃ dandhābhiññaṃ suññatanti kusalaṃ…pe… dukkhapaṭipadaṃ dandhābhiññaṃ animittanti vipāko…pe… dukkhapaṭipadaṃ dandhābhiññaṃ suññatanti kusalaṃ…pe… dukkhapaṭipadaṃ dandhābhiññaṃ appaṇihitanti vipāko, tasmiṃ samaye phasso hoti…pe… avikkhepo hoti…pe… ime dhammā abyākatā.","Repeat in the case of each of the remaining Jhānas on the Fourfold System, and of all the Jhānas on the Fivefold System.
The Second, Third, and Fourth Modes",
1-518,"518. Katame dhammā abyākatā? Yasmiṃ samaye lokuttaraṃ jhānaṃ bhāveti niyyānikaṃ apacayagāmiṃ diṭṭhigatānaṃ pahānāya paṭhamāya bhūmiyā pattiyā vivicceva kāmehi…pe… paṭhamaṃ jhānaṃ upasampajja viharati dukkhapaṭipadaṃ khippābhiññaṃ suññataṃ…pe… sukhapaṭipadaṃ dandhābhiññaṃ suññataṃ…pe… sukhapaṭipadaṃ khippābhiññaṃ suññataṃ …pe… dutiyaṃ jhānaṃ…pe… tatiyaṃ jhānaṃ…pe… catutthaṃ jhānaṃ…pe… paṭhamaṃ jhānaṃ…pe… pañcamaṃ jhānaṃ upasampajja viharati sukhapaṭipadaṃ khippābhiññaṃ suññatanti kusalaṃ…pe… sukhapaṭipadaṃ khippābhiññaṃ suññatanti vipāko…pe… sukhapaṭipadaṃ khippābhiññaṃ suññatanti kusalaṃ…pe… sukhapaṭipadaṃ khippābhiññaṃ animittanti vipāko…pe… sukhapaṭipadaṃ khippābhiññaṃ suññatanti kusalaṃ…pe… sukhapaṭipadaṃ khippābhiññaṃ appaṇihitanti vipāko, tasmiṃ samaye phasso hoti…pe… avikkhepo hoti…pe… ime dhammā abyākatā.
Suññatapaṭipadā.","Which are the states that are indeterminate?
When he cultivates the Jhāna of the Higher Ideal (the rapt meditation), whereby there is a going forth and onward, making for the undoing of rebirth, and when, that he may attain to the First Stage, he has put away views and opinions, and so, aloof from sensuous desires, aloof from evil ideas, he enters into and abides in the First Jhāna …
—progress whereto is painful, but intuition quick,
and which is Emptiness …
—progress whereto is easy, but intuition sluggish,
and which is Emptiness …
—progress whereto is easy and intuition quick,
and which is Emptiness …
[Repeat, substituting each of the remaining Jhānas in the case of each of the three Modes] …
then these constitute good (karma).
But when, as the result [of this or that Jhāna in any of the three Modes], he enters into and abides in any of the Jhānas taken in order, which is in any of the three Modes,
and which is Emptiness …
… [or] which is the Signless …
… [or] which is the Unaimed-at,
then there is contact … balance. And these … are states that are indeterminate.
(iv) The Notion of the Unaimed-at ( suddhika-appaṇihitaṃ )",
1-519,"519. Katame dhammā abyākatā? Yasmiṃ samaye lokuttaraṃ jhānaṃ bhāveti niyyānikaṃ apacayagāmiṃ diṭṭhigatānaṃ pahānāya paṭhamāya bhūmiyā pattiyā vivicceva kāmehi…pe… paṭhamaṃ jhānaṃ upasampajja viharati appaṇihitaṃ, tasmiṃ samaye phasso hoti…pe… avikkhepo hoti…pe… ime dhammā kusalā. Tasseva lokuttarassa kusalassa jhānassa katattā bhāvitattā vipākaṃ vivicceva kāmehi…pe… paṭhamaṃ jhānaṃ upasampajja viharati appaṇihitaṃ, tasmiṃ samaye phasso hoti…pe… avikkhepo hoti…pe… ime dhammā abyākatā.","Which are the states that are indeterminate?
When he cultivates the Jhāna of the Higher Ideal (the rapt meditation), whereby there is a going forth and onward, making for the undoing of rebirth, and when, that he may attain to the First Stage, he has put away views and opinions, and so, aloof from sensuous desires, aloof from evil ideas, he enters into and abides in the First Jhāna …
which is the Unaimed-at,
then there is contact … balance. Now these … are states that are good.
But when, as the result of just this good Jhāna having been wrought, having been cultivated in pursuit of the Higher Ideal, he, aloof from sensuous desires, aloof from evil ideas, enters into and abides in the First Jhāna …
… which is the Unaimed-at …",
1-520,"520. Katame dhammā abyākatā? Yasmiṃ samaye lokuttaraṃ jhānaṃ bhāveti niyyānikaṃ apacayagāmiṃ diṭṭhigatānaṃ pahānāya paṭhamāya bhūmiyā pattiyā vivicceva kāmehi…pe… paṭhamaṃ jhānaṃ upasampajja viharati appaṇihitaṃ, tasmiṃ samaye phasso hoti…pe… avikkhepo hoti…pe… ime dhammā kusalā. Tasseva lokuttarassa kusalassa jhānassa katattā bhāvitattā vipākaṃ vivicceva kāmehi…pe… paṭhamaṃ jhānaṃ upasampajja viharati animittaṃ, tasmiṃ samaye phasso hoti…pe… avikkhepo hoti…pe… ime dhammā abyākatā.",… [or] which is the Signless …,
1-521,"521. Katame dhammā abyākatā? Yasmiṃ samaye lokuttaraṃ jhānaṃ bhāveti niyyānikaṃ apacayagāmiṃ diṭṭhigatānaṃ pahānāya paṭhamāya bhūmiyā pattiyā vivicceva kāmehi…pe… paṭhamaṃ jhānaṃ upasampajja viharati appaṇihitaṃ, tasmiṃ samaye phasso hoti…pe… avikkhepo hoti…pe… ime dhammā kusalā. Tasseva lokuttarassa kusalassa jhānassa katattā bhāvitattā vipākaṃ vivicceva kāmehi…pe… paṭhamaṃ jhānaṃ upasampajja viharati suññataṃ, tasmiṃ samaye phasso hoti…pe… avikkhepo hoti…pe… ime dhammā abyākatā.","… [or] which is Emptiness,
then there is contact … balance. And these … are states that are indeterminate.",
1-522,"522. Katame dhammā abyākatā? Yasmiṃ samaye lokuttaraṃ jhānaṃ bhāveti niyyānikaṃ apacayagāmiṃ diṭṭhigatānaṃ pahānāya paṭhamāya bhūmiyā pattiyā vitakkavicārānaṃ vūpasamā…pe… dutiyaṃ jhānaṃ…pe… tatiyaṃ jhānaṃ…pe… catutthaṃ jhānaṃ…pe… paṭhamaṃ jhānaṃ…pe… pañcamaṃ jhānaṃ upasampajja viharati appaṇihitanti kusalaṃ…pe… appaṇihitanti vipāko…pe… appaṇihitanti kusalaṃ…pe… animittanti vipāko…pe… appaṇihitanti kusalaṃ…pe… suññatanti vipāko, tasmiṃ samaye phasso hoti…pe… avikkhepo hoti…pe… ime dhammā abyākatā.
Suddhikaappaṇihitaṃ.","Repeat in the case of each of the remaining Jhānas on the Fourfold System, and of all the Jhānas on the Fivefold System.
(v) The Four Modes of Progress taken in connexion with the Notion of the Unaimed-at ( appaṇihita-paṭipadā )",
1-523,"523. Katame dhammā abyākatā? Yasmiṃ samaye lokuttaraṃ jhānaṃ bhāveti niyyānikaṃ apacayagāmiṃ diṭṭhigatānaṃ pahānāya paṭhamāya bhūmiyā pattiyā vivicceva kāmehi…pe… paṭhamaṃ jhānaṃ upasampajja viharati dukkhapaṭipadaṃ dandhābhiññaṃ appaṇihitaṃ, tasmiṃ samaye phasso hoti…pe… avikkhepo hoti…pe… ime dhammā kusalā. Tasseva lokuttarassa kusalassa jhānassa katattā bhāvitattā vipākaṃ vivicceva kāmehi…pe… paṭhamaṃ jhānaṃ upasampajja viharati dukkhapaṭipadaṃ dandhābhiññaṃ appaṇihitaṃ, tasmiṃ samaye phasso hoti…pe… avikkhepo hoti…pe… ime dhammā abyākatā.","Which are the states that are indeterminate?
When he cultivates the Jhāna of the Higher Ideal (the rapt meditation), whereby there is a going forth and onward, making for the undoing of rebirth, and when, that he may attain to the First Stage, he has put away views and opinions, and so, aloof from sensuous desires, aloof from evil ideas, enters into and abides in the First Jhāna … progress whereto is difficult and intuition sluggish, and
… which is the Unaimed-at …
then there is contact … balance. Now these … are states that are good.
But when, as the result of just this good Jhāna having been wrought, having been cultivated in pursuit of the Higher Ideal, he, aloof from sensuous desires, aloof from evil ideas, enters into and abides in the First Jhāna … progress whereto is difficult and intuition sluggish, and
… which is the Unaimed-at …",
1-524,"524. Katame dhammā abyākatā? Yasmiṃ samaye lokuttaraṃ jhānaṃ bhāveti niyyānikaṃ apacayagāmiṃ diṭṭhigatānaṃ pahānāya paṭhamāya bhūmiyā pattiyā vivicceva kāmehi…pe… paṭhamaṃ jhānaṃ upasampajja viharati dukkhapaṭipadaṃ dandhābhiññaṃ appaṇihitaṃ, tasmiṃ samaye phasso hoti…pe… avikkhepo hoti…pe… ime dhammā kusalā. Tasseva lokuttarassa kusalassa jhānassa katattā bhāvitattā vipākaṃ vivicceva kāmehi…pe… paṭhamaṃ jhānaṃ upasampajja viharati dukkhapaṭipadaṃ dandhābhiññaṃ animittaṃ, tasmiṃ samaye phasso hoti…pe… avikkhepo hoti…pe… ime dhammā abyākatā.",… [or] which is the Signless …,
1-525,"525. Katame dhammā abyākatā? Yasmiṃ samaye lokuttaraṃ jhānaṃ bhāveti niyyānikaṃ apacayagāmiṃ diṭṭhigatānaṃ pahānāya paṭhamāya bhūmiyā pattiyā vivicceva kāmehi…pe… paṭhamaṃ jhānaṃ upasampajja viharati dukkhapaṭipadaṃ dandhābhiññaṃ appaṇihitaṃ, tasmiṃ samaye phasso hoti…pe… avikkhepo hoti…pe… ime dhammā kusalā. Tasseva lokuttarassa kusalassa jhānassa katattā bhāvitattā vipākaṃ vivicceva kāmehi…pe… paṭhamaṃ jhānaṃ upasampajja viharati dukkhapaṭipadaṃ dandhābhiññaṃ suññataṃ, tasmiṃ samaye phasso hoti…pe… avikkhepo hoti…pe… ime dhammā abyākatā.","… [or] which is Emptiness,
then there is contact … balance. And these … are states that are indeterminate.",
1-526,"526. Katame dhammā abyākatā? Yasmiṃ samaye lokuttaraṃ jhānaṃ bhāveti niyyānikaṃ apacayagāmiṃ diṭṭhigatānaṃ pahānāya paṭhamāya bhūmiyā pattiyā vitakkavicārānaṃ vūpasamā…pe… dutiyaṃ jhānaṃ…pe… tatiyaṃ jhānaṃ…pe… catutthaṃ jhānaṃ…pe… paṭhamaṃ jhānaṃ…pe… pañcamaṃ jhānaṃ upasampajja viharati dukkhapaṭipadaṃ dandhābhiññaṃ appaṇihitanti kusalaṃ…pe… dukkhapaṭipadaṃ dandhābhiññaṃ appaṇihitanti vipāko…pe… dukkhapaṭipadaṃ dandhābhiññaṃ appaṇihitanti kusalaṃ…pe… dukkhapaṭipadaṃ dandhābhiññaṃ animittanti vipāko…pe… dukkhapaṭipadaṃ dandhābhiññaṃ appaṇihitanti kusalaṃ…pe… dukkhapaṭipadaṃ dandhābhiññaṃ suññatanti vipāko, tasmiṃ samaye phasso hoti…pe… avikkhepo hoti…pe… ime dhammā abyākatā.","Which are the states that are indeterminate?
When he cultivates the Jhāna of the Higher Ideal (the rapt meditation), whereby there is a going forth and onward, making for the undoing of rebirth, and when, that he may attain to the First Stage, he has put away views and opinions, and so, suppressing the working of applied and of sustained thought, he enters into and abides in the Second Jhāna, or into [any of the remaining Jhānas, both on the Fourfold and the Fivefold System] …
progress whereto is difficult and intuition sluggish,
… which is the Unaimed-at …
then this constitutes good (karma).
But when, as the result [of this or that Jhāna the corresponding Jhāna is attained] , progress whereto is difficult and intuition sluggish,
and which is the Unaimed-at, …
… [or] which is the Signless,
… [or] which is Emptiness,
then there is contact … balance. And these … are states that are indeterminate.",
1-527,"527. Katame dhammā abyākatā? Yasmiṃ samaye lokuttaraṃ jhānaṃ bhāveti niyyānikaṃ apacayagāmiṃ diṭṭhigatānaṃ pahānāya paṭhamāya bhūmiyā pattiyā vivicceva kāmehi…pe… paṭhamaṃ jhānaṃ upasampajja viharati dukkhapaṭipadaṃ khippābhiññaṃ appaṇihitaṃ…pe… sukhapaṭipadaṃ dandhābhiññaṃ appaṇihitaṃ…pe… sukhapaṭipadaṃ khippābhiññaṃ appaṇihitaṃ…pe… dutiyaṃ jhānaṃ…pe… tatiyaṃ jhānaṃ…pe… catutthaṃ jhānaṃ…pe… paṭhamaṃ jhānaṃ…pe… pañcamaṃ jhānaṃ upasampajja viharati sukhapaṭipadaṃ khippābhiññaṃ appaṇihitanti kusalaṃ…pe… sukhapaṭipadaṃ khippābhiññaṃ appaṇihitanti vipāko…pe… sukhapaṭipadaṃ khippābhiññaṃ appaṇihitanti kusalaṃ…pe… sukhapaṭipadaṃ khippābhiññaṃ animittanti vipāko…pe… sukhapaṭipadaṃ khippābhiññaṃ appaṇihitanti kusalaṃ…pe… sukhapaṭipadaṃ khippābhiññaṃ suññatanti vipāko, tasmiṃ samaye phasso hoti…pe… avikkhepo hoti…pe… ime dhammā abyākatā.
Appaṇihitapaṭipadā.","The Second, Third, and Fourth Modes are now substituted in turn, as was done in § 518 .
The Remaining Nineteen Great Methods",
1-528,"528. Katame dhammā abyākatā? Yasmiṃ samaye lokuttaraṃ maggaṃ bhāveti…pe… lokuttaraṃ satipaṭṭhānaṃ bhāveti…pe… lokuttaraṃ sammappadhānaṃ bhāveti…pe… lokuttaraṃ iddhipādaṃ bhāveti…pe… lokuttaraṃ indriyaṃ bhāveti…pe… lokuttaraṃ balaṃ bhāveti…pe… lokuttaraṃ bojjhaṅgaṃ bhāveti…pe… lokuttaraṃ saccaṃ bhāveti…pe… lokuttaraṃ samathaṃ bhāveti…pe… lokuttaraṃ dhammaṃ bhāveti…pe… lokuttaraṃ khandhaṃ bhāveti…pe… lokuttaraṃ āyatanaṃ bhāveti…pe… lokuttaraṃ dhātuṃ bhāveti…pe… lokuttaraṃ āhāraṃ bhāveti…pe… lokuttaraṃ phassaṃ bhāveti…pe… lokuttaraṃ vedanaṃ bhāveti…pe… lokuttaraṃ saññaṃ bhāveti…pe… lokuttaraṃ cetanaṃ bhāveti…pe… lokuttaraṃ cittaṃ bhāveti niyyānikaṃ apacayagāmiṃ diṭṭhigatānaṃ pahānāya paṭhamāya bhūmiyā pattiyā vivicceva kāmehi…pe… paṭhamaṃ jhānaṃ upasampajja viharati dukkhapaṭipadaṃ dandhābhiññaṃ, tasmiṃ samaye phasso hoti …pe… avikkhepo hoti…pe… ime dhammā kusalā tasseva lokuttarassa kusalassa jhānassa katattā bhāvitattā vipākaṃ vivicceva kāmehi…pe… paṭhamaṃ jhānaṃ upasampajja viharati dukkhapaṭipadaṃ dandhābhiññaṃ suññataṃ…pe… animittaṃ …pe… appaṇihitaṃ, tasmiṃ samaye phasso hoti…pe… avikkhepo hoti…pe… ime dhammā abyākatā.
Vīsati mahānayā.","Which are the states that are indeterminate?
Here follow nineteen concepts, each of which can be substituted for “the Jhāna of the Higher Ideal” in the preceding exercises ( §§ 505 – 528 ), the exercise to which they are actually applied in this paragraph being the “Scheme with the Modes of Progress” given in §§ 505 – 509 . These nineteen concepts are enumerated in § 358 .
(vi) The scheme with the Modes of Progress taken in connexion with the Dominant Influence of Desire ( chandādhipateyyaṃ-suddhika-paṭipāda )",
1-529,"529. Katame dhammā abyākatā? Yasmiṃ samaye lokuttaraṃ jhānaṃ bhāveti niyyānikaṃ apacayagāmiṃ diṭṭhigatānaṃ pahānāya paṭhamāya bhūmiyā pattiyā vivicceva kāmehi…pe… paṭhamaṃ jhānaṃ upasampajja viharati dukkhapaṭipadaṃ dandhābhiññaṃ chandādhipateyyaṃ, tasmiṃ samaye phasso hoti…pe… avikkhepo hoti…pe… ime dhammā kusalā. Tasseva lokuttarassa kusalassa jhānassa katattā bhāvitattā vipākaṃ vivicceva kāmehi…pe… paṭhamaṃ jhānaṃ upasampajja viharati dukkhapaṭipadaṃ dandhābhiññaṃ suññataṃ chandādhipateyyaṃ, tasmiṃ samaye phasso hoti…pe… avikkhepo hoti…pe… ime dhammā abyākatā.","Which are the states that are indeterminate?
When he cultivates the Jhāna of the Higher Ideal (the rapt meditation), whereby there is a going forth and onward, making for the undoing of rebirth, and when, that he may attain to the First Stage, he has put away views and opinions, and so, aloof from sensuous desires, aloof from evil ideas, enters into and abides in the First Jhāna … progress whereto is difficult and intuition sluggish, and the dominant influence in which is Desire—then there is contact … balance. Now these … are states that are good.
But when, as the result of just this good Jhāna having been wrought, having been cultivated in pursuit of the Higher Ideal, he, aloof from sensuous desires, aloof from evil ideas, enters into and abides in the First Jhāna … progress whereto is difficult and intuition sluggish,
… which is Emptiness …",
1-530,"530. Katame dhammā abyākatā? Yasmiṃ samaye lokuttaraṃ jhānaṃ bhāveti niyyānikaṃ apacayagāmiṃ diṭṭhigatānaṃ pahānāya paṭhamāya bhūmiyā pattiyā vivicceva kāmehi…pe… paṭhamaṃ jhānaṃ upasampajja viharati dukkhapaṭipadaṃ dandhābhiññaṃ chandādhipateyyaṃ, tasmiṃ samaye phasso hoti…pe… avikkhepo hoti…pe… ime dhammā kusalā. Tasseva lokuttarassa kusalassa jhānassa katattā bhāvitattā vipākaṃ vivicceva kāmehi…pe… paṭhamaṃ jhānaṃ upasampajja viharati dukkhapaṭipadaṃ dandhābhiññaṃ animittaṃ chandādhipateyyaṃ, tasmiṃ samaye phasso hoti…pe… avikkhepo hoti…pe… ime dhammā abyākatā.",… [or] which is the Signless …,
1-531,"531. Katame dhammā abyākatā? Yasmiṃ samaye lokuttaraṃ jhānaṃ bhāveti niyyānikaṃ apacayagāmiṃ diṭṭhigatānaṃ pahānāya paṭhamāya bhūmiyā pattiyā vivicceva kāmehi…pe… paṭhamaṃ jhānaṃ upasampajja viharati dukkhapaṭipadaṃ dandhābhiññaṃ chandādhipateyyaṃ, tasmiṃ samaye phasso hoti…pe… avikkhepo hoti…pe… ime dhammā kusalā. Tasseva lokuttarassa kusalassa jhānassa katattā bhāvitattā vipākaṃ vivicceva kāmehi…pe… paṭhamaṃ jhānaṃ upasampajja viharati dukkhapaṭipadaṃ dandhābhiññaṃ appaṇihitaṃ chandādhipateyyaṃ , tasmiṃ samaye phasso hoti…pe… avikkhepo hoti…pe… ime dhammā abyākatā.","… [or] which is the Unaimed-at,
and the dominant influence in which is Desire—then there is contact … balance. And these … are states that are indeterminate.",
1-532,"532. Katame dhammā abyākatā? Yasmiṃ samaye lokuttaraṃ jhānaṃ bhāveti niyyānikaṃ apacayagāmiṃ diṭṭhigatānaṃ pahānāya paṭhamāya bhūmiyā pattiyā vitakkavicārānaṃ vūpasamā…pe… dutiyaṃ jhānaṃ…pe… tatiyaṃ jhānaṃ…pe… catutthaṃ jhānaṃ…pe… paṭhamaṃ jhānaṃ…pe… pañcamaṃ jhānaṃ upasampajja viharati dukkhapaṭipadaṃ dandhābhiññaṃ chandādhipateyyanti kusalaṃ…pe… dukkhapaṭipadaṃ dandhābhiññaṃ suññataṃ chandādhipateyyanti vipāko…pe… dukkhapaṭipadaṃ dandhābhiññaṃ chandādhipateyyanti kusalaṃ…pe… dukkhapaṭipadaṃ dandhābhiññaṃ animittaṃ chandādhipateyyanti vipāko…pe… dukkhapaṭipadaṃ dandhābhiññaṃ chandādhipateyyanti kusalaṃ…pe… dukkhapaṭipadaṃ dandhābhiññaṃ appaṇihitaṃ chandādhipateyyanti vipāko, tasmiṃ samaye phasso hoti…pe… avikkhepo hoti…pe… ime dhammā abyākatā.",Repeat in the case of each of the remaining Jhānas on both systems.,
1-533,"533. Katame dhammā abyākatā? Yasmiṃ samaye lokuttaraṃ jhānaṃ bhāveti niyyānikaṃ apacayagāmiṃ diṭṭhigatānaṃ pahānāya paṭhamāya bhūmiyā pattiyā vivicceva kāmehi…pe… paṭhamaṃ jhānaṃ upasampajja viharati dukkhapaṭipadaṃ khippābhiññaṃ chandādhipateyyaṃ…pe… sukhapaṭipadaṃ dandhābhiññaṃ chandādhipateyyaṃ…pe… sukhapaṭipadaṃ khippābhiññaṃ chandādhipateyyaṃ…pe… dutiyaṃ jhānaṃ…pe… tatiyaṃ jhānaṃ…pe… catutthaṃ jhānaṃ…pe… paṭhamaṃ jhānaṃ…pe… pañcamaṃ jhānaṃ upasampajja viharati sukhapaṭipadaṃ khippābhiññaṃ chandādhipateyyanti kusalaṃ…pe… sukhapaṭipadaṃ khippābhiññaṃ suññataṃ chandādhipateyyanti vipāko…pe… sukhapaṭipadaṃ khippābhiññaṃ chandādhipateyyanti kusalaṃ…pe… sukhapaṭipadaṃ khippābhiññaṃ animittaṃ chandādhipateyyanti vipāko…pe… sukhapaṭipadaṃ khippābhiññaṃ chandādhipateyyanti kusalaṃ…pe… sukhapaṭipadaṃ khippābhiññaṃ appaṇihitaṃ chandādhipateyyanti vipāko , tasmiṃ samaye phasso hoti…pe… avikkhepo hoti…pe… ime dhammā abyākatā.
Chandādhipateyyasuddhikapaṭipadā.","Repeat in the case of each of the three remaining “Modes of Progress” applied to each Jhāna.
(vii) The schematized Notion of Emptiness, and taken in connexion with Desire as the Dominant Influence ( chandādhipateyyaṃ suddhika-suññataṃ )",
1-534,"534. Katame dhammā abyākatā? Yasmiṃ samaye lokuttaraṃ jhānaṃ bhāveti niyyānikaṃ apacayagāmiṃ diṭṭhigatānaṃ pahānāya paṭhamāya bhūmiyā pattiyā vivicceva kāmehi…pe… paṭhamaṃ jhānaṃ upasampajja viharati suññataṃ chandādhipateyyaṃ, tasmiṃ samaye phasso hoti…pe… avikkhepo hoti…pe… ime dhammā kusalā. Tasseva lokuttarassa kusalassa jhānassa katattā bhāvitattā vipākaṃ vivicceva kāmehi…pe… paṭhamaṃ jhānaṃ upasampajja viharati suññataṃ chandādhipateyyaṃ, tasmiṃ samaye phasso hoti…pe… avikkhepo hoti…pe… ime dhammā abyākatā.","Which are the states that are indeterminate?
When he cultivates the Jhāna of the Higher Ideal (the rapt meditation), whereby there is a going forth and onward, making for the undoing of rebirth, and when, that he may attain to the First Stage, he has put away views and opinions, and so, aloof from sensuous desires, aloof from evil ideas, enters into and abides in the First Jhāna … which is Emptiness, and the dominant influence in which is Desire—then there is contact … balance. Now these … are states that are good.
But when, as the result of just this good Jhāna having been wrought, having been cultivated in pursuit of the Higher Ideal, he, aloof from sensuous desires, aloof from evil ideas, enters into and abides in the First Jhāna …
… which is Emptiness …",
1-535,"535. Katame dhammā abyākatā? Yasmiṃ samaye lokuttaraṃ jhānaṃ bhāveti niyyānikaṃ apacayagāmiṃ diṭṭhigatānaṃ pahānāya paṭhamāya bhūmiyā pattiyā vivicceva kāmehi…pe… paṭhamaṃ jhānaṃ upasampajja viharati suññataṃ chandādhipateyyaṃ, tasmiṃ samaye phasso hoti…pe… avikkhepo hoti…pe… ime dhammā kusalā. Tasseva lokuttarassa kusalassa jhānassa katattā bhāvitattā vipākaṃ vivicceva kāmehi…pe… paṭhamaṃ jhānaṃ upasampajja viharati animittaṃ chandādhipateyyaṃ, tasmiṃ samaye phasso hoti…pe… avikkhepo hoti…pe… ime dhammā abyākatā.",… [or] which is the Signless …,
1-536,"536. Katame dhammā abyākatā? Yasmiṃ samaye lokuttaraṃ jhānaṃ bhāveti niyyānikaṃ apacayagāmiṃ diṭṭhigatānaṃ pahānāya paṭhamāya bhūmiyā pattiyā vivicceva kāmehi…pe… paṭhamaṃ jhānaṃ upasampajja viharati suññataṃ chandādhipateyyaṃ, tasmiṃ samaye phasso hoti…pe… avikkhepo hoti…pe… ime dhammā kusalā. Tasseva lokuttarassa kusalassa jhānassa katattā bhāvitattā vipākaṃ vivicceva kāmehi…pe… paṭhamaṃ jhānaṃ upasampajja viharati appaṇihitaṃ chandādhipateyyaṃ, tasmiṃ samaye phasso hoti…pe… avikkhepo hoti…pe… ime dhammā abyākatā.","… [or] which is the Unaimed-at,
and the dominant influence in which is Desire—then there is contact … balance. And these … are states that are indeterminate.",
1-537,"537. Katame dhammā abyākatā? Yasmiṃ samaye lokuttaraṃ jhānaṃ bhāveti niyyānikaṃ apacayagāmiṃ diṭṭhigatānaṃ pahānāya paṭhamāya bhūmiyā pattiyā vitakkavicārānaṃ vūpasamā…pe… dutiyaṃ jhānaṃ…pe… tatiyaṃ jhānaṃ…pe… catutthaṃ jhānaṃ…pe… paṭhamaṃ jhānaṃ…pe… pañcamaṃ jhānaṃ upasampajja viharati suññataṃ chandādhipateyyanti kusalaṃ…pe… suññataṃ chandādhipateyyanti vipāko…pe… suññataṃ chandādhipateyyanti kusalaṃ…pe… animittaṃ chandādhipateyyanti vipāko…pe… suññataṃ chandādhipateyyanti kusalaṃ…pe… appaṇihitaṃ chandādhipateyyanti vipāko, tasmiṃ samaye phasso hoti…pe… avikkhepo hoti…pe… ime dhammā abyākatā.
Chandādhipateyyasuddhikasuññatā.","Repeat in the case of each of the remaining Jhānas on both systems.
(viii)",
1-538,"538. Katame dhammā abyākatā? Yasmiṃ samaye lokuttaraṃ jhānaṃ bhāveti niyyānikaṃ apacayagāmiṃ diṭṭhigatānaṃ pahānāya paṭhamāya bhūmiyā pattiyā vivicceva kāmehi…pe… paṭhamaṃ jhānaṃ upasampajja viharati dukkhapaṭipadaṃ dandhābhiññaṃ suññataṃ chandādhipateyyaṃ, tasmiṃ samaye phasso hoti…pe… avikkhepo hoti…pe… ime dhammā kusalā. Tasseva lokuttarassa kusalassa jhānassa katattā bhāvitattā vipākaṃ vivicceva kāmehi…pe… paṭhamaṃ jhānaṃ upasampajja viharati dukkhapaṭipadaṃ dandhābhiññaṃ suññataṃ chandādhipateyyaṃ, tasmiṃ samaye phasso hoti…pe… avikkhepo hoti…pe… ime dhammā abyākatā.","Which are the states that are indeterminate?
When he cultivates the Jhāna of the Higher Ideal (the rapt meditation), whereby there is a going forth and onward, making for the undoing of rebirth, and when, that he may attain to the First Stage, he has put away views and opinions, and so, aloof from sensuous desires, aloof from evil ideas, enters into and abides in the First Jhāna … progress whereto is difficult and intuition sluggish, which is Emptiness, and the dominant influence in which is Desire—then there is contact … balance. Now these … are states that are good.
But when, as the result of just this good Jhāna having been wrought, having been cultivated in pursuit of the Higher Ideal, he, aloof from sensuous desires, aloof from evil ideas, enters into and abides in the First Jhāna … progress whereto is difficult and intuition sluggish,
… which is Emptiness …",
1-539,"539. Katame dhammā abyākatā? Yasmiṃ samaye lokuttaraṃ jhānaṃ bhāveti niyyānikaṃ apacayagāmiṃ diṭṭhigatānaṃ pahānāya paṭhamāya bhūmiyā pattiyā vivicceva kāmehi…pe… paṭhamaṃ jhānaṃ upasampajja viharati dukkhapaṭipadaṃ dandhābhiññaṃ suññataṃ chandādhipateyyaṃ, tasmiṃ samaye phasso hoti…pe… avikkhepo hoti…pe… ime dhammā kusalā. Tasseva lokuttarassa kusalassa jhānassa katattā bhāvitattā vipākaṃ vivicceva kāmehi…pe… paṭhamaṃ jhānaṃ upasampajja viharati dukkhapaṭipadaṃ dandhābhiññaṃ animittaṃ chandādhipateyyaṃ, tasmiṃ samaye phasso hoti…pe… avikkhepo hoti…pe… ime dhammā abyākatā.",… [or] which is the Signless …,
1-540,"540. Katame dhammā abyākatā? Yasmiṃ samaye lokuttaraṃ jhānaṃ bhāveti niyyānikaṃ apacayagāmiṃ diṭṭhigatānaṃ pahānāya paṭhamāya bhūmiyā pattiyā vivicceva kāmehi…pe… paṭhamaṃ jhānaṃ upasampajja viharati dukkhapaṭipadaṃ dandhābhiññaṃ suññataṃ chandādhipateyyaṃ, tasmiṃ samaye phasso hoti…pe… avikkhepo hoti…pe… ime dhammā kusalā. Tasseva lokuttarassa kusalassa jhānassa katattā bhāvitattā vipākaṃ vivicceva kāmehi…pe… paṭhamaṃ jhānaṃ upasampajja viharati dukkhapaṭipadaṃ dandhābhiññaṃ appaṇihitaṃ chandādhipateyyaṃ, tasmiṃ samaye phasso hoti…pe… avikkhepo hoti…pe… ime dhammā abyākatā.","… [or] which is the Unaimed-at,
and the dominant influence in which is Desire—then there is contact … balance. And these … are states that are indeterminate.",
1-541,"541. Katame dhammā abyākatā? Yasmiṃ samaye lokuttaraṃ jhānaṃ bhāveti niyyānikaṃ apacayagāmiṃ diṭṭhigatānaṃ pahānāya paṭhamāya bhūmiyā pattiyā vitakkavicārānaṃ vūpasamā…pe… dutiyaṃ jhānaṃ…pe… tatiyaṃ jhānaṃ…pe… catutthaṃ jhānaṃ…pe… paṭhamaṃ jhānaṃ…pe… pañcamaṃ jhānaṃ upasampajja viharati dukkhapaṭipadaṃ dandhābhiññaṃ suññataṃ chandādhipateyyanti kusalaṃ…pe… dukkhapaṭipadaṃ dandhābhiññaṃ suññataṃ chandādhipateyyanti vipāko…pe… dukkhapaṭipadaṃ dandhābhiññaṃ suññataṃ chandādhipateyyanti kusalaṃ…pe… dukkhapaṭipadaṃ dandhābhiññaṃ animittaṃ chandādhipateyyanti vipāko…pe… dukkhapaṭipadaṃ dandhābhiññaṃ suññataṃ chandādhipateyyanti kusalaṃ…pe… dukkhapaṭipadaṃ dandhābhiññaṃ appaṇihitaṃ chandādhipateyyanti vipāko, tasmiṃ samaye phasso hoti…pe… avikkhepo hoti…pe… ime dhammā abyākatā.",Repeat in the case of each remaining Jhāna as passim.,
1-542,"542. Katame dhammā abyākatā? Yasmiṃ samaye lokuttaraṃ jhānaṃ bhāveti niyyānikaṃ apacayagāmiṃ diṭṭhigatānaṃ pahānāya paṭhamāya bhūmiyā pattiyā vivicceva kāmehi…pe… paṭhamaṃ jhānaṃ upasampajja viharati dukkhapaṭipadaṃ khippābhiññaṃ suññataṃ chandādhipateyyaṃ…pe… sukhapaṭipadaṃ dandhābhiññaṃ suññataṃ chandādhipateyyaṃ…pe… sukhapaṭipadaṃ khippābhiññaṃ suññataṃ chandādhipateyyaṃ…pe… dutiyaṃ jhānaṃ…pe… tatiyaṃ jhānaṃ…pe… catutthaṃ jhānaṃ…pe… paṭhamaṃ jhānaṃ …pe… pañcamaṃ jhānaṃ upasampajja viharati sukhapaṭipadaṃ khippābhiññaṃ suññataṃ chandādhipateyyanti kusalaṃ…pe… sukhapaṭipadaṃ khippābhiññaṃ suññataṃ chandādhipateyyanti vipāko…pe… sukhapaṭipadaṃ khippābhiññaṃ suññataṃ chandādhipateyyanti kusalaṃ…pe… sukhapaṭipadaṃ khippābhiññaṃ animittaṃ chandādhipateyyanti vipāko…pe… sukhapaṭipadaṃ khippābhiññaṃ suññataṃ chandādhipateyyanti kusalaṃ…pe… sukhapaṭipadaṃ khippābhiññaṃ appaṇihitaṃ chandādhipateyyanti vipāko, tasmiṃ samaye phasso hoti…pe… avikkhepo hoti…pe… ime dhammā abyākatā.","Repeat in the case of each of the three remaining “Modes of Pro-gress” applied to each Jhāna.
(ix)",
1-543,"543. Katame dhammā abyākatā? Yasmiṃ samaye lokuttaraṃ jhānaṃ bhāveti niyyānikaṃ apacayagāmiṃ diṭṭhigatānaṃ pahānāya paṭhamāya bhūmiyā pattiyā vivicceva kāmehi…pe… paṭhamaṃ jhānaṃ upasampajja viharati appaṇihitaṃ chandādhipateyyaṃ, tasmiṃ samaye phasso hoti…pe… avikkhepo hoti…pe… ime dhammā kusalā. Tasseva lokuttarassa kusalassa jhānassa katattā bhāvitattā vipākaṃ vivicceva kāmehi…pe… paṭhamaṃ jhānaṃ upasampajja viharati appaṇihitaṃ chandādhipateyyaṃ, tasmiṃ samaye phasso hoti…pe… avikkhepo hoti…pe… ime dhammā abyākatā.","This group is identical with group vii ( §§ 534 – 537 ), except that the concept, the Unaimed-at, takes the place of the concept Emptiness, and conversely.
(x)",
1-544,"544. Katame dhammā abyākatā? Yasmiṃ samaye lokuttaraṃ jhānaṃ bhāveti niyyānikaṃ apacayagāmiṃ diṭṭhigatānaṃ pahānāya paṭhamāya bhūmiyā pattiyā vivicceva kāmehi…pe… paṭhamaṃ jhānaṃ upasampajja viharati appaṇihitaṃ chandādhipateyyaṃ, tasmiṃ samaye phasso hoti…pe… avikkhepo hoti…pe… ime dhammā kusalā. Tasseva lokuttarassa kusalassa jhānassa katattā bhāvitattā vipākaṃ vivicceva kāmehi…pe… paṭhamaṃ jhānaṃ upasampajja viharati, animittaṃ chandādhipateyyaṃ , tasmiṃ samaye phasso hoti…pe… avikkhepo hoti…pe… ime dhammā abyākatā.",-,
1-545,"545. Katame dhammā abyākatā? Yasmiṃ samaye lokuttaraṃ jhānaṃ bhāveti niyyānikaṃ apacayagāmiṃ diṭṭhigatānaṃ pahānāya paṭhamāya bhūmiyā pattiyā vivicceva kāmehi…pe… paṭhamaṃ jhānaṃ upasampajja viharati appaṇihitaṃ chandādhipateyyaṃ, tasmiṃ samaye phasso hoti…pe… avikkhepo hoti…pe… ime dhammā kusalā. Tasseva lokuttarassa kusalassa jhānassa katattā bhāvitattā vipākaṃ vivicceva kāmehi…pe… paṭhamaṃ jhānaṃ upasampajja viharati suññataṃ chandādhipateyyaṃ, tasmiṃ samaye phasso hoti…pe… avikkhepo hoti…pe… ime dhammā abyākatā.",-,
1-546,"546. Katame dhammā abyākatā? Yasmiṃ samaye lokuttaraṃ jhānaṃ bhāveti niyyānikaṃ apacayagāmiṃ diṭṭhigatānaṃ pahānāya paṭhamāya bhūmiyā pattiyā vitakkavicārānaṃ vūpasamā…pe… dutiyaṃ jhānaṃ…pe… tatiyaṃ jhānaṃ…pe… catutthaṃ jhānaṃ…pe… paṭhamaṃ jhānaṃ…pe… pañcamaṃ jhānaṃ upasampajja viharati appaṇihitaṃ chandādhipateyyanti kusalaṃ…pe… appaṇihitaṃ chandādhipateyyanti vipāko…pe… appaṇihitaṃ chandādhipateyyanti kusalaṃ …pe… animittaṃ chandādhipateyyanti vipāko…pe… appaṇihitaṃ chandādhipateyyanti kusalaṃ…pe… suññataṃ chandādhipateyyanti vipāko, tasmiṃ samaye phasso hoti…pe… avikkhepo hoti…pe… ime dhammā abyākatā.",-,
1-547,"547. Katame dhammā abyākatā? Yasmiṃ samaye lokuttaraṃ jhānaṃ bhāveti niyyānikaṃ apacayagāmiṃ diṭṭhigatānaṃ pahānāya paṭhamāya bhūmiyā pattiyā vivicceva kāmehi…pe… paṭhamaṃ jhānaṃ upasampajja viharati dukkhapaṭipadaṃ dandhābhiññaṃ appaṇihitaṃ chandādhipateyyaṃ, tasmiṃ samaye phasso hoti…pe… avikkhepo hoti…pe… ime dhammā kusalā. Tasseva lokuttarassa kusalassa jhānassa katattā bhāvitattā vipākaṃ vivicceva kāmehi…pe… paṭhamaṃ jhānaṃ upasampajja viharati dukkhapaṭipadaṃ dandhābhiññaṃ appaṇihitaṃ chandādhipateyyaṃ, tasmiṃ samaye phasso hoti…pe… avikkhepo hoti…pe… ime dhammā abyākatā.","This group is identical with group viii ( §§ 538 – 542 ), except that the concept, the Unaimed-at, takes the place of the concept Emptiness, and conversely.
The Remaining Nineteen Great Methods",
1-548,"548. Katame dhammā abyākatā? Yasmiṃ samaye lokuttaraṃ jhānaṃ bhāveti niyyānikaṃ apacayagāmiṃ diṭṭhigatānaṃ pahānāya paṭhamāya bhūmiyā pattiyā vivicceva kāmehi…pe… paṭhamaṃ jhānaṃ upasampajja viharati dukkhapaṭipadaṃ dandhābhiññaṃ appaṇihitaṃ chandādhipateyyaṃ, tasmiṃ samaye phasso hoti…pe… avikkhepo hoti…pe… ime dhammā kusalā. Tasseva lokuttarassa kusalassa jhānassa katattā bhāvitattā vipākaṃ vivicceva kāmehi…pe… paṭhamaṃ jhānaṃ upasampajja viharati dukkhapaṭipadaṃ dandhābhiññaṃ animittaṃ chandādhipateyyaṃ , tasmiṃ samaye phasso hoti…pe… avikkhepo hoti…pe… ime dhammā abyākatā.",-,
1-549,"549. Katame dhammā abyākatā? Yasmiṃ samaye lokuttaraṃ jhānaṃ bhāveti niyyānikaṃ apacayagāmiṃ diṭṭhigatānaṃ pahānāya paṭhamāya bhūmiyā pattiyā vivicceva kāmehi…pe… paṭhamaṃ jhānaṃ upasampajja viharati dukkhapaṭipadaṃ dandhābhiññaṃ appaṇihitaṃ chandādhipateyyaṃ, tasmiṃ samaye phasso hoti…pe… avikkhepo hoti…pe… ime dhammā kusalā. Tasseva lokuttarassa kusalassa jhānassa katattā bhāvitattā vipākaṃ vivicceva kāmehi…pe… paṭhamaṃ jhānaṃ upasampajja viharati dukkhapaṭipadaṃ dandhābhiññaṃ suññataṃ chandādhipateyyaṃ , tasmiṃ samaye phasso hoti…pe… avikkhepo hoti…pe… ime dhammā abyākatā.",-,
1-550,"550. Katame dhammā abyākatā? Yasmiṃ samaye lokuttaraṃ jhānaṃ bhāveti niyyānikaṃ apacayagāmiṃ diṭṭhigatānaṃ pahānāya paṭhamāya bhūmiyā pattiyā vitakkavicārānaṃ vūpasamā…pe… dutiyaṃ jhānaṃ…pe… tatiyaṃ jhānaṃ…pe… catutthaṃ jhānaṃ…pe… paṭhamaṃ jhānaṃ…pe… pañcamaṃ jhānaṃ upasampajja viharati dukkhapaṭipadaṃ dandhābhiññaṃ appaṇihitaṃ chandādhipateyyanti kusalaṃ…pe… dukkhapaṭipadaṃ dandhābhiññaṃ appaṇihitaṃ chandādhipateyyanti vipāko…pe… dukkhapaṭipadaṃ dandhābhiññaṃ appaṇihitaṃ chandādhipateyyanti kusalaṃ…pe… dukkhapaṭipadaṃ dandhābhiññaṃ animittaṃ chandādhipateyyanti vipāko…pe… dukkhapaṭipadaṃ dandhābhiññaṃ appaṇihitaṃ chandādhipateyyanti kusalaṃ…pe… dukkhapaṭipadaṃ dandhābhiññaṃ suññataṃ chandādhipateyyanti vipāko, tasmiṃ samaye phasso hoti…pe… avikkhepo hoti…pe… ime dhammā abyākatā.",-,
1-551,"551. Katame dhammā abyākatā? Yasmiṃ samaye lokuttaraṃ jhānaṃ bhāveti niyyānikaṃ apacayagāmiṃ diṭṭhigatānaṃ pahānāya paṭhamāya bhūmiyā pattiyā vivicceva kāmehi…pe… paṭhamaṃ jhānaṃ upasampajja viharati dukkhapaṭipadaṃ khippābhiññaṃ appaṇihitaṃ chandādhipateyyaṃ…pe… sukhapaṭipadaṃ dandhābhiññaṃ appaṇihitaṃ chandādhipateyyaṃ…pe… sukhapaṭipadaṃ khippābhiññaṃ appaṇihitaṃ chandādhipateyyaṃ…pe… dutiyaṃ jhānaṃ…pe… tatiyaṃ jhānaṃ…pe… catutthaṃ jhānaṃ…pe… paṭhamaṃ jhānaṃ…pe… pañcamaṃ jhānaṃ upasampajja viharati sukhapaṭipadaṃ khippābhiññaṃ appaṇihitaṃ chandādhipateyyanti kusalaṃ…pe… sukhapaṭipadaṃ khippābhiññaṃ appaṇihitaṃ chandādhipateyyanti vipāko…pe… sukhapaṭipadaṃ khippābhiññaṃ appaṇihitaṃ chandādhipateyyanti kusalaṃ…pe… sukhapaṭipadaṃ khippābhiññaṃ animittaṃ chandādhipateyyanti vipāko…pe… sukhapaṭipadaṃ khippābhiññaṃ appaṇihitaṃ chandādhipateyyanti kusalaṃ…pe… sukhapaṭipadaṃ khippābhiññaṃ suññataṃ chandādhipateyyanti vipāko, tasmiṃ samaye phasso hoti…pe… avikkhepo hoti…pe… ime dhammā abyākatā.",-,
1-552,"552. Katame dhammā abyākatā? Yasmiṃ samaye lokuttaraṃ maggaṃ bhāveti…pe… lokuttaraṃ satipaṭṭhānaṃ bhāveti…pe… lokuttaraṃ sammappadhānaṃ bhāveti…pe… lokuttaraṃ iddhipādaṃ bhāveti…pe… lokuttaraṃ indriyaṃ bhāveti…pe… lokuttaraṃ balaṃ bhāveti…pe… lokuttaraṃ bojjhaṅgaṃ bhāveti…pe… lokuttaraṃ saccaṃ bhāveti…pe… lokuttaraṃ samathaṃ bhāveti…pe… lokuttaraṃ dhammaṃ bhāveti…pe… lokuttaraṃ khandhaṃ bhāveti…pe… lokuttaraṃ āyatanaṃ bhāveti…pe… lokuttaraṃ dhātuṃ bhāveti…pe… lokuttaraṃ āhāraṃ bhāveti…pe… lokuttaraṃ phassaṃ bhāveti…pe… lokuttaraṃ vedanaṃ bhāveti…pe… lokuttaraṃ saññaṃ bhāveti…pe… lokuttaraṃ cetanaṃ bhāveti…pe… lokuttaraṃ cittaṃ bhāveti niyyānikaṃ apacayagāmiṃ diṭṭhigatānaṃ pahānāya paṭhamāya bhūmiyā pattiyā vivicceva kāmehi…pe… paṭhamaṃ jhānaṃ upasampajja viharati dukkhapaṭipadaṃ dandhābhiññaṃ chandādhipateyyaṃ, tasmiṃ samaye phasso hoti…pe… avikkhepo hoti…pe… ime dhammā kusalā. Tasseva lokuttarassa kusalassa jhānassa katattā bhāvitattā vipākaṃ vivicceva kāmehi…pe… paṭhamaṃ jhānaṃ upasampajja viharati dukkhapaṭipadaṃ dandhābhiññaṃ suññataṃ…pe… animittaṃ…pe… appaṇihitaṃ chandādhipateyyaṃ…pe… vīriyādhipateyyaṃ…pe… cittādhipateyyaṃ…pe… vīmaṃsādhipateyyaṃ, tasmiṃ samaye phasso hoti…pe… avikkhepo hoti…pe… ime dhammā abyākatā.
Paṭhamamaggavipāko.","Which are the states that are indeterminate?
When he cultivates the Path of the Higher Ideal, the Advance in Mindfulness toward the Higher Ideal, the System of Right Efforts toward the Higher Ideal, etc. [Continue as in § 358 , down to “Thought relating to the High Ideal”] , whereby there is a going forth and onward, making for the undoing of rebirth, and when, that he may attain to the First Stage, he has put away views and opinions, and so, aloof from sensuous desires, aloof from evil ideas, enters into and abides in the First Jhāna … progress whereto is difficult and intuition sluggish, and the dominant influence in which is Desire—then there is contact … balance. Now these … are states that are good.
But when, as the result of just this good Jhāna having been wrought, having been cultivated in pursuit of the Higher Ideal, he, aloof from sensuous desires, aloof from evil ideas, enters into and abides in the First Jhāna … progress whereto is difficult and intuition sluggish, which is
Emptiness
or the Signless,
or the Unaimed-at,
and the dominant influence in which is
Desire,
or Energy,
or a Thought,
or Investigation,
then there is contact … balance. And these … are states that are indeterminate.
[Here ends] Result in the First Path.
II.–IV. The Remaining Three Paths
[Cf. §§ 362 – 364a .]",
1-553,"553. Katame dhammā abyākatā? Yasmiṃ samaye lokuttaraṃ jhānaṃ bhāveti niyyānikaṃ apacayagāmiṃ kāmarāgabyāpādānaṃ tanubhāvāya dutiyāya bhūmiyā pattiyā…pe… kāmarā gabyāpādānaṃ anavasesappahānāya tatiyāya bhūmiyā pattiyā…pe… rūparāgaarūparāgamānauddhaccaavijjāya anavasesappahānāya catutthāya bhūmiyā pattiyā vivicceva kāmehi…pe… paṭhamaṃ jhānaṃ upasampajja viharati dukkhapaṭipadaṃ dandhābhiññaṃ, tasmiṃ samaye phasso hoti…pe… aññindriyaṃ hoti…pe… avikkhepo hoti…pe… ime dhammā kusalā. Tasseva lokuttarassa kusalassa jhānassa katattā bhāvitattā vipākaṃ vivicceva kāmehi…pe… paṭhamaṃ jhānaṃ upasampajja viharati dukkhapaṭipadaṃ dandhābhiññaṃ suññataṃ, tasmiṃ samaye phasso hoti…pe… aññātāvindriyaṃ hoti…pe… avikkhepo hoti…pe… ye vā pana tasmiṃ samaye aññepi atthi paṭiccasamuppannā arūpino dhammā – ime dhammā abyākatā.","Which are the states that are indeterminate?
When he cultivates the Jhāna of the Higher Ideal (the rapt meditation), whereby there is a going forth and onward, making for the undoing of rebirth, and when, that he may attain to the Second Stage, he has diminished the strength of sensual passions and of malice … [or] when, that he may attain to the Third Stage, he has put away the entire residuum of sensual passions and of malice … [or] when, that he may attain to the Fourth Stage, he has put away absolutely and entirely all passion for Form, all passion for the Formless, all conceit, excitement, and ignorance—and so, aloof from sensuous desires, aloof from evil ideas, enters into and abides in the First Jhāna … progress whereto is difficult and intuition sluggish, then there is contact … the faculty of knowledge made perfect … balance. Now these … are states that are good.
But when, as the result of just this good Jhāna having been wrought, having been cultivated in pursuit of the Higher Ideal, he, aloof from sensuous desires, aloof from evil ideas, enters into and abides in the First Jhāna … progress whereto is difficult and intuition sluggish, and which is Emptiness, then there is contact … the faculty of one whose knowledge is made perfect … balance. And these … are states that are indeterminate.",
1-554,554. Katamo tasmiṃ samaye phasso hoti? Yo tasmiṃ samaye phasso phusanā saṃphusanā saṃphusitattaṃ – ayaṃ tasmiṃ samaye phasso hoti…pe….,Question and answer on “contact” as above passim.,
1-555,"555. Katamaṃ tasmiṃ samaye aññātāvindriyaṃ hoti? Yā tesaṃ aññātāvīnaṃ dhammānaṃ aññā paññā pajānanā vicayo pavicayo dhammavicayo sallakkhaṇā upalakkhaṇā paccupalakkhaṇā paṇḍiccaṃ kosallaṃ nepuññaṃ vebhabyā cintā upaparikkhā bhūrī medhā pariṇāyikā vipassanā sampajaññaṃ patodo paññā paññindriyaṃ paññābalaṃ paññāsatthaṃ paññāpāsādo paññāāloko paññāobhāso paññāpajjoto paññāratanaṃ amoho dhammavicayo sammādiṭṭhi dhammavicayasambojjhaṅgo maggaṅgaṃ maggapariyāpannaṃ – idaṃ tasmiṃ samaye aññātāvindriyaṃ hoti…pe… ye vā pana tasmiṃ samaye aññepi atthi paṭiccasamuppannā arūpino dhammā – ime dhammā abyākatā.
Dutiyādimaggavipāko.
Lokuttaravipāko.","What on that occasion is the faculty of one who has come to know ( aññatāvindriyaṃ )?
The perfected knowledge, the science, the understanding of the doctrines of those whose knowledge is made perfect, their searching, research, searching the Truth; discernment, discrimination, differentiation; erudition, proficiency, subtlety; criticism, reflection, analysis; breadth, sagacity, leading; insight, intelligence, incitement; insight as faculty and as power; insight as a sword, as a height, as light, as glory, as splendour, as a precious stone; the absence of dullness, searching the Truth, right views, that searching the truth which is a factor in the Great Awakening; a Path-component, contained in the Path—this is on that occasion the faculty of one whose knowledge is made perfect.
Or whatever other incorporeal, causally induced states here are on that occasion, these are states that are indeterminate.
[Here ends] result in connexion with the Higher Ideal.
A Buddhist Manual of Psychological Ethics , a rys_davids of the Dhammasaṅgaṇī, Compendium of States or Phenomena, by Caroline A.F. Rhys Davids and D. Litt., M.A. .
Published by the Pali Text Society in 1900 . Reprinted 1923, 1974, 1993, 2004.
Released by the Pali Text Society under Creative Commons Attribution-NonCommercial 3.0 licence (CC BY-NC 3.0) .
See also the statement under http://",
1-556,"556. Katame dhammā abyākatā? Yasmiṃ samaye akusalassa kammassa katattā upacitattā vipākaṃ cakkhuviññāṇaṃ uppannaṃ hoti upekkhāsahagataṃ rūpārammaṇaṃ…pe… sotaviññāṇaṃ uppannaṃ hoti upekkhāsahagataṃ saddārammaṇaṃ…pe… ghānaviññāṇaṃ uppannaṃ hoti upekkhāsahagataṃ gandhārammaṇaṃ …pe… jivhāviññāṇaṃ uppannaṃ hoti upekkhāsahagataṃ rasārammaṇaṃ…pe… kāyaviññāṇaṃ uppannaṃ hoti dukkhasahagataṃ phoṭṭhabbārammaṇaṃ, tasmiṃ samaye phasso hoti, vedanā hoti, saññā hoti, cetanā hoti, cittaṃ hoti, dukkhaṃ hoti, cittassekaggatā hoti, manindriyaṃ hoti, dukkhindriyaṃ hoti, jīvitindriyaṃ hoti; ye vā pana tasmiṃ samaye aññepi atthi paṭiccasamuppannā arūpino dhammā – ime dhammā abyākatā.","Which are the states that are indeterminate?
When, as the result of bad karma having been wrought, having been stored up, visual cognition has arisen, accompanied by disinterestedness and having as its object a sight … auditory cognition has arisen, accompanied by disinterestedness and having as its object a sound … olfactory cognition has arisen, accompanied by disinterestedness and having as its object a smell … gustatory cognition has arisen, accompanied by disinterestedness and having as its object a taste … cognition of body has arisen, accompanied by distress and having as its object something tangible, then there is
contact,
feeling,
perception,
volition,
consciousness
distress,
self-collectedness;
the faculties of
mind,
distress;
life.
Now these, or whatever other incorporeal, causally induced states there are on that occasion—these are states that are indeterminate.",
1-557,557. Katamo tasmiṃ samaye phasso hoti? Yo tasmiṃ samaye phasso phusanā saṃphusanā saṃphusitattaṃ – ayaṃ tasmiṃ samaye phasso hoti.,Question and answer on “contact” as above passim.,
1-558,558. Katamā tasmiṃ samaye vedanā hoti? Yaṃ tasmiṃ samaye tajjākāyaviññāṇadhātusamphassajaṃ kāyikaṃ asātaṃ kāyikaṃ dukkhaṃ kāyasamphassajaṃ asātaṃ dukkhaṃ vedayitaṃ kāyasamphassajā asātā dukkhā vedanā – ayaṃ tasmiṃ samaye vedanā hoti…pe….,"What on that occasion is feeling?
The bodily pain, the bodily distress which, on that occasion, is born of contact with the appropriate element of cognition of body; the painful, distressful sensation which is born of contact with the body; the painful, distressful feeling which is born of contact with the body—this is the feeling that there then is.",
1-559,559. Katamaṃ tasmiṃ samaye dukkhaṃ hoti? Yaṃ tasmiṃ samaye kāyikaṃ asātaṃ kāyikaṃ dukkhaṃ kāyasamphassajaṃ asātaṃ dukkhaṃ vedayitaṃ kāyasamphassajā asātā dukkhā vedanā – idaṃ tasmiṃ samaye dukkhaṃ hoti…pe….,"What on that occasion is distress?
The bodily pain, the bodily distress which, on that occasion, is the painful, distressful sensation born of contact with the body; the painful, distressful feeling born of contact with the body—this is the distress that there then is.",
1-560,"560. Katamaṃ tasmiṃ samaye dukkhindriyaṃ hoti? Yaṃ tasmiṃ samaye kāyikaṃ asātaṃ kāyikaṃ dukkhaṃ kāyasamphassajaṃ asātaṃ dukkhaṃ vedayitaṃ kāyasamphassajā asātā dukkhā vedanā – idaṃ tasmiṃ samaye dukkhindriyaṃ hoti…pe… ye vā pana tasmiṃ samaye aññepi atthi paṭiccasamuppannā arūpino dhammā – ime dhammā abyākatā.
Tasmiṃ kho pana samaye cattāro khandhā honti, dvāyatanāni honti, dve dhātuyo honti, tayo āhārā honti, tīṇindriyāni honti, eko phasso hoti…pe… ekā kāyaviññāṇadhātu hoti, ekaṃ dhammāyatanaṃ hoti, ekā dhammadhātu hoti; ye vā pana tasmiṃ samaye aññepi atthi paṭiccasamuppannā arūpino dhammā – ime dhammā abyākatā…pe….","What on that occasion is the faculty of distress?
Answer as in § 559 .
Or whatever other incorporeal, causally induced states there are on that occasion, these are states that are indeterminate.
Summary",
1-561,"561. Katamo tasmiṃ samaye saṅkhārakkhandho hoti? Phasso cetanā cittassekaggatā jīvitindriyaṃ; ye vā pana tasmiṃ samaye aññepi atthi paṭiccasamuppannā arūpino dhammā ṭhapetvā vedanākkhandhaṃ ṭhapetvā saññākkhandhaṃ ṭhapetvā viññāṇakkhandhaṃ – ayaṃ tasmiṃ samaye saṅkhārakkhandho hoti…pe… ime dhammā abyākatā.
Akusalavipākapañcaviññāṇāni.","What on that occasion is the skandha of synergies?
Contact,
volition,
applied, and
sustained thought,
self-collectedness,
the faculty of life.
Or whatever other incorporeal, causally induced states there are on that occasion, exclusive of the skandhas of feeling, perception, and consciousness—these are the skandha of synergies.
[Continue as in § 63 , etc.]
(b) The Element of Ideation",
1-562,"562. Katame dhammā abyākatā? Yasmiṃ samaye akusalassa kammassa katattā upacitattā vipākā manodhātu uppannā hoti upekkhāsahagatā rūpārammaṇā vā…pe… phoṭṭhabbārammaṇā vā yaṃ yaṃ vā panārabbha, tasmiṃ samaye phasso hoti, vedanā hoti, saññā hoti, cetanā hoti, cittaṃ hoti, vitakko hoti, vicāro hoti, upekkhā hoti, cittassekaggatā hoti, manindriyaṃ hoti, upekkhindriyaṃ hoti, jīvitindriyaṃ hoti; ye vā pana tasmiṃ samaye aññepi atthi paṭiccasamuppannā arūpino dhammā – ime dhammā abyākatā…pe….
Tasmiṃ kho pana samaye cattāro khandhā honti, dvāyatanāni honti, dve dhātuyo honti, tayo āhārā honti, tīṇindriyāni honti, eko phasso hoti…pe… ekā manodhātu hoti, ekaṃ dhammāyatanaṃ hoti, ekā dhammadhātu hoti; ye vā pana tasmiṃ samaye aññepi atthi paṭiccasamuppannā arūpino dhammā – ime dhammā abyākatā…pe….","Which are the states that are indeterminate?
When, as the result of bad karma having been wrought, having been stored up, an element of ideation has arisen, accompanied by disinterestedness, and having as its object a sight, a sound, a smell, a taste, something tangible or what not, then there is
contact,
feeling,
perception,
volition,
consciousness,
applied, and
sustained thought,
indifference,
self-collectedness;
the faculties of
mind,
indifference,
life.
Now these, or whatever other incorporeal, causally induced states there are on that occasion—these are states that are indeterminate.
Summary",
1-563,"563. Katamo tasmiṃ samaye saṅkhārakkhandho hoti? Phasso cetanā vitakko vicāro cittassekaggatā jīvitindriyaṃ; ye vā pana tasmiṃ samaye aññepi atthi paṭiccasamuppannā arūpino dhammā ṭhapetvā vedanākkhandhaṃ ṭhapetvā saññākkhandhaṃ ṭhapetvā viññāṇakkhandhaṃ – ayaṃ tasmiṃ samaye saṅkhārakkhandho hoti…pe… ime dhammā abyākatā.
Akusalavipākā manodhātu.",", is identical with the corresponding Summary, §§ 467a , 468 .
(c) The Element of Representative Intellection",
1-564,"564. Katame dhammā abyākatā? Yasmiṃ samaye akusalassa kammassa katattā upacitattā vipākā manoviññāṇadhātu uppannā hoti upekkhāsahagatā rūpārammaṇā vā…pe… dhammārammaṇā vā yaṃ yaṃ vā panārabbha, tasmiṃ samaye phasso hoti, vedanā hoti, saññā hoti, cetanā hoti, cittaṃ hoti, vitakko hoti, vicāro hoti, upekkhā hoti, cittassekaggatā hoti, manindriyaṃ hoti, upekkhindriyaṃ hoti, jīvitindriyaṃ hoti; ye vā pana tasmiṃ samaye aññepi atthi paṭiccasamuppannā arūpino dhammā – ime dhammā abyākatā…pe….
Tasmiṃ kho pana samaye cattāro khandhā honti, dvāyatanāni honti, dve dhātuyo honti, tayo āhārā honti, tīṇindriyāni honti, eko phasso hoti…pe… ekā manoviññāṇadhātu hoti , ekaṃ dhammāyatanaṃ hoti, ekā dhammadhātu hoti; ye vā pana tasmiṃ samaye aññepi atthi paṭiccasamuppannā arūpino dhammā – ime dhammā abyākatā…pe….","Which are the states that are indeterminate?
When, as the result of bad karma having been wrought, having been stored up, an element of representative intellection has arisen, accompanied by indifference, and having as its object a sight, etc., or what not, then there is
contact,
feeling,
perception,
volition,
consciousness,
applied, and
sustained thought,
self-collectedness;
the faculties of
mind,
indifference,
life.
Now these, or whatever other incorporeal, causally induced states there are on that occasion—these are states that are indeterminate.
[Continue as in §§ 485 – 496 .]
Summary",
1-565,"565. Katamo tasmiṃ samaye saṅkhārakkhandho hoti? Phasso cetanā vitakko vicāro cittassekaggatā jīvitindriyaṃ; ye vā pana tasmiṃ samaye aññepi atthi paṭiccasamuppannā arūpino dhammā ṭhapetvā vedanākkhandhaṃ ṭhapetvā saññākkhandhaṃ ṭhapetvā viññāṇakkhandhaṃ – ayaṃ tasmiṃ samaye saṅkhārakkhandho hoti…pe… ime dhammā abyākatā.
Akusalavipākā manoviññāṇadhātu.
Vipākā abyākatā.",-,
1-566,"566. Katame dhammā abyākatā? Yasmiṃ samaye manodhātu uppannā hoti kiriyā neva kusalā nākusalā na ca kammavipākā upekkhāsahagatā rūpārammaṇā vā…pe… phoṭṭhabbārammaṇā vā yaṃ yaṃ vā panārabbha, tasmiṃ samaye phasso hoti, vedanā hoti, saññā hoti, cetanā hoti, cittaṃ hoti, vitakko hoti, vicāro hoti, upekkhā hoti, cittassekaggatā hoti, manindriyaṃ hoti, upekkhindriyaṃ hoti, jīvitindriyaṃ hoti; ye vā pana tasmiṃ samaye aññepi atthi paṭiccasamuppannā arūpino dhammā – ime dhammā abyākatā…pe….
Tasmiṃ kho pana samaye cattāro khandhā honti, dvāyatanāni honti, dve dhātuyo honti, tayo āhārā honti, tīṇindriyāni honti, eko phasso hoti…pe… ekā manodhātu hoti, ekaṃ dhammāyatanaṃ hoti, ekā dhammadhātu hoti; ye vā pana tasmiṃ samaye aññepi atthi paṭiccasamuppannā arūpino dhammā – ime dhammā abyākatā…pe….","Which are the states that are indeterminate?
When a mental element which is inoperative has arisen, which is neither good nor bad nor the result of karma, which is accompanied by indifference, and which has as its object a sight, a sound, a smell, a taste, something tangible, or what not, then there is
contact,
feeling,
perception,
volition,
consciousness,
applied, and
sustained thought,
indifference,
self-collectedness;
the faculties of
mind,
indifference,
life.
Now these, or whatever other incorporeal, causally induced states there are on that occasion—these are states that are indeterminate.
Summary",
1-567,"567. Katamo tasmiṃ samaye saṅkhārakkhandho hoti? Phasso cetanā vitakko vicāro cittassekaggatā jīvitindriyaṃ; ye vā pana tasmiṃ samaye aññepi atthi paṭiccasamuppannā arūpino dhammā ṭhapetvā vedanākkhandhaṃ ṭhapetvā saññākkhandhaṃ ṭhapetvā viññāṇakkhandhaṃ – ayaṃ tasmiṃ samaye saṅkhārakkhandho hoti…pe… ime dhammā abyākatā.
Kiriyā manodhātu.","The skandha of synergies (as well as the remainder of the foregoing summary) is identical with the corresponding passages in Chapter I, viz. §§ 467a , 468 .
(b) On occasion of Representative Intellection
1.",
1-568,"568. Katame dhammā abyākatā? Yasmiṃ samaye manoviññāṇadhātu uppannā hoti kiriyā neva kusalā nākusalā na ca kammavipākā somanassasahagatā rūpārammaṇā vā…pe… dhammārammaṇā vā yaṃ yaṃ vā panārabbha, tasmiṃ samaye phasso hoti, vedanā hoti, saññā hoti, cetanā hoti, cittaṃ hoti, vitakko hoti, vicāro hoti, pīti hoti, sukhaṃ hoti, cittassekaggatā hoti, vīriyindriyaṃ hoti, samādhindriyaṃ hoti, manindriyaṃ hoti, somanassindriyaṃ hoti, jīvitindriyaṃ hoti; ye vā pana tasmiṃ samaye aññepi atthi paṭiccasamuppannā arūpino dhammā – ime dhammā abyākatā.","Which are the states that are indeterminate?
When an element of representative intellection which is inoperative has arisen, which is neither good nor bad nor the result of karma, which is accompanied by gladness, and which has as its object a sight, a sound, a smell, a taste, something tangible, or what not, then there is
contact,
feeling,
perception,
volition,
consciousness,
applied, and
sustained thought,
zest,
ease,
self-collectedness;
the faculties of
energy,
concentration,
mind,
gladness,
life.
Now these, or whatever other incorporeal, causally induced states there are on that occasion—these are states that are indeterminate.",
1-569,569. Katamo tasmiṃ samaye phasso hoti? Yo tasmiṃ samaye phasso phusanā saṃphusanā saṃphusitattaṃ – ayaṃ tasmiṃ samaye phasso hoti…pe….,Question and answer on “contact” as above passim.,
1-570,570. Katamā tasmiṃ samaye cittassekaggatā hoti? Yā tasmiṃ samaye cittassa ṭhiti saṇṭhiti avaṭṭhiti avisāhāro avikkhepo avisāhaṭamānasatā samatho samādhindriyaṃ samādhibalaṃ – ayaṃ tasmiṃ samaye cittassekaggatā hoti.,"What on that occasion is self-collectedness?
The stability, solidity, absorbed steadfastness of thought which on that occasion is the absence of distraction, balance, imperturbed mental procedure, quiet, the faculty and the power of concentration—this is the self-collectedness that there then is.",
1-571,571. Katamaṃ tasmiṃ samaye vīriyindriyaṃ hoti? Yo tasmiṃ samaye cetasiko vīriyārambho nikkamo parakkamo uyyāmo vāyāmo ussāho ussoḷhī thāmo dhiti asithilaparakkamatā anikkhittachandatā anikkhittadhuratā dhurasampaggāho vīriyaṃ vīriyindriyaṃ vīriyabalaṃ – idaṃ tasmiṃ samaye vīriyindriyaṃ hoti.,What on that occasion is the faculty of energy …,
1-572,"572. Katamaṃ tasmiṃ samaye samādhindriyaṃ hoti? Yā tasmiṃ samaye cittassa ṭhiti saṇṭhiti avaṭṭhiti avisāhāro avikkhepo avisāhaṭamānasatā samatho samādhindriyaṃ samādhibalaṃ – idaṃ tasmiṃ samaye samādhindriyaṃ hoti…pe… ye vā pana tasmiṃ samaye aññepi atthi paṭiccasamuppannā arūpino dhammā – ime dhammā abyākatā.
Tasmiṃ kho pana samaye cattāro khandhā honti, dvāyatanāni honti, dve dhātuyo honti, tayo āhārā honti, pañcindriyāni honti, eko phasso hoti…pe… ekā manoviññāṇadhātu hoti, ekaṃ dhammāyatanaṃ hoti, ekā dhammadhātu hoti; ye vā pana tasmiṃ samaye aññepi atthi paṭiccasamuppannā arūpino dhammā – ime dhammā abyākatā…pe….","of concentration?
Answers as in § 13 and § 570 respectively.
Summary",
1-573,"573. Katamo tasmiṃ samaye saṅkhārakkhandho hoti? Phasso cetanā vitakko vicāro pīti cittassekaggatā vīriyindriyaṃ samādhindriyaṃ jīvitindriyaṃ; ye vā pana tasmiṃ samaye aññepi atthi paṭiccasamuppannā arūpino dhammā ṭhapetvā vedanākkhandhaṃ ṭhapetvā saññākkhandhaṃ ṭhapetvā viññāṇakkhandhaṃ – ayaṃ tasmiṃ samaye saṅkhārakkhandho hoti…pe… ime dhammā abyākatā.
Kiriyā manoviññāṇadhātu somanassasahagatā.","What on that occasion is the skandha of synergies?
contact,
volition,
applied, and
sustained thought,
zest,
self-collectedness;
the faculties of
energy,
concentration,
life.
Or whatever other incorporeal, causally induced states there are on that occasion, exclusive of the skandhas of feeling, perception, and consciousness—these are the skandha of synergies.
2.",
1-574,"574. Katame dhammā abyākatā? Yasmiṃ samaye manoviññāṇadhātu uppannā hoti kiriyā neva kusalā nākusalā na ca kammavipākā upekkhāsahagatā rūpārammaṇā vā…pe… dhammārammaṇā vā yaṃ yaṃ vā panārabbha, tasmiṃ samaye phasso hoti, vedanā hoti, saññā hoti, cetanā hoti, cittaṃ hoti, vitakko hoti, vicāro hoti, upekkhā hoti, cittassekaggatā hoti, vīriyindriyaṃ hoti, samādhindriyaṃ hoti manindriyaṃ hoti, upekkhindriyaṃ hoti, jīvitindriyaṃ hoti; ye vā pana tasmiṃ samaye aññepi atthi paṭiccasamuppannā arūpino dhammā – ime dhammā abyākatā…pe….
Tasmiṃ kho pana samaye cattāro khandhā honti, dvāyatanāni honti, dve dhātuyo honti, tayo āhārā honti, pañcindriyāni honti, eko phasso hoti…pe… ekā manoviññāṇadhātu hoti, ekaṃ dhammāyatanaṃ hoti, ekā dhammadhātu hoti; ye vā pana tasmiṃ samaye aññepi atthi paṭiccasamuppannā arūpino dhammā – ime dhammā abyākatā…pe….","Which are the states that are indeterminate?
When an element of representative intellection which is inoperative has arisen which is neither good, nor bad, nor the result of karma, which is accompanied by indifference, and which has as its object a sight, a sound, a smell, a taste, something tangible, or what not, then there is
contact,
feeling,
perception,
volition,
consciousness,
applied, and
sustained thought,
indifference,
self-collectedness;
the faculties of
energy,
concentration,
mind,
indifference,
life.
Now these, or whatever other incorporeal, causally induced states there are on that occasion—these are states that are indeterminate.
Summary",
1-575,"575. Katamo tasmiṃ samaye saṅkhārakkhandho hoti? Phasso cetanā vitakko vicāro cittassekaggatā vīriyindriyaṃ samādhindriyaṃ jīvitindriyaṃ; ye vā pana tasmiṃ samaye aññepi atthi paṭiccasamuppannā arūpino dhammā ṭhapetvā vedanākkhandhaṃ ṭhapetvā saññākkhandhaṃ ṭhapetvā viññāṇakkhandhaṃ – ayaṃ tasmiṃ samaye saṅkhārakkhandho hoti…pe… ime dhammā abyākatā.
Kiriyā manoviññāṇadhātu upekkhāsahagatā.
Ahetukā kiriyā abyākatā.","The skandha of synergies is identical with that in § 573 , but “zest” must be omitted.
3.",
1-576,"576. Katame dhammā abyākatā? Yasmiṃ samaye manoviññāṇadhātu uppannā hoti kiriyā neva kusalā nākusalā na ca kammavipākā somanassasahagatā ñāṇasampayuttā…pe… somanassasahagatā ñāṇasampayuttā sasaṅkhārena…pe… somanassasahagatā ñāṇavippayuttā…pe… somanassasahagatā ñāṇavippayuttā sasaṅkhārena…pe… upekkhāsahagatā ñāṇasampayuttā…pe… upekkhāsahagatā ñāṇasampayuttā sasaṅkhārena…pe… upekkhāsahagatā ñāṇavippayuttā…pe… upekkhāsahagatā ñāṇavippayuttā sasaṅkhārena rūpārammaṇā vā…pe… dhammārammaṇā vā yaṃ yaṃ vā panārabbha , tasmiṃ samaye phasso hoti…pe… avikkhepo hoti …pe… ime dhammā abyākatā…pe… alobho abyākatamūlaṃ…pe… adoso abyākatamūlaṃ…pe… ime dhammā abyākatā.
Sahetukā kāmāvacarakiriyā.","Which are the states that are indeterminate?
When an element of representative intellection which is inoperative has arisen that is neither good, nor bad, nor the result of karma—(1.) which is accompanied by gladness and associated with knowledge … (2.) which is accompanied by gladness, associated with knowledge, and is instigated … (3.) which is accompanied by gladness and disconnected with knowledge … (4.) which is accompanied by gladness, disconnected with knowledge, and is instigated … (5.) which is accompanied by indifference and associated with knowledge … (6.) which is accompanied by indifference, associated with knowledge, and is instigated … (7.) which is accompanied by indifference and disconnected with knowledge … (8.) which is accompanied by indifference, disconnected with knowledge, and is instigated—and which has as its object a sight, a sound, a smell, a taste, something tangible, or what not—then there is contact … balance. Now these … are states that are indeterminate.",
1-577,"577. Katame dhammā abyākatā? Yasmiṃ samaye rūpāvacaraṃ jhānaṃ bhāveti kiriyaṃ neva kusalaṃ nākusalaṃ na ca kammavipākaṃ diṭṭhadhammasukhavihāraṃ vivicceva kāmehi…pe… paṭhamaṃ jhānaṃ upasampajja viharati pathavīkasiṇaṃ, tasmiṃ samaye phasso hoti…pe… avikkhepo hoti…pe… ime dhammā abyākatā.","Which are the states that are indeterminate?
When he cultivates rapt meditation in connexion with the universe of Form, which is inoperative, is neither good, nor bad, nor the result of karma, and which is concerned with easeful living under present conditions—and so, aloof from sensuous desires, aloof from evil ideas, by earth-gazing, enters into and abides in the First Jhāna … then there is contact … balance. Now these … are states that are indeterminate.",
1-578,"578. Katame dhammā abyākatā? Yasmiṃ samaye rūpāvacaraṃ jhānaṃ bhāveti kiriyaṃ neva kusalaṃ nākusalaṃ na ca kammavipākaṃ diṭṭhadhammasukhavihāraṃ vitakkavicārānaṃ vūpasamā…pe… dutiyaṃ jhānaṃ…pe… tatiyaṃ jhānaṃ…pe… catutthaṃ jhānaṃ…pe… paṭhamaṃ jhānaṃ…pe… pañcamaṃ jhānaṃ upasampajja viharati pathavīkasiṇaṃ, tasmiṃ samaye phasso hoti…pe… avikkhepo hoti…pe… ime dhammā abyākatā.
Rūpāvacarakiriyā.","Repeat in the case of each remaining Jhāna of the Fourfold, and of those of the Fivefold System.
C. In connexion with the Universe of the Formless ( arūpā-vacara-kiriyā )",
1-579,579. Katame dhammā abyākatā? Yasmiṃ samaye arūpāvacaraṃ jhānaṃ bhāveti kiriyaṃ neva kusalaṃ nākusalaṃ na ca kammavipākaṃ diṭṭhadhammasukhavihāraṃ sabbaso rūpasaññānaṃ samatikkamā paṭighasaññānaṃ atthaṅgamā nānattasaññānaṃ amanasikārā ākāsānañcāyatanasaññāsahagataṃ sukhassa ca pahānā…pe… catutthaṃ jhānaṃ upasampajja viharati tasmiṃ samaye phasso hoti…pe… avikkhepo hoti…pe… ime dhammā abyākatā.,"Which are the states that are indeterminate?
When he cultivates rapt meditation in connexion with the universe of the Formless, which is inoperative, is neither good, nor bad, nor the result of karma, and is concerned with easeful living under present conditions—and when, by passing wholly beyond all consciousness of form, by the dying out of the consciousness of sensory reaction, by turning the attention from any consciousness of the manifold, he enters into and abides in that rapt meditation which is accompanied by the consciousness of a sphere of unbounded space—even the Fourth Jhāna, to gain which all sense of ease has been put away, etc. … then there is contact … balance. Now these … are states that are indeterminate.",
1-580,"580. Katame dhammā abyākatā? Yasmiṃ samaye arūpāvacaraṃ jhānaṃ bhāveti kiriyaṃ neva kusalaṃ nākusalaṃ na ca kammavipākaṃ diṭṭhadhammasukhavihāraṃ sabbaso ākāsānañcāyatanaṃ samatikkamma viññāṇañcāyatanasaññāsahagataṃ sukhassa ca pahānā…pe… catutthaṃ jhānaṃ upasampajja viharati, tasmiṃ samaye phasso hoti…pe… avikkhepo hoti…pe… ime dhammā abyākatā.","Here follow, with the same opening formula as in the foregoing answer, the three remaining “Jhānas connected with Formless Existence”. See §§ 266 – 268 .
[Here ends] the Division on the Uprising of Mind.
A Buddhist Manual of Psychological Ethics , a rys_davids of the Dhammasaṅgaṇī, Compendium of States or Phenomena, by Caroline A.F. Rhys Davids and D. Litt., M.A. .
Published by the Pali Text Society in 1900 . Reprinted 1923, 1974, 1993, 2004.
Released by the Pali Text Society under Creative Commons Attribution-NonCommercial 3.0 licence (CC BY-NC 3.0) .
See also the statement under http://",
1-581,"581. Katame dhammā abyākatā? Yasmiṃ samaye arūpāvacaraṃ jhānaṃ bhāveti kiriyaṃ neva kusalaṃ nākusalaṃ na ca kammavipākaṃ diṭṭhadhammasukhavihāraṃ sabbaso viññāṇañcāyatanaṃ samatikkamma ākiñcaññāyatanasaññāsahagataṃ sukhassa ca pahānā…pe… catutthaṃ jhānaṃ upasampajja viharati , tasmiṃ samaye phasso hoti…pe… avikkhepo hoti…pe… ime dhammā abyākatā.",-,
1-582,"582. Katame dhammā abyākatā? Yasmiṃ samaye arūpāvacaraṃ jhānaṃ bhāveti kiriyaṃ neva kusalaṃ nākusalaṃ na ca kammavipākaṃ diṭṭhadhammasukhavihāraṃ sabbaso ākiñcaññāyatanaṃ samatikkamma nevasaññānāsaññāyatanasaññāsahagataṃ sukhassa ca pahānā…pe… catutthaṃ jhānaṃ upasampajja viharati, tasmiṃ samaye phasso hoti…pe… avikkhepo hoti…pe… ime dhammā abyākatā…pe… alobho abyākatamūlaṃ…pe… adoso abyākatamūlaṃ…pe… amoho abyākatamūlaṃ…pe… ime dhammā abyākatā.
Arūpāvacarakiriyā.
Kiriyā abyākatā.
Cittuppādakaṇḍaṃ niṭṭhitaṃ.",-,
1-583,"583. Katame dhammā abyākatā? Kusalākusalānaṃ dhammānaṃ vipākā kāmāvacarā rūpāvacarā arūpāvacarā apariyāpannā vedanākkhandho saññākkhandho saṅkhārakkhandho viññāṇakkhandho, ye ca dhammā kiriyā neva kusalā nākusalā na ca kammavipākā, sabbañca rūpaṃ, asaṅkhatā ca dhātu – ime dhammā abyākatā.","Which are the states that are indeterminate?
The results of good and bad states taking effect in the universe of sense, in that of form, in that of the formless, or in [the life] which is Unincluded, and as connected with the skandhas of feeling, perception, synergies, and consciousness; as well as those inoperative states which are neither good, nor bad, nor the result of karma; all form, moreover; and [finally] Unconditioned Element—these are states that are indeterminate.
A Buddhist Manual of Psychological Ethics , a rys_davids of the Dhammasaṅgaṇī, Compendium of States or Phenomena, by Caroline A.F. Rhys Davids and D. Litt., M.A. .
Published by the Pali Text Society in 1900 . Reprinted 1923, 1974, 1993, 2004.
Released by the Pali Text Society under Creative Commons Attribution-NonCommercial 3.0 licence (CC BY-NC 3.0) .
See also the statement under http://",
1-584,"584. Tattha katamaṃ sabbaṃ rūpaṃ? Cattāro ca mahābhūtā, catunnañca mahābhūtānaṃ upādāya rūpaṃ – idaṃ vuccati sabbaṃ rūpaṃ. Sabbaṃ rūpaṃ na hetu, ahetukaṃ, hetuvippayuttaṃ, sappaccayaṃ , saṅkhataṃ, rūpaṃ [rūpiyaṃ (sī.)], lokiyaṃ, sāsavaṃ, saṃyojaniyaṃ, ganthaniyaṃ, oghaniyaṃ, yoganiyaṃ, nīvaraṇiyaṃ, parāmaṭṭhaṃ, upādāniyaṃ, saṃkilesikaṃ, abyākataṃ, anārammaṇaṃ, acetasikaṃ, cittavippayuttaṃ, nevavipākanavipākadhammadhammaṃ, asaṃkiliṭṭhasaṃkilesikaṃ, na savitakkasavicāraṃ, na avitakkavicāramattaṃ, avitakkaavicāraṃ, na pītisahagataṃ, na sukhasahagataṃ, na upekkhāsahagataṃ, neva dassanena na bhāvanāya pahātabbaṃ, neva dassanena na bhāvanāya pahātabbahetukaṃ, neva ācayagāmi na apacayagāmi, nevasekkhanāsekkhaṃ, parittaṃ, kāmāvacaraṃ, na rūpāvacaraṃ, na arūpāvacaraṃ, pariyāpannaṃ, no apariyāpannaṃ, aniyataṃ, aniyyānikaṃ, uppannaṃ, chahi viññāṇehi viññeyyaṃ, aniccaṃ, jarābhibhūtaṃ.
Evaṃ ekavidhena rūpasaṅgaho.
Ekakaṃ.","In this connexion, what is “all form” ( sabbaṃ rūpaṃ )?
The four great phenomena and that form which is derived from the four great phenomena—this is what is called “all form”.",
1-585,"Tividhena rūpasaṅgaho –
585. Yaṃ taṃ rūpaṃ ajjhattikaṃ, taṃ upādā. Yaṃ taṃ rūpaṃ bāhiraṃ, taṃ atthi upādā, atthi no upādā.
Yaṃ taṃ rūpaṃ ajjhattikaṃ, taṃ upādiṇṇaṃ. Yaṃ taṃ rūpaṃ bāhiraṃ, taṃ atthi upādiṇṇaṃ, atthi anupādiṇṇaṃ.
Yaṃ taṃ rūpaṃ ajjhattikaṃ, taṃ upādiṇṇupādāniyaṃ. Yaṃ taṃ rūpaṃ bāhiraṃ, taṃ atthi upādiṇṇupādāniyaṃ, atthi anupādiṇṇupādāniyaṃ.
Yaṃ taṃ rūpaṃ ajjhattikaṃ, taṃ anidassanaṃ. Yaṃ taṃ rūpaṃ bāhiraṃ, taṃ atthi sanidassanaṃ, atthi anidassanaṃ.
Yaṃ taṃ rūpaṃ ajjhattikaṃ, taṃ sappaṭighaṃ. Yaṃ taṃ rūpaṃ bāhiraṃ, taṃ atthi sappaṭighaṃ, atthi appaṭighaṃ.
Yaṃ taṃ rūpaṃ ajjhattikaṃ, taṃ indriyaṃ. Yaṃ taṃ rūpaṃ bāhiraṃ, taṃ atthi indriyaṃ, atthi na indriyaṃ.
Yaṃ taṃ rūpaṃ ajjhattikaṃ, taṃ na mahābhūtaṃ. Yaṃ taṃ rūpaṃ bāhiraṃ, taṃ atthi mahābhūtaṃ, atthi na mahābhūtaṃ.
Yaṃ taṃ rūpaṃ ajjhattikaṃ, taṃ na viññatti. Yaṃ taṃ rūpaṃ bāhiraṃ, taṃ atthi viññatti, atthi na viññatti.
Yaṃ taṃ rūpaṃ ajjhattikaṃ, taṃ na cittasamuṭṭhānaṃ. Yaṃ taṃ rūpaṃ bāhiraṃ, taṃ atthi cittasamuṭṭhānaṃ, atthi na cittasamuṭṭhānaṃ.
Yaṃ taṃ rūpaṃ ajjhattikaṃ, taṃ na cittasahabhu. Yaṃ taṃ rūpaṃ bāhiraṃ, taṃ atthi cittasahabhu, atthi na cittasahabhu.
Yaṃ taṃ rūpaṃ ajjhattikaṃ, taṃ na cittānuparivatti. Yaṃ taṃ rūpaṃ bāhiraṃ, taṃ atthi cittānuparivatti, atthi na cittānuparivatti.
Yaṃ taṃ rūpaṃ ajjhattikaṃ, taṃ oḷārikaṃ. Yaṃ taṃ rūpaṃ bāhiraṃ, taṃ atthi oḷārikaṃ, atthi sukhumaṃ.
Yaṃ taṃ rūpaṃ ajjhattikaṃ, taṃ santike. Yaṃ taṃ rūpaṃ bāhiraṃ, taṃ atthi dūre, atthi santike.
Yaṃ taṃ rūpaṃ bāhiraṃ, taṃ cakkhusamphassassa na vatthu. Yaṃ taṃ rūpaṃ ajjhattikaṃ, taṃ atthi cakkhusamphassassa vatthu, atthi cakkhusamphassassa na vatthu.
Yaṃ taṃ rūpaṃ bāhiraṃ, taṃ cakkhusamphassajāya vedanāya…pe… saññāya…pe… cetanāya…pe… cakkhuviññāṇassa na vatthu. Yaṃ taṃ rūpaṃ ajjhattikaṃ, taṃ atthi cakkhuviññāṇassa vatthu, atthi cakkhuviññāṇassa na vatthu.
Yaṃ taṃ rūpaṃ bāhiraṃ, taṃ sotasamphassassa…pe… ghānasamphassassa…pe… jivhāsamphassassa…pe… kāyasamphassassa na vatthu. Yaṃ taṃ rūpaṃ ajjhattikaṃ, taṃ atthi kāyasamphassassa vatthu, atthi kāyasamphassassa na vatthu. Yaṃ taṃ rūpaṃ bāhiraṃ, taṃ kāyasamphassajāya vedanāya…pe… saññāya…pe… cetanāya…pe… kāyaviññāṇassa na vatthu. Yaṃ taṃ rūpaṃ ajjhattikaṃ, taṃ atthi kāyaviññāṇassa vatthu, atthi kāyaviññāṇassa na vatthu.
Yaṃ taṃ rūpaṃ ajjhattikaṃ, taṃ cakkhusamphassassa nārammaṇaṃ. Yaṃ taṃ rūpaṃ bāhiraṃ, taṃ atthi cakkhusamphassassa ārammaṇaṃ, atthi cakkhusamphassassa nārammaṇaṃ. Yaṃ taṃ rūpaṃ ajjhattikaṃ, taṃ cakkhusamphassajāya vedanāya…pe… saññāya…pe… cetanāya…pe… cakkhuviññāṇassa nārammaṇaṃ. Yaṃ taṃ rūpaṃ bāhiraṃ, taṃ atthi cakkhuviññāṇassa ārammaṇaṃ, atthi cakkhuviññāṇassa nārammaṇaṃ.
Yaṃ taṃ rūpaṃ ajjhattikaṃ, taṃ sotasamphassassa…pe… ghānasamphassassa…pe… jivhāsamphassassa…pe… kāyasamphassassa nārammaṇaṃ. Yaṃ taṃ rūpaṃ bāhiraṃ, taṃ atthi kāyasamphassassa ārammaṇaṃ, atthi kāyasamphassassa nārammaṇaṃ. Yaṃ taṃ rūpaṃ ajjhattikaṃ , taṃ kāyasamphassajāya vedanāya…pe… saññāya…pe… cetanāya…pe… kāyaviññāṇassa nārammaṇaṃ. Yaṃ taṃ rūpaṃ bāhiraṃ, taṃ atthi kāyaviññāṇassa ārammaṇaṃ, atthi kāyaviññāṇassa nārammaṇaṃ.
Yaṃ taṃ rūpaṃ bāhiraṃ, taṃ na cakkhāyatanaṃ. Yaṃ taṃ rūpaṃ ajjhattikaṃ, taṃ atthi cakkhāyatanaṃ, atthi na cakkhāyatanaṃ. Yaṃ taṃ rūpaṃ bāhiraṃ, taṃ na sotāyatanaṃ…pe… na ghānāyatanaṃ…pe… na jivhāyatanaṃ…pe… na kāyāyatanaṃ. Yaṃ taṃ rūpaṃ ajjhattikaṃ, taṃ atthi kāyāyatanaṃ, atthi na kāyāyatanaṃ.
Yaṃ taṃ rūpaṃ ajjhattikaṃ, taṃ na rūpāyatanaṃ. Yaṃ taṃ rūpaṃ bāhiraṃ, taṃ atthi rūpāyatanaṃ, atthi na rūpāyatanaṃ . Yaṃ taṃ rūpaṃ ajjhattikaṃ, taṃ na saddāyatanaṃ…pe… na gandhāyatanaṃ…pe… na rasāyatanaṃ…pe… na phoṭṭhabbāyatanaṃ. Yaṃ taṃ rūpaṃ bāhiraṃ, taṃ atthi phoṭṭhabbāyatanaṃ, atthi na phoṭṭhabbāyatanaṃ.
Yaṃ taṃ rūpaṃ bāhiraṃ, taṃ na cakkhudhātu. Yaṃ taṃ rūpaṃ ajjhattikaṃ, taṃ atthi cakkhudhātu, atthi na cakkhudhātu. Yaṃ taṃ rūpaṃ bāhiraṃ, taṃ na sotadhātu…pe… na ghānadhātu…pe… na jivhādhātu…pe… na kāyadhātu. Yaṃ taṃ rūpaṃ ajjhattikaṃ, taṃ atthi kāyadhātu, atthi na kāyadhātu.
Yaṃ taṃ rūpaṃ ajjhattikaṃ, taṃ na rūpadhātu. Yaṃ taṃ rūpaṃ bāhiraṃ, taṃ atthi rūpadhātu, atthi na rūpadhātu. Yaṃ taṃ rūpaṃ ajjhattikaṃ, taṃ na saddadhātu…pe… na gandhadhātu…pe… na rasadhātu…pe… na phoṭṭhabbadhātu. Yaṃ taṃ rūpaṃ bāhiraṃ, taṃ atthi phoṭṭhabbadhātu, atthi na phoṭṭhabbadhātu.
Yaṃ taṃ rūpaṃ bāhiraṃ, taṃ na cakkhundriyaṃ. Yaṃ taṃ rūpaṃ ajjhattikaṃ, taṃ atthi cakkhundriyaṃ, atthi na cakkhundriyaṃ. Yaṃ taṃ rūpaṃ bāhiraṃ, taṃ na sotindriyaṃ…pe… na ghānindriyaṃ…pe… na jivhindriyaṃ…pe… na kāyindriyaṃ. Yaṃ taṃ rūpaṃ ajjhattikaṃ, taṃ atthi kāyindriyaṃ, atthi na kāyindriyaṃ.
Yaṃ taṃ rūpaṃ ajjhattikaṃ, taṃ na itthindriyaṃ. Yaṃ taṃ rūpaṃ bāhiraṃ, taṃ atthi itthindriyaṃ, atthi na itthindriyaṃ.
Yaṃ taṃ rūpaṃ ajjhattikaṃ, taṃ na purisindriyaṃ. Yaṃ taṃ rūpaṃ bāhiraṃ, taṃ atthi purisindriyaṃ, atthi na purisindriyaṃ.
Yaṃ taṃ rūpaṃ ajjhattikaṃ, taṃ na jīvitindriyaṃ. Yaṃ taṃ rūpaṃ bāhiraṃ, taṃ atthi jīvitindriyaṃ, atthi na jīvitindriyaṃ.
Yaṃ taṃ rūpaṃ ajjhattikaṃ, taṃ na kāyaviññatti. Yaṃ taṃ rūpaṃ bāhiraṃ, taṃ atthi kāyaviññatti, atthi na kāyaviññatti.
Yaṃ taṃ rūpaṃ ajjhattikaṃ, taṃ na vacīviññatti. Yaṃ taṃ rūpaṃ bāhiraṃ, taṃ atthi vacīviññatti, atthi na vacīviññatti.
Yaṃ taṃ rūpaṃ ajjhattikaṃ, taṃ na ākāsadhātu. Yaṃ taṃ rūpaṃ bāhiraṃ, taṃ atthi ākāsadhātu, atthi na ākāsadhātu.
Yaṃ taṃ rūpaṃ ajjhattikaṃ, taṃ na āpodhātu. Yaṃ taṃ rūpaṃ bāhiraṃ, taṃ atthi āpodhātu, atthi na āpodhātu.
Yaṃ taṃ rūpaṃ ajjhattikaṃ, taṃ rūpassa na lahutā. Yaṃ taṃ rūpaṃ bāhiraṃ, taṃ atthi rūpassa lahutā, atthi rūpassa na lahutā.
Yaṃ taṃ rūpaṃ ajjhattikaṃ, taṃ rūpassa na mudutā. Yaṃ taṃ rūpaṃ bāhiraṃ, taṃ atthi rūpassa mudutā, atthi rūpassa na mudutā.
Yaṃ taṃ rūpaṃ ajjhattikaṃ, taṃ rūpassa na kammaññatā. Yaṃ taṃ rūpaṃ bāhiraṃ, taṃ atthi rūpassa kammaññatā, atthi rūpassa na kammaññatā.
Yaṃ taṃ rūpaṃ ajjhattikaṃ, taṃ rūpassa na upacayo. Yaṃ taṃ rūpaṃ bāhiraṃ, taṃ atthi rūpassa upacayo, atthi rūpassa na upacayo.
Yaṃ taṃ rūpaṃ ajjhattikaṃ, taṃ rūpassa na santati. Yaṃ taṃ rūpaṃ bāhiraṃ, taṃ atthi rūpassa santati, atthi rūpassa na santati.
Yaṃ taṃ rūpaṃ ajjhattikaṃ, taṃ rūpassa na jaratā. Yaṃ taṃ rūpaṃ bāhiraṃ, taṃ atthi rūpassa jaratā, atthi rūpassa na jaratā.
Yaṃ taṃ rūpaṃ ajjhattikaṃ, taṃ rūpassa na aniccatā. Yaṃ taṃ rūpaṃ bāhiraṃ, taṃ atthi rūpassa aniccatā, atthi rūpassa na aniccatā.
Yaṃ taṃ rūpaṃ ajjhattikaṃ, taṃ na kabaḷīkāro āhāro. Yaṃ taṃ rūpaṃ bāhiraṃ, taṃ atthi kabaḷīkāro āhāro, atthi na kabaḷīkāro āhāro.
Evaṃ tividhena rūpasaṅgaho.
Tikaṃ.","Here follows the Mātika, or table of contents of the following analysis of Form, considered under quantitative categories—the usual Buddhist method. That is to say, Form is considered, first, under a number of single, uncorrelated qualities, then under dichotomized qualities, then under qualities which, taken singly, give inclusion, inclusion under the opposite, or exclusion from both; or which, taken in pairs, afford three combinations. We then get pairs of qualities taken together, affording four combinations. After that comes consideration of Form under more inductive classifications, e.g. the four elements and, fifthly, their derivatives, and so on, as given below.
A Buddhist Manual of Psychological Ethics , a rys_davids of the Dhammasaṅgaṇī, Compendium of States or Phenomena, by Caroline A.F. Rhys Davids and D. Litt., M.A. .
Published by the Pali Text Society in 1900 . Reprinted 1923, 1974, 1993, 2004.
Released by the Pali Text Society under Creative Commons Attribution-NonCommercial 3.0 licence (CC BY-NC 3.0) .
See also the statement under http://",
1-586,"Catubbidhena rūpasaṅgaho –
586. Yaṃ taṃ rūpaṃ upādā, taṃ atthi upādiṇṇaṃ, atthi anupādiṇṇaṃ. Yaṃ taṃ rūpaṃ no upādā, taṃ atthi upādiṇṇaṃ, atthi anupādiṇṇaṃ.
Yaṃ taṃ rūpaṃ upādā, taṃ atthi upādiṇṇupādāniyaṃ, atthi anupādiṇṇupādāniyaṃ. Yaṃ taṃ rūpaṃ no upādā, taṃ atthi upādiṇṇupādāniyaṃ, atthi anupādiṇṇupādāniyaṃ.
Yaṃ taṃ rūpaṃ upādā, taṃ atthi sappaṭighaṃ, atthi appaṭighaṃ. Yaṃ taṃ rūpaṃ no upādā, taṃ atthi sappaṭighaṃ, atthi appaṭighaṃ.
Yaṃ taṃ rūpaṃ upādā, taṃ atthi oḷārikaṃ, atthi sukhumaṃ. Yaṃ taṃ rūpaṃ no upādā, taṃ atthi oḷārikaṃ, atthi sukhumaṃ.
Yaṃ taṃ rūpaṃ upādā, taṃ atthi dūre, atthi santike. Yaṃ taṃ rūpaṃ no upādā, taṃ atthi dūre, atthi santike.
Yaṃ taṃ rūpaṃ upādiṇṇaṃ, taṃ atthi sanidassanaṃ, atthi anidassanaṃ. Yaṃ taṃ rūpaṃ anupādiṇṇaṃ, taṃ atthi sanidassanaṃ, atthi anidassanaṃ.
Yaṃ taṃ rūpaṃ upādiṇṇaṃ, taṃ atthi sappaṭighaṃ atthi appaṭighaṃ. Yaṃ taṃ rūpaṃ anupādiṇṇaṃ, taṃ atthi sappaṭighaṃ, atthi appaṭighaṃ.
Yaṃ taṃ rūpaṃ upādiṇṇaṃ, taṃ atthi mahābhūtaṃ, atthi na mahābhūtaṃ. Yaṃ taṃ rūpaṃ anupādiṇṇaṃ, taṃ atthi mahābhūtaṃ , atthi na mahābhūtaṃ.
Yaṃ taṃ rūpaṃ upādiṇṇaṃ, taṃ atthi oḷārikaṃ, atthi sukhumaṃ. Yaṃ taṃ rūpaṃ anupādiṇṇaṃ, taṃ atthi oḷārikaṃ, atthi sukhumaṃ.
Yaṃ taṃ rūpaṃ upādiṇṇaṃ, taṃ atthi dūre, atthi santike. Yaṃ taṃ rūpaṃ anupādiṇṇaṃ, taṃ atthi dūre, atthi santike.
Yaṃ taṃ rūpaṃ upādiṇṇupādāniyaṃ, taṃ atthi sanidassanaṃ, atthi anidassanaṃ. Yaṃ taṃ rūpaṃ anupādiṇṇupādāniyaṃ, taṃ atthi sanidassanaṃ, atthi anidassanaṃ.
Yaṃ taṃ rūpaṃ upādiṇṇupādāniyaṃ, taṃ atthi sappaṭighaṃ, atthi appaṭighaṃ. Yaṃ taṃ rūpaṃ anupādiṇṇupādāniyaṃ, taṃ atthi sappaṭighaṃ, atthi appaṭighaṃ.
Yaṃ taṃ rūpaṃ upādiṇṇupādāniyaṃ, taṃ atthi mahābhūtaṃ, atthi na mahābhūtaṃ. Yaṃ taṃ rūpaṃ anupādiṇṇupādāniyaṃ, taṃ atthi mahābhūtaṃ, atthi na mahābhūtaṃ.
Yaṃ taṃ rūpaṃ upādiṇṇupādāniyaṃ, taṃ atthi oḷārikaṃ, atthi sukhumaṃ. Yaṃ taṃ rūpaṃ anupādiṇṇupādāniyaṃ, taṃ atthi oḷārikaṃ, atthi sukhumaṃ.
Yaṃ taṃ rūpaṃ upādiṇṇupādāniyaṃ, taṃ atthi dūre, atthi santike. Yaṃ taṃ rūpaṃ anupādiṇṇupādāniyaṃ, taṃ atthi dūre, atthi santike.
Yaṃ taṃ rūpaṃ sappaṭighaṃ, taṃ atthi indriyaṃ, atthi na indriyaṃ. Yaṃ taṃ rūpaṃ appaṭighaṃ, taṃ atthi indriyaṃ, atthi na indriyaṃ.
Yaṃ taṃ rūpaṃ sappaṭighaṃ, taṃ atthi mahābhūtaṃ, atthi na mahābhūtaṃ. Yaṃ taṃ rūpaṃ appaṭighaṃ, taṃ atthi mahābhūtaṃ, atthi na mahābhūtaṃ.
Yaṃ taṃ rūpaṃ indriyaṃ, taṃ atthi oḷārikaṃ, atthi sukhumaṃ. Yaṃ taṃ rūpaṃ na indriyaṃ, taṃ atthi oḷārikaṃ, atthi sukhumaṃ.
Yaṃ taṃ rūpaṃ indriyaṃ, taṃ atthi dūre, atthi santike. Yaṃ taṃ rūpaṃ na indriyaṃ, taṃ atthi dūre, atthi santike.
Yaṃ taṃ rūpaṃ mahābhūtaṃ, taṃ atthi oḷārikaṃ, atthi sukhumaṃ. Yaṃ taṃ rūpaṃ na mahābhūtaṃ, taṃ atthi oḷārikaṃ, atthi sukhumaṃ.
Yaṃ taṃ rūpaṃ mahābhūtaṃ, taṃ atthi dūre, atthi santike. Yaṃ taṃ rūpaṃ na mahābhūtaṃ, taṃ atthi dūre, atthi santike.
Diṭṭhaṃ sutaṃ mutaṃ viññātaṃ rūpaṃ.
Evaṃ catubbidhena rūpasaṅgaho.
Catukkaṃ.",-,
1-587,"Pañcavidhena rūpasaṅgaho –
587. Pathavīdhātu, āpodhātu, tejodhātu, vāyodhātu, yañca rūpaṃ upādā.
Evaṃ pañcavidhena rūpasaṅgaho.
Pañcakaṃ.",-,
1-588,"Chabbidhena rūpasaṅgaho –
588. Cakkhuviññeyyaṃ rūpaṃ, sotaviññeyyaṃ rūpaṃ, ghānaviññeyyaṃ rūpaṃ, jivhāviññeyyaṃ rūpaṃ, kāyaviññeyyaṃ rūpaṃ, manoviññeyyaṃ rūpaṃ.
Evaṃ chabbidhena rūpasaṅgaho.
Chakkaṃ.",-,
1-589,"Sattavidhena rūpasaṅgaho –
589. Cakkhuviññeyyaṃ rūpaṃ, sotaviññeyyaṃ rūpaṃ, ghānaviññeyyaṃ rūpaṃ, jivhāviññeyyaṃ rūpaṃ, kāyaviññeyyaṃ rūpaṃ, manodhātuviññeyyaṃ rūpaṃ, manoviññāṇadhātuviññeyyaṃ rūpaṃ.
Evaṃ sattavidhena rūpasaṅgaho.
Sattakaṃ.",-,
1-590,"Aṭṭhavidhena rūpasaṅgaho –
590. Cakkhuviññeyyaṃ rūpaṃ, sotaviññeyyaṃ rūpaṃ, ghānaviññeyyaṃ rūpaṃ, jivhāviññeyyaṃ rūpaṃ, kāyaviññeyyaṃ rūpaṃ, atthi sukhasamphassaṃ, atthi dukkhasamphassaṃ, manodhātuviññeyyaṃ rūpaṃ, manoviññāṇadhātuviññeyyaṃ rūpaṃ.
Evaṃ aṭṭhavidhena rūpasaṅgaho.
Aṭṭhakaṃ.",-,
1-591,"Navavidhena rūpasaṅgaho –
591. Cakkhundriyaṃ, sotindriyaṃ, ghānindriyaṃ, jivhindriyaṃ kāyindriyaṃ, itthindriyaṃ, purisindriyaṃ, jīvitindriyaṃ, yañca rūpaṃ na indriyaṃ.
Evaṃ navavidhena rūpasaṅgaho.
Navakaṃ.",-,
1-592,"Dasavidhena rūpasaṅgaho –
592. Cakkhundriyaṃ, sotindriyaṃ, ghānindriyaṃ, jivhindriyaṃ kāyindriyaṃ, itthindriyaṃ, purisindriyaṃ, jīvitindriyaṃ, na indriyaṃ rūpaṃ atthi sappaṭighaṃ, atthi appaṭighaṃ.
Evaṃ dasavidhena rūpasaṅgaho.
Dasakaṃ.",-,
1-593,"Ekādasavidhena rūpasaṅgaho –
593. Cakkhāyatanaṃ, sotāyatanaṃ, ghānāyatanaṃ, jivhāyatanaṃ, kāyāyatanaṃ, rūpāyatanaṃ, saddāyatanaṃ , gandhāyatanaṃ, rasāyatanaṃ, phoṭṭhabbāyatanaṃ, yañca rūpaṃ anidassanaappaṭighaṃ [anidassanaṃ appaṭighaṃ (sī. syā.)] dhammāyatanapariyāpannaṃ.
Evaṃ ekādasavidhena rūpasaṅgaho.
Ekādasakaṃ.
Mātikā.",-,
1-594,"594. Sabbaṃ rūpaṃ na hetumeva, ahetukameva, hetuvippayuttameva, sappaccayameva, saṅkhatameva, rūpameva, lokiyameva, sāsavameva, saṃyojaniyameva, ganthaniyameva, oghaniyameva, yoganiyameva, nīvaraṇiyameva, parāmaṭṭhameva, upādāniyameva, saṃkilesikameva, abyākatameva, anārammaṇameva, acetasikameva, cittavippayuttameva, nevavipākanavipākadhammadhammameva, asaṃkiliṭṭhasaṃkilesikameva, na savitakkasavicārameva, na avitakkavicāramattameva, avitakkaavicārameva , na pītisahagatameva, na sukhasahagatameva, na upekkhāsahagatameva, neva dassanena na bhāvanāya pahātabbameva, neva dassanena na bhāvanāya pahātabbahetukameva, neva ācayagāmi na apacayagāmimeva, nevasekkhanāsekkhameva, parittameva, kāmāvacarameva, na rūpāvacarameva, na arūpāvacarameva, pariyāpannameva, no apariyāpannameva, aniyatameva, aniyyānikameva, uppannaṃ chahi viññāṇehi viññeyyameva, aniccameva, jarābhibhūtameva.
Evaṃ ekavidhena rūpasaṅgaho.
Ekakaniddeso.",-,
1-595,"595. Katamaṃ taṃ rūpaṃ upādā? Cakkhāyatanaṃ, sotāyatanaṃ, ghānāyatanaṃ, jivhāyatanaṃ, kāyāyatanaṃ, rūpāyatanaṃ, saddāyatanaṃ, gandhāyatanaṃ, rasāyatanaṃ, itthindriyaṃ, purisindriyaṃ, jīvitindriyaṃ, kāyaviññatti, vacīviññatti, ākāsadhātu, rūpassa lahutā, rūpassa mudutā, rūpassa kammaññatā, rūpassa upacayo, rūpassa santati, rūpassa jaratā, rūpassa aniccatā, kabaḷīkāro āhāro.","All form is that which is
not root condition,
not the concomitant of a root condition,
disconnected with root-condition,
causally related,
conditioned,
endowed with form,
mundane,
co-intoxicant,
of the Fetters,
of the Ties,
of the Floods,
of the Bonds,
of the Hindrances;
infected,
of the Graspings,
belonging to the Vices,
indeterminate,
void of mental objects,
not a mental property,
disconnected with thought,
neither moral result nor productive of it,
not vicious yet belonging to the Vices,
not applied and sustained thinking,
not “applied, but only sustained thinking”,
neither “applied nor sustained thinking”,
not “accompanied by zest”,
not “accompanied by ease”,
not “accompanied by indifference”,
not something capable of being got rid of either by insight or by cultivation,
not that the cause of which may be got rid of either by insight or by cultivation,
neither tending to, nor away from, the accumulation involving rebirth.
belonging neither to studentship nor to that which is beyond studentship,
of small account,
related to the universe of sense,
not related to the universe of form,
nor to that of the formless,
included,
not of the Unincluded,
not [something entailing] fixed [retribution],
unavailing for (ethical) guidance,
apparent,
cognizable by the six modes of cognition,
impermanent,
subject to decay.
Such is the category of Form considered by way of single attributes.
[Material] Form under a Dual Aspect—positive and negative ( duvidhena rūpa-sangaho )
“There is [material] form which is derived”.",
1-596,"596. Katamaṃ taṃ rūpaṃ cakkhāyatanaṃ? Yaṃ cakkhu [cakkhuṃ (sī. syā.)] catunnaṃ mahābhūtānaṃ upādāya pasādo attabhāvapariyāpanno anidassano sappaṭigho, yena cakkhunā anidassanena sappaṭighena rūpaṃ sanidassanaṃ sappaṭighaṃ passi vā passati vā passissati vā passe vā, cakkhuṃ petaṃ cakkhāyatanaṃ petaṃ cakkhudhātu pesā cakkhundriyaṃ petaṃ loko peso dvārā pesā samuddo peso paṇḍaraṃ petaṃ khettaṃ petaṃ vatthuṃ petaṃ nettaṃ petaṃ nayanaṃ petaṃ orimaṃ tīraṃ petaṃ suñño gāmopeso – idaṃ taṃ rūpaṃ cakkhāyatanaṃ.","What is that [material] form which is derived?
The sphere of
vision,
hearing,
smell,
taste,
body-sensibility;
the sphere of
sights,
sounds,
odours,
tastes;
woman-faculty,
man-faculty,
life-faculty;
intimation by act,
intimation by speech;
the element of space;
buoyancy,
plasticity,
wieldiness,
integration,
maintenance,
decay,
impermanence,
of form,
solid nutriment.",
1-597,"597. Katamaṃ taṃ rūpaṃ cakkhāyatanaṃ? Yaṃ cakkhu catunnaṃ mahābhūtānaṃ upādāya pasādo attabhāvapariyāpanno anidassano sappaṭigho, yamhi cakkhumhi anidassanamhi sappaṭighamhi rūpaṃ sanidassanaṃ sappaṭighaṃ paṭihaññi vā paṭihaññati vā paṭihaññissati vā paṭihaññe vā, cakkhuṃ petaṃ cakkhāyatanaṃ petaṃ cakkhudhātu pesā cakkhundriyaṃ petaṃ loko peso dvārā pesā samuddo peso paṇḍaraṃ petaṃ khettaṃ petaṃ vatthuṃ petaṃ nettaṃ petaṃ nayanaṃ petaṃ orimaṃ tīraṃ petaṃ suñño gāmo peso – idaṃ taṃ rūpaṃ cakkhāyatanaṃ.","What is that [material] form which is the sphere of vision ( cakkhāyatanaṃ )?
The eye, that is to say the sentient organ, derived from the Great Phenomena, included in the self-state, nature of the self, invisible and reacting—by which eye, invisible and reacting, one has seen, sees, will, or may see material shape that is visible and reacting—this that is sight, the sphere of eight, the element of vision, the faculty of vision, [this that is] “the world”, “a door”, “an ocean”, “lucent”, “a field”, “[physical] basis”, “a guide”, “guidance”, the “hither shore”, an “empty village”—this is that [material] shape which constitutes the sphere of vision.",
1-598,"598. Katamaṃ taṃ rūpaṃ cakkhāyatanaṃ? Yaṃ cakkhu catunnaṃ mahābhūtānaṃ upādāya pasādo attabhāvapariyāpanno anidassano sappaṭigho, yaṃ cakkhu anidassanaṃ sappaṭighaṃ rūpamhi sanidassanamhi sappaṭighamhi paṭihaññi vā paṭihaññati vā paṭihaññissati vā paṭihaññe vā, cakkhuṃ petaṃ cakkhāyatanaṃ petaṃ cakkhudhātu pesā cakkhundriyaṃ petaṃ loko peso dvārā pesā samuddo peso paṇḍaraṃ petaṃ khettaṃ petaṃ vatthuṃ petaṃ nettaṃ petaṃ nayanaṃ petaṃ orimaṃ tīraṃ petaṃ suñño gāmo peso – idaṃ taṃ rūpaṃ cakkhāyatanaṃ.","What is that [material] form which is the sphere of vision?
The eye, that is to say the sentient organ, derived from the four Great Phenomena, included in the self-state, invisible and reacting, and against which eye, invisible and reacting, [material] shape that is visible and reacting, has impinged, impinges, will, or may impinge—this that is sight, the sphere of sight, the constituent element of sight, etc. [Continue as in § 597 ] .",
1-599,"599. Katamaṃ taṃ rūpaṃ cakkhāyatanaṃ? Yaṃ cakkhu catunnaṃ mahābhūtānaṃ upādāya pasādo attabhāvapariyāpanno anidassano sappaṭigho, yaṃ cakkhuṃ nissāya rūpaṃ ārabbha cakkhusamphasso uppajji vā uppajjati vā uppajjissati vā uppajje vā…pe… yaṃ cakkhuṃ nissāya rūpaṃ ārabbha cakkhusamphassajā vedanā…pe… saññā…pe… cetanā…pe… cakkhuviññāṇaṃ uppajji vā uppajjati vā uppajjissati vā uppajje vā…pe… yaṃ cakkhuṃ nissāya rūpārammaṇo cakkhusamphasso uppajji vā uppajjati vā uppajjissati vā uppajje vā…pe… yaṃ cakkhuṃ nissāya rūpārammaṇā cakkhusamphassajā vedanā…pe… saññā…pe… cetanā…pe… cakkhuviññāṇaṃ uppajji vā uppajjati vā uppajjissati vā uppajje vā, cakkhuṃ petaṃ cakkhāyatanaṃ petaṃ cakkhudhātu pesā cakkhundriyaṃ petaṃ loko peso dvārā pesā samuddo peso paṇḍaraṃ petaṃ khettaṃ petaṃ vatthuṃ petaṃ nettaṃ petaṃ nayanaṃ petaṃ orimaṃ tīraṃ petaṃ suñño gāmo peso – idaṃ taṃ rūpaṃ cakkhāyatanaṃ.","What is that [material] form which is the sphere of vision?
The eye, that is to say the sentient organ, derived from the four Great Phenomena, included in the self-state, invisible and reacting, which eye, invisible and reacting, has impinged, impinges, will, or may impinge on [material] shape that is visible and impingeing—this that is sight, the sphere of sight, etc. [Continue as in § 597 ] .",
1-600,"600. Katamaṃ taṃ rūpaṃ sotāyatanaṃ? Yaṃ sotaṃ catunnaṃ mahābhūtānaṃ upādāya pasādo attabhāvapariyāpanno anidassano sappaṭigho, yena sotena anidassanena sappaṭighena saddaṃ anidassanaṃ sappaṭighaṃ suṇi vā suṇāti vā suṇissati vā suṇe vā, sotaṃ petaṃ sotāyatanaṃ petaṃ sotadhātu pesā sotindriyaṃ petaṃ loko peso dvārā pesā samuddo peso paṇḍaraṃ petaṃ khettaṃ petaṃ vatthuṃ petaṃ orimaṃ tīraṃ petaṃ suñño gāmo peso – idaṃ taṃ rūpaṃ sotāyatanaṃ.","What is that [material] form which is the sphere of vision?
The eye, that is to say the sentient organ, derived from the four Great Phenomena, included in the self-state, invisible and reacting, (i) depending on which eye, in consequence of some [visible] shape, there has arisen, arises, will, or may arise
visual contact; …
(ii) and depending on which eye, in consequence of some [visible] shape, there has arisen, arises, will, or may arise—born of that visual contact,
a feeling …
[or (iii)] a perception …
[or (iv)] volition …
[or (v)] a visual cognition …
[further, (vi)] depending on which eye, and having a [visible] shape as its object, there has arisen, arises, will, or may arise
visual contact,
(vii) and depending on which eye, and having a visible form as its object, there has arisen, arises, will, or may arise, born of that visual contact,
a feeling …
[or (viii)] a perception …
[or (ix)] volition …
[or (x)] a visual cognition—
this that is sight, the sphere of sight, etc. [Continue as in § 597 ] .",
1-601,"601. Katamaṃ taṃ rūpaṃ sotāyatanaṃ? Yaṃ sotaṃ catunnaṃ mahābhūtānaṃ upādāya pasādo attabhāvapariyāpanno anidassano sappaṭigho, yamhi sotamhi anidassanamhi sappaṭighamhi saddo anidassano sappaṭigho paṭihaññi vā paṭihaññati vā paṭihaññissati vā paṭihaññe vā, sotaṃ petaṃ sotāyatanaṃ petaṃ sotadhātu pesā sotindriyaṃ petaṃ loko peso dvārā pesā samuddo peso paṇḍaraṃ petaṃ khettaṃ petaṃ vatthuṃ petaṃ orimaṃ tīraṃ petaṃ suñño gāmo peso – idaṃ taṃ rūpaṃ sotāyatanaṃ.","What is that [material] form which is the sphere of hearing?
The ear, that is to say the sentient organ, derived from the four Great Phenomena, forming part of the nature of the self, invisible and reacting,
by which ear, invisible and reacting, one has heard, hears, will, or may hear sound that is invisible and reacting;
against which ear, invisible and reacting, sound that is invisible and reacting, has impinged, impinges, will, or may impinge;
which ear, invisible and reacting, has impinged, impinges, will, or may impinge on sound that is invisible and reacting;
depending on which ear, in consequence of a sound, there has arisen, arises, will, or may arise
auditory contact; …
and, depending on which ear, in consequence of a sound, there has arisen, arises, will, or may arise, born of that auditory contact,
a feeling …
[or] a perception …
[or] volition …
[or] auditory cognition;
[further] depending on which ear, and having a sound as its object, there has arisen, arises, will, or may arise
auditory contact,
and, depending on which ear, and having a sound as its object, there has arisen, arises, will, or may arise, born of that auditory contact,
a feeling …
[or] a perception …
[or] volition …
[or] auditory cognition;
this that is hearing, the sphere of hearing, the constituent element of hearing, the faculty of hearing, this that is “the world”, “a door”, “an ocean”, “lucent”, “a field”, “a basis”, “the hither shore”, “an empty village”—this is that [material] form which is the sphere of hearing.",
1-602,"602. Katamaṃ taṃ rūpaṃ sotāyatanaṃ? Yaṃ sotaṃ catunnaṃ mahābhūtānaṃ upādāya pasādo attabhāvapariyāpanno anidassano sappaṭigho, yaṃ sotaṃ anidassanaṃ sappaṭighaṃ saddamhi anidassanamhi sappaṭighamhi paṭihaññi vā paṭihaññati vā paṭihaññissati vā paṭihaññe vā, sotaṃ petaṃ sotāyatanaṃ petaṃ sotadhātu pesā sotindriyaṃ petaṃ loko peso dvārā pesā samuddo peso paṇḍaraṃ petaṃ khettaṃ petaṃ vatthuṃ petaṃ orimaṃ tīraṃ petaṃ suñño gāmo peso – idaṃ taṃ rūpaṃ sotāyatanaṃ.",-,
1-603,"603. Katamaṃ taṃ rūpaṃ sotāyatanaṃ? Yaṃ sotaṃ catunnaṃ mahābhūtānaṃ upādāya pasādo attabhāvapariyāpanno anidassano sappaṭigho, yaṃ sotaṃ nissāya saddaṃ ārabbha sotasamphasso uppajji vā uppajjati vā uppajjissati vā uppajje vā…pe… yaṃ sotaṃ nissāya saddaṃ ārabbha sotasamphassajā vedanā…pe… saññā…pe… cetanā…pe… sotaviññāṇaṃ uppajji vā uppajjati vā uppajjissati vā uppajje vā…pe… yaṃ sotaṃ nissāya saddārammaṇo sotasamphasso uppajji vā uppajjati vā uppajjissati vā uppajje vā…pe… yaṃ sotaṃ nissāya saddārammaṇā sotasamphassajā vedanā…pe… saññā…pe… cetanā…pe… sotaviññāṇaṃ uppajji vā uppajjati vā uppajjissati vā uppajje vā, sotaṃ petaṃ sotāyatanaṃ petaṃ sotadhātu pesā sotindriyaṃ petaṃ loko peso dvārā pesā samuddo peso paṇḍaraṃ petaṃ khettaṃ petaṃ vatthuṃ petaṃ orimaṃ tīraṃ petaṃ suñño gāmo peso – idaṃ taṃ rūpaṃ sotāyatanaṃ.",-,
1-604,"604. Katamaṃ taṃ rūpaṃ ghānāyatanaṃ? Yaṃ ghānaṃ catunnaṃ mahābhūtānaṃ upādāya pasādo attabhāvapariyāpanno anidassano sappaṭigho, yena ghānena anidassanena sappaṭighena gandhaṃ anidassanaṃ sappaṭighaṃ ghāyi vā ghāyati vā ghāyissati vā ghāye vā, ghānaṃ petaṃ ghānāyatanaṃ petaṃ ghānadhātu pesā ghānindriyaṃ petaṃ loko peso dvārā pesā samuddo peso paṇḍaraṃ petaṃ khettaṃ petaṃ vatthuṃ petaṃ orimaṃ tīraṃ petaṃ suñño gāmo peso – idaṃ taṃ rūpaṃ ghānāyatanaṃ.",-,
1-605,"605. Katamaṃ taṃ rūpaṃ ghānāyatanaṃ? Yaṃ ghānaṃ catunnaṃ mahābhūtānaṃ upādāya pasādo attabhāvapariyāpanno anidassano sappaṭigho, yamhi ghānamhi anidassanamhi sappaṭighamhi gandho anidassano sappaṭigho paṭihaññi vā paṭihaññati vā paṭihaññissati vā paṭihaññe vā, ghānaṃ petaṃ ghānāyatanaṃ petaṃ ghānadhātu pesā ghānindriyaṃ petaṃ loko peso dvārā pesā samuddo peso paṇḍaraṃ petaṃ khettaṃ petaṃ vatthuṃ petaṃ orimaṃ tīraṃ petaṃ suñño gāmo peso – idaṃ taṃ rūpaṃ ghānāyatanaṃ.","What is that [material] form which is the sphere of smell?
The nose, that is to say the sentient organ, derived from the four Great Phenomena, forming part of the nature of the self, invisible and reacting,
by which nose, invisible and reacting, one has smelt, smells, will, or may smell odour that is invisible and reacting;
against which nose, invisible and reacting, odour that is invisible and reacting, has impinged, impinges, will, or may impinge;
which nose, invisible and reacting, has impinged, impinges, will, or may impinge on odour that is invisible and reacting;
depending on which nose, in consequence of an odour … depending on which nose, and having an odour as its object, there has arisen,arises, will, or may arise
olfactory contact,
and, depending on which nose, in consequence of an odour … depending on which nose, and having an odour as its object, there has arisen, arises, will or may arise, born of that olfactory contact,
a feeling …
[or] a perception …
[or] volition …
[or] olfactory cognition;
this that is smell, the sphere, the constituent element, the faculty, of smell, this that is “the world”, etc. [Continue as in § 604 ] .",
1-606,"606. Katamaṃ taṃ rūpaṃ ghānāyatanaṃ? Yaṃ ghānaṃ catunnaṃ mahābhūtānaṃ upādāya pasādo attabhāvapariyāpanno anidassano sappaṭigho, yaṃ ghānaṃ anidassanaṃ sappaṭighaṃ gandhamhi anidassanamhi sappaṭighamhi paṭihaññi vā paṭihaññati vā paṭihaññissati vā paṭihaññe vā, ghānaṃ petaṃ ghānāyatanaṃ petaṃ ghānadhātu pesā ghānindriyaṃ petaṃ loko peso dvārā pesā samuddo peso paṇḍaraṃ petaṃ khettaṃ petaṃ vatthuṃ petaṃ orimaṃ tīraṃ petaṃ suñño gāmopeso – idaṃ taṃ rūpaṃ ghānāyatanaṃ.",-,
1-607,"607. Katamaṃ taṃ rūpaṃ ghānāyatanaṃ? Yaṃ ghānaṃ catunnaṃ mahābhūtānaṃ upādāya pasādo attabhāvapariyāpanno anidassano sappaṭigho, yaṃ ghānaṃ nissāya gandhaṃ ārabbha ghānasamphasso uppajji vā uppajjati vā uppajjissati vā uppajje vā…pe… yaṃ ghānaṃ nissāya gandhaṃ ārabbha ghānasamphassajā vedanā…pe… saññā…pe… cetanā…pe… ghānaviññāṇaṃ uppajji vā uppajjati vā uppajjissati vā uppajje vā…pe… yaṃ ghānaṃ nissāya gandhārammaṇo ghānasamphasso uppajji vā uppajjati vā uppajjissati vā uppajje vā…pe… yaṃ ghānaṃ nissāya gandhārammaṇā ghānasamphassajā vedanā…pe… saññā…pe… cetanā…pe… ghānaviññāṇaṃ uppajji vā uppajjati vā uppajjissati vā uppajje vā, ghānaṃ petaṃ ghānāyatanaṃ petaṃ ghānadhātu pesā ghānindriyaṃ petaṃ loko peso dvārā pesā samuddo peso paṇḍaraṃ petaṃ khettaṃ petaṃ vatthuṃ petaṃ orimaṃ tīraṃ petaṃ suñño gāmo peso – idaṃ taṃ rūpaṃ ghānāyatanaṃ.",-,
1-608,"608. Katamaṃ taṃ rūpaṃ jivhāyatanaṃ? Yā jivhā catunnaṃ mahābhūtānaṃ upādāya pasādo attabhāvapariyāpanno anidassano sappaṭigho, yāya jivhāya anidassanāya sappaṭighāya rasaṃ anidassanaṃ sappaṭighaṃ sāyi vā sāyati vā sāyissati vā sāye vā, jivhā pesā jivhāyatanaṃ petaṃ jivhādhātu pesā jivhindriyaṃ petaṃ loko peso dvārā pesā samuddo peso paṇḍaraṃ petaṃ khettaṃ petaṃ vatthuṃ petaṃ orimaṃ tīraṃ petaṃ suñño gāmo peso – idaṃ taṃ rūpaṃ jivhāyatanaṃ.",-,
1-609,"609. Katamaṃ taṃ rūpaṃ jivhāyatanaṃ? Yā jivhā catunnaṃ mahābhūtānaṃ upādāya pasādo attabhāvapariyāpanno anidassano sappaṭigho, yāya jivhāya anidassanāya sappaṭighāya raso anidassano sappaṭigho paṭihaññi vā paṭihaññati vā paṭihaññissati vā paṭihaññe vā, jivhā pesā jivhāyatanaṃ petaṃ jivhādhātu pesā jivhindriyaṃ petaṃ loko peso dvārā pesā samuddo peso paṇḍaraṃ petaṃ khettaṃ petaṃ vatthuṃ petaṃ orimaṃ tīraṃ petaṃ suñño gāmo peso – idaṃ taṃ rūpaṃ jivhāyatanaṃ.","What is that [material] form which is the sphere of taste?
The tongue, that is to say the sentient organ, derived from the four Great Phenomena, included in the self-state, invisible and reacting;
by which tongue, invisible and reacting, one has tasted, tastes, will, or may taste sapids that are invisible and reacting;
against which tongue, invisible and reacting, sapids that are invisible and reacting, have impinged, impinge, will, or may impinge;
which tongue, invisible and reacting, has impinged, impinges, will, or may impinge on sapids that are invisible and reacting;
depending on which tongue, in consequence of a sapid … depending on which tongue, and having a sapid as its object, there has arisen, arises, will, or may arise
gustatory contact,
and depending on which tongue, in consequence of a sapid … depending on which tongue, and having a sapid as its object, there has arisen, arises, will, or may arise, born of that gustatory contact,
a feeling …
[or] a perception …
[or] volition …
[or] gustatory cognition;
this that is taste, the sphere, the constituent element, the faculty of taste, this that is “the world”, etc. [Continue as in § 604 ] .",
1-610,"610. Katamaṃ taṃ rūpaṃ jivhāyatanaṃ? Yā jivhā catunnaṃ mahābhūtānaṃ upādāya pasādo attabhāvapariyāpanno anidassano sappaṭigho, yā jivhā anidassanā sappaṭighā rasamhi anidassanamhi sappaṭighamhi paṭihaññi vā paṭihaññati vā paṭihaññissati vā paṭihaññe vā, jivhā pesā jivhāyatanaṃ petaṃ jivhādhātu pesā jivhindriyaṃ petaṃ loko peso dvārā pesā samuddo peso paṇḍaraṃ petaṃ khettaṃ petaṃ vatthuṃ petaṃ orimaṃ tīraṃ petaṃ suñño gāmo peso – idaṃ taṃ rūpaṃ jivhāyatanaṃ.",-,
1-611,"611. Katamaṃ taṃ rūpaṃ jivhāyatanaṃ? Yā jivhā catunnaṃ mahābhūtānaṃ upādāya pasādo attabhāvapariyāpanno anidassano sappaṭigho, yaṃ jivhaṃ nissāya rasaṃ ārabbha jivhāsamphasso uppajji vā uppajjati vā uppajjissati vā uppajje vā…pe… yaṃ jivhaṃ nissāya rasaṃ ārabbha jivhāsamphassajā vedanā…pe… saññā…pe… cetanā…pe… jivhāviññāṇaṃ uppajji vā uppajjati vā uppajjissati vā uppajje vā…pe… yaṃ jivhaṃ nissāya rasārammaṇo jivhāsamphasso uppajji vā uppajjati vā uppajjissati vā uppajje vā…pe… yaṃ jivhaṃ nissāya rasārammaṇā jivhāsamphassajā vedanā…pe… saññā…pe… cetanā…pe… jivhāviññāṇaṃ uppajji vā uppajjati vā uppajjissati vā uppajje vā, jivhā pesā jivhāyatanaṃ petaṃ jivhādhātu pesā jivhindriyaṃ petaṃ loko peso dvārā pesā samuddo peso paṇḍaraṃ petaṃ khettaṃ petaṃ vatthuṃ petaṃ orimaṃ tīraṃ petaṃ suñño gāmo peso – idaṃ taṃ rūpaṃ jivhāyatanaṃ.",-,
1-612,"612. Katamaṃ taṃ rūpaṃ kāyāyatanaṃ? Yo kāyo catunnaṃ mahābhūtānaṃ upādāya pasādo attabhāvapariyāpanno anidassano sappaṭigho, yena kāyena anidassanena sappaṭighena phoṭṭhabbaṃ anidassanasappaṭighaṃ phusi vā phusati vā phusissati vā phuse vā, kāyo peso kāyāyatanaṃ petaṃ kāyadhātu pesā kāyindriyaṃ petaṃ loko peso dvārā pesā samuddo peso paṇḍaraṃ petaṃ khettaṃ petaṃ vatthuṃ petaṃ orimaṃ tīraṃ petaṃ suñño gāmo peso – idaṃ taṃ rūpaṃ kāyāyatanaṃ.",-,
1-613,"613. Katamaṃ taṃ rūpaṃ kāyāyatanaṃ? Yo kāyo catunnaṃ mahābhūtānaṃ upādāya pasādo attabhāvapariyāpanno anidassano sappaṭigho, yamhi kāyamhi anidassanamhi sappaṭighamhi phoṭṭhabbo anidassano sappaṭigho paṭihaññi vā paṭihaññati vā paṭihaññissati vā paṭihaññe vā, kāyo peso kāyāyatanaṃ petaṃ kāyadhātu pesā kāyindriyaṃ petaṃ loko peso dvārā pesā samuddo peso paṇḍaraṃ petaṃ khettaṃ petaṃ vatthuṃ petaṃ orimaṃ tīraṃ petaṃ suñño gāmo peso – idaṃ taṃ rūpaṃ kāyāyatanaṃ.","What is that [material] form which is the sphere of body[-sensibility]?
The body, that is to say the sentient organ, derived from the four Great Phenomena, included in the self-state, invisible and reacting;
by which body-sensibility, invisible and reacting, one has touched, touches, will, or may touch the tangible that is invisible and reacting;
against which body-sensibility, invisible and reacting, the tangible, which is invisible and reacting, has impinged, impinges, will, or may impinge;
which body-sensibility, invisible and reacting, has impinged, impinges, will, or may impinge on the tangible that is invisible and reacting;
depending on which body-sensibility, in consequence of something tangible … depending on which body-sensibility, and having something tangible as its object, there has arisen, arises, will, or may arise
tactile contact,
and depending on which body-sensibility, in consequence of something tangible … depending on which body-sensibility, and having something tangible as its object, there has arisen, arises, will, or may arise, born of that tactile contact,
a feeling …
[or] a perception …
[or] volition …
[or] tactile cognition;
this that is body-sensibility, the sphere, constituent element, faculty of body-sensibility, this that is “the world”, etc. [Continue as in § 604 ] .",
1-614,"614. Katamaṃ taṃ rūpaṃ kāyāyatanaṃ? Yo kāyo catunnaṃ mahābhūtānaṃ upādāya pasādo attabhāvapariyāpanno anidassano sappaṭigho, yo kāyo anidassano sappaṭigho phoṭṭhabbamhi anidassanamhi sappaṭighamhi paṭihaññi vā paṭihaññati vā paṭihaññissati vā paṭihaññe vā, kāyo peso kāyāyatanaṃ petaṃ kāyadhātu pesā kāyindriyaṃ petaṃ loko peso dvārā pesā samuddo peso paṇḍaraṃ petaṃ khettaṃ petaṃ vatthuṃ petaṃ orimaṃ tīraṃ petaṃ suñño gāmo peso – idaṃ taṃ rūpaṃ kāyāyatanaṃ.",-,
1-615,"615. Katamaṃ taṃ rūpaṃ kāyāyatanaṃ? Yo kāyo catunnaṃ mahābhūtānaṃ upādāya pasādo attabhāvapariyāpanno anidassano sappaṭigho, yaṃ kāyaṃ nissāya phoṭṭhabbaṃ ārabbha kāyasamphasso uppajji vā uppajjati vā uppajjissati vā uppajje vā…pe… yaṃ kāyaṃ nissāya phoṭṭhabbaṃ ārabbha kāyasamphassajā vedanā…pe… saññā…pe… cetanā…pe… kāyaviññāṇaṃ uppajji vā uppajjati vā uppajjissati vā uppajje vā…pe… yaṃ kāyaṃ nissāya phoṭṭhabbārammaṇo kāyasamphasso uppajji vā uppajjati vā uppajjissati vā uppajje vā…pe… yaṃ kāyaṃ nissāya phoṭṭhabbārammaṇā kāyasamphassajā vedanā…pe… saññā…pe… cetanā…pe… kāyaviññāṇaṃ uppajji vā uppajjati vā uppajjissati vā uppajje vā, kāyo peso kāyāyatanaṃ petaṃ kāyadhātu pesā kāyindriyaṃ petaṃ loko peso dvārā pesā samuddo peso paṇḍaraṃ petaṃ khettaṃ petaṃ vatthuṃ petaṃ orimaṃ tīraṃ petaṃ suñño gāmo peso – idaṃ taṃ rūpaṃ kāyāyatanaṃ.",-,
1-616,"616. Katamaṃ taṃ rūpaṃ rūpāyatanaṃ? Yaṃ rūpaṃ catunnaṃ mahābhūtānaṃ upādāya vaṇṇanibhā sanidassanaṃ sappaṭighaṃ nīlaṃ pītakaṃ lohitakaṃ odātaṃ kāḷakaṃ mañjiṭṭhakaṃ [mañjeṭṭhakaṃ (sī. syā.)] hari harivaṇṇaṃ ambaṅkuravaṇṇaṃ dīghaṃ rassaṃ aṇuṃ thūlaṃ vaṭṭaṃ parimaṇḍalaṃ caturaṃsaṃ [caturassaṃ (sī. ka.)] chaḷaṃsaṃ aṭṭhaṃsaṃ soḷasaṃsaṃ ninnaṃ thalaṃ chāyā ātapo āloko andhakāro abbhā mahikā dhūmo rajo candamaṇḍalassa vaṇṇanibhā sūriyamaṇḍalassa [suriyamaṇḍalassa (sī. syā.)] vaṇṇanibhā tārakarūpānaṃ vaṇṇanibhā ādāsamaṇḍalassa vaṇṇanibhā maṇisaṅkhamuttāveḷuriyassa vaṇṇanibhā jātarūparajatassa vaṇṇanibhā, yaṃ vā panaññampi atthi rūpaṃ catunnaṃ mahābhūtānaṃ upādāya vaṇṇanibhā sanidassanaṃ sappaṭighaṃ, yaṃ rūpaṃ sanidassanaṃ sappaṭighaṃ cakkhunā anidassanena sappaṭighena passi vā passati vā passissati vā passe vā, rūpaṃ petaṃ rūpāyatanaṃ petaṃ rūpadhātu pesā – idaṃ taṃ rūpaṃ rūpāyatanaṃ.",-,
1-617,"617. Katamaṃ taṃ rūpaṃ rūpāyatanaṃ? Yaṃ rūpaṃ catunnaṃ mahābhūtānaṃ upādāya vaṇṇanibhā sanidassanaṃ sappaṭighaṃ nīlaṃ pītakaṃ lohitakaṃ odātaṃ kāḷakaṃ mañjiṭṭhakaṃ hari harivaṇṇaṃ ambaṅkuravaṇṇaṃ dīghaṃ rassaṃ aṇuṃ thūlaṃ vaṭṭaṃ parimaṇḍalaṃ caturaṃsaṃ chaḷaṃsaṃ aṭṭhaṃsaṃ soḷasaṃsaṃ ninnaṃ thalaṃ chāyā ātapo āloko andhakāro abbhā mahikā dhūmo rajo candamaṇḍalassa vaṇṇanibhā sūriyamaṇḍalassa vaṇṇanibhā tārakarūpānaṃ vaṇṇanibhā ādāsamaṇḍalassa vaṇṇanibhā maṇisaṅkhamuttāveḷuriyassa vaṇṇanibhā jātarūparajatassa vaṇṇanibhā, yaṃ vā panaññampi atthi rūpaṃ catunnaṃ mahābhūtānaṃ upādāya vaṇṇanibhā sanidassanaṃ sappaṭighaṃ, yamhi rūpamhi sanidassanamhi sappaṭighamhi cakkhuṃ anidassanaṃ sappaṭighaṃ paṭihaññi vā paṭihaññati vā paṭihaññissati vā paṭihaññe vā, rūpaṃ petaṃ rūpāyatanaṃ petaṃ rūpadhātu pesā – idaṃ taṃ rūpaṃ rūpāyatanaṃ.","What is that [material] form which is the sphere of [visible] shape?
The [material] form which, derived from the great principles, is visible under the appearance of colour and reacting—is blue, yellow, red, white, black, crimson, bronze, green-coloured, of the hue of the mango-bud; is long, short, big, little, circular, oval, square, hexagonal, octagonal, hekkaidecagonal; low, high, shady, glowing, light, dim, dull, frosty, smoky, dusty; like in colour to the disc of moon, sun, stars, a mirror, a gem, a shell, a pearl, a cat's eye, gold or silver; or whatever other shape there is which, derived from the four Great Phenomena, is visible and reacting—shape which, visible and reacting, one has seen, sees, will, or may see with the eye that is invisible and reacting—this which is visible shape, this which is the sphere of visible shape, the constituent element of visible shape—this is that form which is the sphere of visible shape.",
1-618,"618. Katamaṃ taṃ rūpaṃ rūpāyatanaṃ? Yaṃ rūpaṃ catunnaṃ mahābhūtānaṃ upādāya vaṇṇanibhā sanidassanaṃ sappaṭighaṃ nīlaṃ pītakaṃ lohitakaṃ odātaṃ kāḷakaṃ mañjiṭṭhakaṃ hari harivaṇṇaṃ ambaṅkuravaṇṇaṃ dīghaṃ rassaṃ aṇuṃ thūlaṃ vaṭṭaṃ parimaṇḍalaṃ caturaṃsaṃ chaḷaṃsaṃ aṭṭhaṃsaṃ soḷasaṃsaṃ ninnaṃ thalaṃ chāyā ātapo āloko andhakāro abbhā mahikā dhūmo rajo candamaṇḍalassa vaṇṇanibhā sūriyamaṇḍalassa vaṇṇanibhā tārakarūpānaṃ vaṇṇanibhā ādāsamaṇḍalassa vaṇṇanibhā maṇisaṅkhamuttāveḷuriyassa vaṇṇanibhā jātarūparajatassa vaṇṇanibhā, yaṃ vā panaññampi atthi rūpaṃ catunnaṃ mahābhūtānaṃ upādāya vaṇṇanibhā sanidassanaṃ sappaṭighaṃ, yaṃ rūpaṃ sanidassanaṃ sappaṭighaṃ cakkhumhi anidassanamhi sappaṭighamhi paṭihaññi vā paṭihaññati vā paṭihaññissati vā paṭihaññe vā, rūpaṃ petaṃ rūpāyatanaṃ petaṃ rūpadhātu pesā – idaṃ taṃ rūpaṃ rūpāyatanaṃ.","What is that [material] form which is the sphere of visible shape?
That [material] form which, derived from the Great Phenomena, is visible under the appearance of colour and reacting … on which shape, visible and reacting, the eye, invisible and reacting, has impinged, impinges, will, or may impinge—this that is visible shape, etc. [Continue as in § 617 ] .",
1-619,"619. Katamaṃ taṃ rūpaṃ rūpāyatanaṃ? Yaṃ rūpaṃ catunnaṃ mahābhūtānaṃ upādāya vaṇṇanibhā sanidassanaṃ sappaṭighaṃ nīlaṃ pītakaṃ lohitakaṃ odātaṃ kāḷakaṃ mañjiṭṭhakaṃ hari harivaṇṇaṃ ambaṅkuravaṇṇaṃ dīghaṃ rassaṃ aṇuṃ thūlaṃ vaṭṭaṃ parimaṇḍalaṃ caturaṃsaṃ chaḷaṃsaṃ aṭṭhaṃsaṃ soḷasaṃsaṃ ninnaṃ thalaṃ chāyā ātapo āloko andhakāro abbhā mahikā dhūmo rajo candamaṇḍalassa vaṇṇanibhā sūriyamaṇḍalassa vaṇṇanibhā tārakarūpānaṃ vaṇṇanibhā ādāsamaṇḍalassa vaṇṇanibhā maṇisaṅkhamuttāveḷuriyassa vaṇṇanibhā jātarūparajatassa vaṇṇanibhā, yaṃ vā panaññampi atthi rūpaṃ catunnaṃ mahābhūtānaṃ upādāya vaṇṇanibhā sanidassanaṃ sappaṭighaṃ, yaṃ rūpaṃ ārabbha cakkhuṃ nissāya cakkhusamphasso uppajji vā uppajjati vā uppajjissati vā uppajje vā…pe… yaṃ rūpaṃ ārabbha cakkhuṃ nissāya cakkhusamphassajā vedanā…pe… saññā…pe… cetanā…pe… cakkhuviññāṇaṃ uppajji vā uppajjati vā uppajjissati vā uppajje vā…pe… yaṃ rūpārammaṇo cakkhuṃ nissāya cakkhusamphasso uppajji vā uppajjati vā uppajjissati vā uppajje vā…pe… yaṃ rūpārammaṇā cakkhuṃ nissāya cakkhusamphassajā vedanā…pe… saññā…pe… cetanā…pe… cakkhuviññāṇaṃ uppajji vā uppajjati vā uppajjissati vā uppajje vā, rūpaṃ petaṃ rūpāyatanaṃ petaṃ rūpadhātu pesā – idaṃ taṃ rūpaṃ rūpāyatanaṃ.","What is that [material] form which is the sphere of visible shape?
That [material] form which, derived from the Great Phenomena, is visible under the appearance of colour and produces impact—which form, visible and producing impact, has impinged, impinges, will, or may impinge on the eye that is invisible and reacting—this which is visible form, etc. [Continue as in § 617 ] .",
1-620,"620. Katamaṃ taṃ rūpaṃ saddāyatanaṃ? Yo saddo catunnaṃ mahābhūtānaṃ upādāya anidassano sappaṭigho bherisaddo mudiṅgasaddo saṅkhasaddo paṇavasaddo gītasaddo vāditasaddo sammasaddo pāṇisaddo sattānaṃ nigghosasaddo dhātūnaṃ sannighātasaddo vātasaddo udakasaddo manussasaddo amanussasaddo, yo vā panaññopi atthi saddo catunnaṃ mahābhūtānaṃ upādāya anidassano sappaṭigho, yaṃ saddaṃ anidassanaṃ sappaṭighaṃ sotena anidassanena sappaṭighena suṇi vā suṇāti vā suṇissati vā suṇe vā, saddo peso saddāyatanaṃ petaṃ saddadhātu pesā – idaṃ taṃ rūpaṃ saddāyatanaṃ.","What is that [material] form which is the sphere of visible shape?
That [material] form which, derived from the four Great Phenomena, is visible and produces impact—in consequence of which form, and depending on the eye, there has arisen, arises, will, or may arise
visual contact …
in consequence of which form and depending on the eye, there has arisen, arises, will, or may arise, born of that visual contact,
a feeling …
[or] a perception …
[or] volition …
[or] visual cognition;
[further] having which visible shape as its object, and depending on the eye there has arisen, arises, will, or may arise
visual contact …
and, having which visible shape as its object, and depending on the eye, there has arisen, arises, will, or may arise
a feeling …
[or] a perception …
[or] volition …
[or] visual cognition;
this which is visible shape, the sphere, the constituent element of visible shape—this is that [material] form which is the sphere of visible shape.",
1-621,"621. Katamaṃ taṃ rūpaṃ saddāyatanaṃ? Yo saddo catunnaṃ mahābhūtānaṃ upādāya anidassano sappaṭigho bherisaddo mudiṅgasaddo saṅkhasaddo paṇavasaddo gītasaddo vāditasaddo sammasaddo pāṇisaddo sattānaṃ nigghosasaddo dhātūnaṃ sannighātasaddo vātasaddo udakasaddo manussasaddo amanussasaddo, yo vā panaññopi atthi saddo catunnaṃ mahābhūtānaṃ upādāya anidassano sappaṭigho, yamhi saddamhi anidassanamhi sappaṭighamhi sotaṃ anidassanaṃ sappaṭighaṃ paṭihaññi vā paṭihaññati vā paṭihaññissati vā paṭihaññe vā, saddo peso saddāyatanaṃ petaṃ saddadhātu pesā – idaṃ taṃ rūpaṃ saddāyatanaṃ.","What is that [material] form which is the sphere of sound?
That sound which is derived from the four Great Phenomena, is invisible and reacting, such as the sound of drums, of tabors, of chank-shells, of tom-toms, of singing, of music; clashing sounds, manual sounds, the noise of people, the sound of the concussion of substances, of wind, of water, sounds human and other than human, or whatever other sound there is, derived from the Great Phenomena, invisible and reacting—such a sound, invisible and reacting, as, by the ear, invisible and reacting, one has heard, hears, will, or may hear …",
1-622,"622. Katamaṃ taṃ rūpaṃ saddāyatanaṃ? Yo saddo catunnaṃ mahābhūtānaṃ upādāya anidassano sappaṭigho bherisaddo mudiṅgasaddo saṅkhasaddo paṇavasaddo gītasaddo vāditasaddo sammasaddo pāṇisaddo sattānaṃ nigghosasaddo dhātūnaṃ sannighātasaddo vātasaddo udakasaddo manussasaddo amanussasaddo, yo vā panaññopi atthi saddo catunnaṃ mahābhūtānaṃ upādāya anidassano sappaṭigho, yo saddo anidassano sappaṭigho sotamhi anidassanamhi sappaṭighamhi paṭihaññi vā paṭihaññati vā paṭihaññissati vā paṭihaññe vā, saddo peso saddāyatanaṃ petaṃ saddadhātu pesā – idaṃ taṃ rūpaṃ saddāyatanaṃ.","… and on which sound, invisible and reacting, the ear, invisible and reacting, has impinged, impinges, will, or may impinge …",
1-623,"623. Katamaṃ taṃ rūpaṃ saddāyatanaṃ? Yo saddo catunnaṃ mahābhūtānaṃ upādāya anidassano sappaṭigho bherisaddo mudiṅgasaddo saṅkhasaddo paṇavasaddo gītasaddo vāditasaddo sammasaddo pāṇisaddo sattānaṃ nigghosasaddo dhātūnaṃ sannighātasaddo vātasaddo udakasaddo manussasaddo amanussasaddo, yo vā panaññopi atthi saddo catunnaṃ mahābhūtānaṃ upādāya anidassano sappaṭigho, yaṃ saddaṃ ārabbha sotaṃ nissāya sotasamphasso uppajji vā uppajjati vā uppajjissati vā uppajje vā…pe… yaṃ saddaṃ ārabbha sotaṃ nissāya sotasamphassajā vedanā…pe… saññā…pe… cetanā…pe… sotaviññāṇaṃ uppajji vā uppajjati vā uppajjissati vā uppajje vā…pe… yaṃ saddārammaṇo sotaṃ nissāya sotasamphasso uppajji vā uppajjati vā uppajjissati vā uppajje vā…pe… yaṃ saddārammaṇā sotaṃ nissāya sotasamphassajā vedanā…pe… saññā…pe… cetanā…pe… sotaviññāṇaṃ uppajji vā uppajjati vā uppajjissati vā uppajje vā, saddo peso saddāyatanaṃ petaṃ saddadhātu pesā – idaṃ taṃ rūpaṃ saddāyatanaṃ.","… which sound, invisible and reacting, has impinged, impinges, will, or may impinge on the ear that is invisible and reacting …",
1-624,"624. Katamaṃ taṃ rūpaṃ gandhāyatanaṃ? Yo gandho catunnaṃ mahābhūtānaṃ upādāya anidassano sappaṭigho mūlagandho sāragandho tacagandho pattagandho pupphagandho phalagandho āmakagandho vissagandho sugandho duggandho , yo vā panaññopi atthi gandho catunnaṃ mahābhūtānaṃ upādāya anidassano sappaṭigho, yaṃ gandhaṃ anidassanaṃ sappaṭighaṃ ghānena anidassanena sappaṭighena ghāyi vā ghāyati vā ghāyissati vā ghāye vā, gandho peso gandhāyatanaṃ petaṃ gandhadhātu pesā – idaṃ taṃ rūpaṃ gandhāyatanaṃ.","… in consequence of which sound and depending on the ear, there has arisen, arises, will, or may arise
auditory contact …
… and … born of that auditory contact,
a feeling …
[or] a perception …
[or] volition …
[or] auditory cognition;
… [further] having a sound as its object and depending on the ear, there has arisen, arises, will, or may arise,
auditory contact,
… and … born of that auditory contact,
a feeling …
[or] a perception …
[or] volition …
[or] auditory cognition;
this that is sound, the sphere and constituent element of sound—this is that form which is the sphere of sound.",
1-625,"625. Katamaṃ taṃ rūpaṃ gandhāyatanaṃ? Yo gandho catunnaṃ mahābhūtānaṃ upādāya anidassano sappaṭigho mūlagandho sāragandho tacagandho pattagandho pupphagandho phalagandho āmakagandho vissagandho sugandho duggandho, yo vā panaññopi atthi gandho catunnaṃ mahābhūtānaṃ upādāya anidassano sappaṭigho, yamhi gandhamhi anidassanamhi sappaṭighamhi ghānaṃ anidassanaṃ sappaṭighaṃ paṭihaññi vā paṭihaññati vā paṭihaññissati vā paṭihaññe vā, gandho peso gandhāyatanaṃ petaṃ gandhadhātu pesā – idaṃ taṃ rūpaṃ gandhāyatanaṃ.","What is that [material] form which is the sphere of odour?
That odour which is derived from the four Great Phenomena, is invisible and produces impact, such as the odour of roots, sap, bark, leaves, flowers, fruit; verminous odours, putrid odours, pleasant and unpleasant odours, or whatever other odour there is, derived from the four Great Phenomena, invisible and reacting; such an odour, invisible and reacting, as one has smelt, smells, will, or may smell with the nose, that is invisible and reacting …",
1-626,"626. Katamaṃ taṃ rūpaṃ gandhāyatanaṃ? Yo gandho catunnaṃ mahābhūtānaṃ upādāya anidassano sappaṭigho mūlagandho sāragandho tacagandho pattagandho pupphagandho phalagandho āmakagandho vissagandho sugandho duggandho, yo vā panaññopi atthi gandho catunnaṃ mahābhūtānaṃ upādāya anidassano sappaṭigho, yo gandho anidassano sappaṭigho ghānamhi anidassanamhi sappaṭighamhi paṭihaññi vā paṭihaññati vā paṭihaññissati vā paṭihaññe vā, gandho peso gandhāyatanaṃ petaṃ gandhadhātu pesā – idaṃ taṃ rūpaṃ gandhāyatanaṃ.","… on which odour, invisible and reacting, the nose, invisible and reacting, has impinged, impinges, will, or may impinge …",
1-627,"627. Katamaṃ taṃ rūpaṃ gandhāyatanaṃ? Yo gandho catunnaṃ mahābhūtānaṃ upādāya anidassano sappaṭigho mūlagandho sāragandho tacagandho pattagandho pupphagandho phalagandho āmakagandho vissagandho sugandho duggandho, yo vā panaññopi atthi gandho catunnaṃ mahābhūtānaṃ upādāya anidassano sappaṭigho, yaṃ gandhaṃ ārabbha ghānaṃ nissāya ghānasamphasso uppajji vā uppajjati vā uppajjissati vā uppajje vā…pe… yaṃ gandhaṃ ārabbha ghānaṃ nissāya ghānasamphassajā vedanā…pe… saññā…pe… cetanā…pe… ghānaviññāṇaṃ uppajji vā uppajjati vā uppajjissati vā uppajje vā…pe… yaṃ gandhārammaṇo ghānaṃ nissāya ghānasamphasso uppajji vā uppajjati vā uppajjissati vā uppajje vā…pe… yaṃ gandhārammaṇā ghānaṃ nissāya ghānasamphassajā vedanā…pe… saññā…pe… cetanā…pe… ghānaviññāṇaṃ uppajji vā uppajjati vā uppajjissati vā uppajje vā, gandho peso gandhāyatanaṃ petaṃ gandhadhātu pesā – idaṃ taṃ rūpaṃ gandhāyatanaṃ.","… such an odour, invisible and reacting, as has impinged, impinges, will, or may impinge on the nose, invisible and reacting …",
1-628,"628. Katamaṃ taṃ rūpaṃ rasāyatanaṃ? Yo raso catunnaṃ mahābhūtānaṃ upādāya anidassano sappaṭigho mūlaraso khandharaso tacaraso pattaraso puppharaso phalaraso ambilaṃ madhuraṃ tittakaṃ kaṭukaṃ loṇikaṃ khārikaṃ lambilaṃ [lapilakaṃ (sī.)] kasāvo sādu asādu, yo vā panaññopi atthi raso catunnaṃ mahābhūtānaṃ upādāya anidassano sappaṭigho, yaṃ rasaṃ anidassanaṃ sappaṭighaṃ jivhāya anidassanāya sappaṭighāya sāyi vā sāyati vā sāyissati vā sāye vā, raso peso rasāyatanaṃ petaṃ rasadhātu pesā – idaṃ taṃ rūpaṃ rasāyatanaṃ.","… in consequence of which odour and depending on the nose, there has arisen, arises, will, or may arise
olfactory contact …
and … born of that olfactory contact,
a feeling …
[or] a perception …
[or] volition …
[or] olfactory cognition;
… [further] having an odour as its object and depending on the nose, there has arisen, arises, will, or may arise
olfactory contact …
… and … born of that olfactory contact,
a feeling …
[or] a perception …
[or] volition …
[or] olfactory cognition;
this that is odour, the sphere and constituent element of odour—this is that [material] form which is the sphere of odours.",
1-629,"629. Katamaṃ taṃ rūpaṃ rasāyatanaṃ? Yo raso catunnaṃ mahābhūtānaṃ upādāya anidassano sappaṭigho mūlaraso khandharaso tacaraso pattaraso puppharaso phalaraso ambilaṃ madhuraṃ tittakaṃ kaṭukaṃ loṇikaṃ khārikaṃ lambilaṃ kasāvo sādu asādu, yo vā panaññopi atthi raso catunnaṃ mahābhūtānaṃ upādāya anidassano sappaṭigho, yamhi rasamhi anidassanamhi sappaṭighamhi jivhā anidassanā sappaṭighā paṭihaññi vā paṭihaññati vā paṭihaññissati vā paṭihaññe vā, raso peso rasāyatanaṃ petaṃ rasadhātu pesā – idaṃ taṃ rūpaṃ rasāyatanaṃ.","What is that [material] form which is the sphere of taste?
That taste which is derived from the four Great Phenomena, is invisible and reacting, such as the taste of roots, stems, bark, leaves, flowers, fruits, of sour, sweet, bitter, pungent, saline, alkaline, acrid, astringent, nice and nauseous sapids, or whatever other taste there is, derived from the four Great Phenomena, invisible and reacting—such tastes, invisible and reacting, as with the tongue, invisible and reacting, one has tasted, tastes, will, or may taste …",
1-630,"630. Katamaṃ taṃ rūpaṃ rasāyatanaṃ? Yo raso catunnaṃ mahābhūtānaṃ upādāya anidassano sappaṭigho mūlaraso khandharaso tacaraso pattaraso puppharaso phalaraso ambilaṃ madhuraṃ tittakaṃ kaṭukaṃ loṇikaṃ khārikaṃ lambilaṃ kasāvo sādu asādu, yo vā panaññopi atthi raso catunnaṃ mahābhūtānaṃ upādāya anidassano sappaṭigho, yo raso anidassano sappaṭigho jivhāya anidassanāya sappaṭighāya paṭihaññi vā paṭihaññati vā paṭihaññissati vā paṭihaññe vā, raso peso rasāyatanaṃ petaṃ rasadhātu pesā – idaṃ taṃ rūpaṃ rasāyatanaṃ.","… against which taste, invisible and reacting, the tongue, invisible and impingeing, has impinged, impinges, will, or may impinge …",
1-631,"631. Katamaṃ taṃ rūpaṃ rasāyatanaṃ? Yo raso catunnaṃ mahābhūtānaṃ upādāya anidassano sappaṭigho mūlaraso khandharaso tacaraso pattaraso puppharaso phalaraso ambilaṃ madhuraṃ tittakaṃ kaṭukaṃ loṇikaṃ khārikaṃ lambilaṃ kasāvo sādu asādu, yo vā panaññopi atthi raso catunnaṃ mahābhūtānaṃ upādāya anidassano sappaṭigho, yaṃ rasaṃ ārabbha jivhaṃ nissāya jivhāsamphasso uppajji vā uppajjati vā uppajjissati vā uppajje vā…pe… yaṃ rasaṃ ārabbha jivhaṃ nissāya jivhāsamphassajā vedanā…pe… saññā…pe… cetanā…pe… jivhāviññāṇaṃ uppajji vā uppajjati vā uppajjissati vā uppajje vā…pe… yaṃ rasārammaṇo jivhaṃ nissāya jivhāsamphasso uppajji vā uppajjati vā uppajjissati vā uppajje vā…pe… yaṃ rasārammaṇā jivhaṃ nissāya jivhāsamphassajā vedanā…pe… saññā…pe… cetanā…pe… jivhāviññāṇaṃ uppajji vā uppajjati vā uppajjissati vā uppajje vā, raso peso rasāyatanaṃ petaṃ rasadhātu pesā – idaṃ taṃ rūpaṃ rasāyatanaṃ.","… a taste which, invisible and reacting, has impinged, impinges, will, or may impinge on the tongue, invisible and reacting …",
1-632,632. Katamaṃ taṃ rūpaṃ itthindriyaṃ? Yaṃ itthiyā itthiliṅgaṃ itthinimittaṃ itthikuttaṃ itthākappo itthattaṃ itthibhāvo [itthittaṃ itthībhāvo (syā.)] – idaṃ taṃ rūpaṃ itthindriyaṃ.,"… in consequence of which taste and depending on the tongue, there has arisen, arises, will, or may arise
gustatory contact …
… and, … born of that gustatory contact,
a feeling …
[or] a perception …
[or] volition …
[or] gustatory cognition,
[further] having a taste as its object and depending on the tongue, there has arisen, arises, will, or may arise
gustatory contact …
… and … born of that gustatory contact,
a feeling …
[or] a perception …
[or] volition …
[or] gustatory cognition,
this that is taste, the sphere and constituent element of taste—this is that form which is the sphere of taste.",
1-633,633. Katamaṃ taṃ rūpaṃ purisindriyaṃ? Yaṃ purisassa purisaliṅgaṃ purisanimittaṃ purisakuttaṃ purisākappo purisattaṃ purisabhāvo – idaṃ taṃ rūpaṃ purisindriyaṃ.,"What is that [material] form which is woman-faculty ( itthindriyaṃ )?
That which is of the female, feminine in appearance, feminine in characteristics, in occupation, in deportment, feminine in condition and being—this is that [material] form which constitutes woman-faculty.",
1-634,634. Katamaṃ taṃ rūpaṃ jīvitindriyaṃ? Yo tesaṃ rūpīnaṃ dhammānaṃ āyu ṭhiti yapanā yāpanā iriyanā vattanā pālanā jīvitaṃ jīvitindriyaṃ – idaṃ taṃ rūpaṃ jīvitindriyaṃ.,"What is that form which is man-faculty ( purisindriyaṃ )?
That which is of the male, masculine in appearance, masculine in characteristics, in occupation, in deportment, masculine in condition and being—this is that form which constitutes man-faculty.",
1-635,635. Katamaṃ taṃ rūpaṃ kāyaviññatti? Yā kusalacittassa vā akusalacittassa vā abyākatacittassa vā abhikkamantassa vā paṭikkamantassa vā ālokentassa vā vilokentassa vā samiñjentassa vā pasārentassa vā kāyassa thambhanā santhambhanā santhambhitattaṃ viññatti viññāpanā viññāpitattaṃ – idaṃ taṃ rūpaṃ kāyaviññatti.,"What is that [material] form which is life-faculty ( jīvitindriyaṃ )?
The persistence of these corporeal states, their subsistence, their going on, their being kept going on, their progress, continuance, preservation, life, life as faculty—this is that [material] form which is life-faculty.",
1-636,636. Katamaṃ taṃ rūpaṃ vacīviññatti? Yā kusalacittassa vā akusalacittassa vā abyākatacittassa vā vācā girā byappatho udīraṇaṃ ghoso ghosakammaṃ vācā vacībhedo – ayaṃ vuccati vācā. Yā tāya vācāya viññatti viññāpanā viññāpitattaṃ – idaṃ taṃ rūpaṃ vacīviññatti.,"What is that [material] form which is bodily intimation ( kāyaviññatti )?
That tension, that intentness, that state of making the body tense, in response to a thought, whether good, bad, or indeterminate, on the part of one who advances, or recedes, or fixes the gaze, or glances around, or retracts an arm, or stretches it forth—the intimation, the making known, the state of having made known—this is that [material] form which constitutes bodily intimation.",
1-637,637. Katamaṃ taṃ rūpaṃ ākāsadhātu? Yo ākāso ākāsagataṃ aghaṃ aghagataṃ vivaro vivaragataṃ asamphuṭṭhaṃ catūhi mahābhūtehi – idaṃ taṃ rūpaṃ ākāsadhātu.,"What is that [material] form which is intimation by language ( vaciviññatti )?
That speech, voice, enunciation, utterance, noise, making noises, language as articulate speech, which expresses a thought whether good, bad, or indeterminate—this is called language. And that intimation, that making known, the state of having made known by language—this is that [material] form which constitutes intimation by language.",
1-638,638. Katamaṃ taṃ rūpaṃ rūpassa lahutā? Yā rūpassa lahutā lahupariṇāmatā adandhanatā avitthanatā – idaṃ taṃ rūpaṃ rūpassa lahutā.,"What is that [material] form which is the element of space ( ākāsa-dhātu )?
That which is space and belongs to space, is sky and belongs to sky, is vacuum and belongs to vacuum, and is not in contact with the four Great Phenomena—this is that form which is the element of space.",
1-639,639. Katamaṃ taṃ rūpaṃ rūpassa mudutā? Yā rūpassa mudutā maddavatā akakkhaḷatā akathinatā – idaṃ taṃ rūpaṃ rūpassa mudutā.,"What is lightness of [material] form ( rūpassa lahutā )?
That lightness of form which is its capacity for changing easily, its freedom from sluggishness and inertia—this is lightness of [material] form.",
1-640,640. Katamaṃ taṃ rūpaṃ rūpassa kammaññatā? Yā rūpassa kammaññatā kammaññattaṃ kammaññabhāvo – idaṃ taṃ rūpaṃ rūpassa kammaññatā.,"What is plasticity of [material] form?
That plasticity of form which is softness, smoothness, non-rigidity—this is plasticity of [material] form.",
1-641,"641. Katamaṃ taṃ rūpaṃ rūpassa upacayo? Yo āyatanānaṃ ācayo, so rūpassa upacayo – idaṃ taṃ rūpaṃ rūpassa upacayo.","What is wieldiness of [material] form?
That which is its serviceableness, its workable condition—this is wieldiness of [material] form.",
1-642,"642. Katamaṃ taṃ rūpaṃ rūpassa santati? Yo rūpassa upacayo, sā rūpassa santati – idaṃ taṃ rūpaṃ rūpassa santati.","What is integration ( upacayo ) of [material] form?
That which is accumulation of form is [also] integration of [material] form—this is integration of [material] form.",
1-643,643. Katamaṃ taṃ rūpaṃ rūpassa jaratā? Yā rūpassa jarā jīraṇatā khaṇḍiccaṃ pāliccaṃ valittacatā āyuno saṃhāni indriyānaṃ paripāko – idaṃ taṃ rūpaṃ rūpassa jaratā.,"What is subsistence of [material] form ( rūpassa santati )?
That which is integration of form is the subsistence of form. This is subsistence of [material] form.",
1-644,644. Katamaṃ taṃ rūpaṃ rūpassa aniccatā? Yo rūpassa khayo vayo bhedo paribhedo aniccatā antaradhānaṃ – idaṃ taṃ rūpaṃ rūpassa aniccatā.,"What is decay of [material] form ( rūpassa jaratā )?
That decay of form which is ageing, decrepitude, hoariness, wrinkles, the shrinkage in length of days, the hypermaturity of faculties—this is decay of [material] form.",
1-645,"645. Katamaṃ taṃ rūpaṃ kabaḷīkāro āhāro? Odano kummāso sattu maccho maṃsaṃ khīraṃ dadhi sappi navanītaṃ telaṃ madhu phāṇitaṃ, yaṃ vā panaññampi atthi rūpaṃ yamhi yamhi janapade tesaṃ tesaṃ sattānaṃ mukhāsiyaṃ dantavikhādanaṃ galajjhoharaṇīyaṃ kucchivitthambhanaṃ, yāya ojāya sattā yāpenti – idaṃ taṃ rūpaṃ kabaḷīkāro āhāro.
Idaṃ taṃ rūpaṃ upādā.
Upādābhājanīyaṃ.
Rūpakaṇḍe paṭhamabhāṇavāro.","What is impermanence of [material] form ( rūpassa aniccatā )?
The destruction, disease, breaking-up, dissolution of form, the impermanence which is decline—this is impermanence of form.",
1-646,"646. Katamaṃ taṃ rūpaṃ no upādā? Phoṭṭhabbāyatanaṃ, āpodhātu.","What is bodily (solid) nutriment ( kabaḷinkāro āhāro )?
Boiled rice, sour gruel, flour, fish, flesh, milk, curds, butter, cheese, tila-oil, cane-syrup, or whatever else there is in whatever region that by living beings may be eaten, chewed, swallowed, digested into the juice, by which living beings are kept alive—this is bodily nutriment.
[All] this is [material] form which is derived.
[End of] the Section on Derivatives. First Portion for Recitation in the Division on [material] Form.
There is [material] form which is not derived” ( no upāda )",
1-647,"647. Katamaṃ taṃ rūpaṃ phoṭṭhabbāyatanaṃ? Pathavīdhātu tejodhātu vāyodhātu kakkhaḷaṃ mudukaṃ saṇhaṃ pharusaṃ sukhasamphassaṃ dukkhasamphassaṃ garukaṃ lahukaṃ, yaṃ phoṭṭhabbaṃ anidassanaṃ sappaṭighaṃ kāyena anidassanena sappaṭighena phusi vā phusati vā phusissati vā phuse vā phoṭṭhabbo peso phoṭṭhabbāyatanaṃ petaṃ phoṭṭhabbadhātu pesā – idaṃ taṃ rūpaṃ phoṭṭhabbāyatanaṃ.","What is that [material] form which is not derived?
The sphere of the tangible, the fluid element—this is that [material] form which is not derived.",
1-648,"648. Katamaṃ taṃ rūpaṃ phoṭṭhabbāyatanaṃ? Pathavīdhātu tejodhātu vāyodhātu kakkhaḷaṃ mudukaṃ saṇhaṃ pharusaṃ sukhasamphassaṃ dukkhasamphassaṃ garukaṃ lahukaṃ, yamhi phoṭṭhabbamhi anidassanamhi sappaṭighamhi kāyo anidassano sappaṭigho paṭihaññi vā paṭihaññati vā paṭihaññissati vā paṭihaññe vā, phoṭṭhabbo peso phoṭṭhabbāyatanaṃ petaṃ phoṭṭhabbadhātu pesā – idaṃ taṃ rūpaṃ phoṭṭhabbāyatanaṃ.","What is that [material] form which is the sphere of the tangible ( phoṭṭhabbāyatanaṃ )?
The earthy (solid) element, the lambent (calorific) element, the gaseous (aerial) element; the hard and the soft; the smooth and the rough; pleasant (easeful) contact, painful contact; the heavy and the light—such a tangible, invisible and reacting, as, with the body-sensibility, invisible and reacting, one has touched, touches, will, or may touch …",
1-649,"649. Katamaṃ taṃ rūpaṃ phoṭṭhabbāyatanaṃ? Pathavīdhātu tejodhātu vāyodhātu kakkhaḷaṃ mudukaṃ saṇhaṃ pharusaṃ sukhasamphassaṃ dukkhasamphassaṃ garukaṃ lahukaṃ, yo phoṭṭhabbo anidassano sappaṭigho kāyamhi anidassanamhi sappaṭighamhi paṭihaññi vā paṭihaññati vā paṭihaññissati vā paṭihaññe vā, phoṭṭhabbo peso phoṭṭhabbāyatanaṃ petaṃ phoṭṭhabbadhātu pesā – idaṃ taṃ rūpaṃ phoṭṭhabbāyatanaṃ.","… against which tangible, invisible, and reacting, the body-sensibility, invisible and reacting, has impinged, impinges, will, or may impinge …",
1-650,"650. Katamaṃ taṃ rūpaṃ phoṭṭhabbāyatanaṃ? Pathavīdhātu tejodhātu vāyodhātu kakkhaḷaṃ mudukaṃ saṇhaṃ pharusaṃ sukhasamphassaṃ dukkhasamphassaṃ garukaṃ lahukaṃ, yaṃ phoṭṭhabbaṃ ārabbha kāyaṃ nissāya kāyasamphasso uppajji vā uppajjati vā uppajjissati vā uppajje vā…pe… yaṃ phoṭṭhabbaṃ ārabbha kāyaṃ nissāya kāyasamphassajā vedanā…pe… saññā…pe… cetanā…pe… kāyaviññāṇaṃ uppajji vā uppajjati vā uppajjissati vā uppajje vā…pe… yaṃ phoṭṭhabbārammaṇo kāyaṃ nissāya kāyasamphasso uppajji vā uppajjati vā uppajjissati vā uppajje vā…pe… yaṃ phoṭṭhabbārammaṇā kāyaṃ nissāya kāyasamphassajā vedanā…pe… saññā…pe… cetanā…pe… kāyaviññāṇaṃ uppajji vā uppajjati vā uppajjissati vā uppajje vā, phoṭṭhabbo peso phoṭṭhabbāyatanaṃ petaṃ phoṭṭhabbadhātu pesā – idaṃ taṃ rūpaṃ phoṭṭhabbāyatanaṃ.","… such a tangible, invisible and reacting, as has impinged, impinges, will, or may impinge against the body-sensibility, invisible and reacting …",
1-651,"651. Katamaṃ taṃ rūpaṃ āpodhātu? Yaṃ āpo āpogataṃ sineho sinehagataṃ bandhanattaṃ rūpassa – idaṃ taṃ rūpaṃ āpodhātu.
Idaṃ taṃ rūpaṃ no upādā.","… in consequence of which tangible and depending on the body-sensibility, there has arisen, arises, will, or may arise
bodily contact …
and … born of that bodily contact,
a feeling …
[or] a perception …
[or] volition …
[or] cognition of body …
[further,] having a tangible as its object and depending on the body(-sensibility), there has arisen, arises, will or may arise
bodily contact …
and … born of that bodily contact,
a feeling …
[or] a perception …
[or] volition …
[or] cognition of body …
this that is the tangible, the sphere and element of the tangible—this is that form which is the sphere of the tangible.",
1-652,"652. Katamaṃ taṃ rūpaṃ upādiṇṇaṃ? Cakkhāyatanaṃ sotāyatanaṃ ghānāyatanaṃ jivhāyatanaṃ kāyāyatanaṃ itthindriyaṃ purisindriyaṃ jīvitindriyaṃ, yaṃ vā panaññampi atthi rūpaṃ kammassa katattā rūpāyatanaṃ gandhāyatanaṃ rasāyatanaṃ phoṭṭhabbāyatanaṃ ākāsadhātu āpodhātu rūpassa upacayo rūpassa santati kabaḷīkāro āhāro – idaṃ taṃ rūpaṃ upādiṇṇaṃ.","What is that [material] form which is the fluid (aqueous) element ( āpodhātu )?
That which is fluid and belongs to fluid, that which is viscid and belongs to viscous, the cohesiveness of form—this is that [material] form which is the fluid element.
[All] this is that form which is not derived.",
1-653,"653. Katamaṃ taṃ rūpaṃ anupādiṇṇaṃ? Saddāyatanaṃ kāyaviññatti vacīviññatti rūpassa lahutā rūpassa mudutā rūpassa kammaññatā rūpassa jaratā rūpassa aniccatā, yaṃ vā panaññampi atthi rūpaṃ na kammassa katattā rūpāyatanaṃ gandhāyatanaṃ rasāyatanaṃ phoṭṭhabbāyatanaṃ ākāsadhātu āpodhātu rūpassa upacayo rūpassa santati kabaḷīkāro āhāro – idaṃ taṃ rūpaṃ anupādiṇṇaṃ.","What is that [material] form which is grasped at ( upādiṇṇaṃ )?
The spheres of sight, hearing, smell, taste, body-sensibility, femininity, masculinity, life, or whatever form there exists through karma having been wrought, whether it be in the spheres of visible forms, odours, tastes, or the tangible; the element of space, the fluid element, the integration or the subsistence of [material] form, or bodily nutriment—this is that [material] form which is grasped at.",
1-654,"654. Katamaṃ taṃ rūpaṃ upādiṇṇupādāniyaṃ? Cakkhāyatanaṃ…pe… kāyāyatanaṃ itthindriyaṃ purisindriyaṃ jīvitindriyaṃ, yaṃ vā panaññampi atthi rūpaṃ kammassa katattā rūpāyatanaṃ gandhāyatanaṃ rasāyatanaṃ phoṭṭhabbāyatanaṃ ākāsadhātu āpodhātu rūpassa upacayo rūpassa santati kabaḷīkāro āhāro – idaṃ taṃ rūpaṃ upādiṇṇupādāniyaṃ.","What is that [material] form which is not grasped at?
The sphere of sound, bodily and vocal intimation, lightness, plasticity and wieldiness of [material] form, its decay and impermanence, of whatever other [material] form exists which is not due to karma having been wrought, whether it be in the sphere of visible forms, smells, tastes, or the tangible; the element of space or that of fluidity; the integration or the subsistence of [material] form, or bodily nutriment—this is that [material] form which is not grasped at.",
1-655,"655. Katamaṃ taṃ rūpaṃ anupādiṇṇupādāniyaṃ? Saddāyatanaṃ kāyaviññatti vacīviññatti rūpassa lahutā rūpassa mudutā rūpassa kammaññatā rūpassa jaratā rūpassa aniccatā, yaṃ vā panaññampi atthi rūpaṃ na kammassa katattā, rūpāyatanaṃ gandhāyatanaṃ rasāyatanaṃ phoṭṭhabbāyatanaṃ ākāsadhātu āpodhātu rūpassa upacayo rūpassa santati kabaḷīkāro āhāro – idaṃ taṃ rūpaṃ anupādiṇṇupādāniyaṃ.","What is that form which is both grasped at and favourable to grasping ( upādiṇṇ' upādāniyaṃ )?
The spheres of the five senses, femininity, masculinity and life, or whatever other form exists through karma having been wrought, whether it be in the spheres of visible forms, odours, tastes or the tangible, in the elements of space or fluidity, in the integration or the subsistence of form, or in bodily nutriment—this is that form which is both grasped at and favourable to grasping.",
1-656,656. Katamaṃ taṃ rūpaṃ sanidassanaṃ? Rūpāyatanaṃ – idaṃ taṃ rūpaṃ sanidassanaṃ.,"What is that [material] form which is not grasped at, but is favourable to grasping ( anupādiṇṇ' upādāniyaṃ )?
The sphere of sounds, bodily and vocal intimation, the lightness, plasticity, wieldiness, decay and impermanence of form, or whatever other form exists which is not due to karma having been wrought, whether it be in the sphere of visible shapes, smells, tastes, the tangible, in the element of space or of fluidity, in the integration, or the subsistence of form, or in bodily nutriment—this is that [material] form which is not grasped at but is favourable to grasping.",
1-657,657. Katamaṃ taṃ rūpaṃ anidassanaṃ? Cakkhāyatanaṃ…pe… kabaḷīkāro āhāro – idaṃ taṃ rūpaṃ anidassanaṃ.,"What is that [material] form which is visible?
The sphere of visible shapes—this is that [material] form which is visible.",
1-658,658. Katamaṃ taṃ rūpaṃ sappaṭighaṃ? Cakkhāyatanaṃ sotāyatanaṃ ghānāyatanaṃ jivhāyatanaṃ kāyāyatanaṃ rūpāyatanaṃ saddāyatanaṃ gandhāyatanaṃ rasāyatanaṃ phoṭṭhabbāyatanaṃ – idaṃ taṃ rūpaṃ sappaṭighaṃ.,"What is that [material] form which is invisible?
The sphere of vision … and bodily nutriment—this is that [material] form which is invisible.",
1-659,659. Katamaṃ taṃ rūpaṃ appaṭighaṃ? Itthindriyaṃ…pe… kabaḷīkāro āhāro – idaṃ taṃ rūpaṃ appaṭighaṃ.,"What is that [material] form which reacts-and-impinges ( sappaṭighaṃ )?
The spheres of vision, hearing, smell, taste, body-sensibility; the spheres of visible shapes, sounds, smells, tastes, tangibles—this is that [material] form which reacts-and-impinges.",
1-660,660. Katamaṃ taṃ rūpaṃ indriyaṃ? Cakkhundriyaṃ sotindriyaṃ ghānindriyaṃ jivhindriyaṃ kāyindriyaṃ itthindriyaṃ purisindriyaṃ jīvitindriyaṃ – idaṃ taṃ rūpaṃ indriyaṃ.,"What is that [material] form which does not react-or-impinge?
Femininity … and bodily nutriment—this is that [material] form which does not react-or-impinge.",
1-661,661. Katamaṃ taṃ rūpaṃ na indriyaṃ? Rūpāyatanaṃ…pe… kabaḷīkāro āhāro – idaṃ taṃ rūpaṃ na indriyaṃ.,"What is that form which is faculty ( indriyaṃ )?
The faculties (or personal potentialities) of vision, hearing, smell, taste, body-sensibility, woman, man, life—this is that form which is faculty.",
1-662,662. Katamaṃ taṃ rūpaṃ mahābhūtaṃ? Phoṭṭhabbāyatanaṃ āpodhātu – idaṃ taṃ rūpaṃ mahābhūtaṃ.,"What is that form which is not faculty?
The spheres of visible form … and bodily nutriment—this is that form which is not faculty.",
1-663,663. Katamaṃ taṃ rūpaṃ na mahābhūtaṃ? Cakkhāyatanaṃ…pe… kabaḷīkāro āhāro – idaṃ taṃ rūpaṃ na mahābhūtaṃ.,"What is that [material] form which is Great Phenomenon ( mahābhūtaṃ )?
The sphere of the tangible and the element of fluidity—this is that [material] form which is Great Phenomenon.",
1-664,664. Katamaṃ taṃ rūpaṃ viññatti? Kāyaviññatti vacīviññatti – idaṃ taṃ rūpaṃ viññatti.,"What is that [material] form which is not Great Phenomenon?
The sphere of vision … and bodily nutriment—this is that [material] form which is not Great Phenomenon.",
1-665,665. Katamaṃ taṃ rūpaṃ na viññatti? Cakkhāyatanaṃ…pe… kabaḷīkāro āhāro – idaṃ taṃ rūpaṃ na viññatti.,"What is that [material] form which is intimation, ( viññatti )?
Bodily and vocal intimation—this is that [material] form which is intimation.",
1-666,666. Katamaṃ taṃ rūpaṃ cittasamuṭṭhānaṃ? Kāyaviññatti vacīviññatti yaṃ vā panaññampi atthi rūpaṃ cittajaṃ cittahetukaṃ cittasamuṭṭhānaṃ rūpāyatanaṃ saddāyatanaṃ gandhāyatanaṃ rasāyatanaṃ phoṭṭhabbāyatanaṃ ākāsadhātu āpodhātu rūpassa lahutā rūpassa mudutā rūpassa kammaññatā rūpassa upacayo rūpassa santati kabaḷīkāro āhāro – idaṃ taṃ rūpaṃ cittasamuṭṭhānaṃ.,"What is that [material] form which is not intimation?
The sphere of vision … and bodily nutriment—this is that [material] form which is not intimation.",
1-667,"667. Katamaṃ taṃ rūpaṃ na cittasamuṭṭhānaṃ? Cakkhāyatanaṃ…pe… kāyāyatanaṃ itthindriyaṃ purisindriyaṃ jīvitindriyaṃ rūpassa jaratā rūpassa aniccatā, yaṃ vā panaññampi atthi rūpaṃ na cittajaṃ na cittahetukaṃ na cittasamuṭṭhānaṃ rūpāyatanaṃ saddāyatanaṃ gandhāyatanaṃ rasāyatanaṃ phoṭṭhabbāyatanaṃ ākāsadhātu āpodhātu rūpassa lahutā rūpassa mudutā rūpassa kammaññatā rūpassa upacayo rūpassa santati kabaḷīkāro āhāro – idaṃ taṃ rūpaṃ na cittasamuṭṭhānaṃ.","What is that [material] form which is sprung from thought ( citta-samuṭṭhānaṃ )?
Bodily and vocal intimation, or whatever other [material] form exists that is born of mind, caused by mind, has its source in mind, whether it be in the sphere of visible shapes, sounds, odours, tastes or tangibles, in the spatial, or the fluid element, in the lightness, plasticity, wieldiness, integration or subsistence of form, or in bodily nutriment—this is that [material] form which is sprung from mind.",
1-668,668. Katamaṃ taṃ rūpaṃ cittasahabhu? Kāyaviññatti vacīviññatti – idaṃ taṃ rūpaṃ cittasahabhu.,"What is that [material] form which is not sprung from mind?
The sphere of the five senses, femininity, masculinity and life, the decay and the impermanence of [material] form, or whatever other [material] form exists that is not born of mind, not caused by mind, does not have its source in mind, whether it be in the sphere of visible forms, sounds, odours, tastes, or tangibles, in the spatial or fluid element, in the lightness, plasticity, wieldiness, integration or subsistence of [material] form, or in bodily nutriment—this is that [material] form which is not sprung from mind.",
1-669,669. Katamaṃ taṃ rūpaṃ na cittasahabhu? Cakkhāyatanaṃ…pe… kabaḷīkāro āhāro – idaṃ taṃ rūpaṃ na cittasahabhu.,What is that [material] form which comes into being together with mind ( citta-saha-bhū )?,
1-670,670. Katamaṃ taṃ rūpaṃ cittānuparivatti? Kāyaviññatti vacīviññatti – idaṃ taṃ rūpaṃ cittānuparivatti.,"What is that [material] form which does not come into being together with mind?
Answers as in the preceding pair of relatives.",
1-671,671. Katamaṃ taṃ rūpaṃ na cittānuparivatti? Cakkhāyatanaṃ…pe… kabaḷīkāro āhāro – idaṃ taṃ rūpaṃ na cittānuparivatti.,What is that [material] form which is consecutive to mind ( citt' ānuparivatti )?,
1-672,672. Katamaṃ taṃ rūpaṃ ajjhattikaṃ? Cakkhāyatanaṃ…pe… kāyāyatanaṃ – idaṃ taṃ rūpaṃ ajjhattikaṃ.,"What is that [material] form which is not consecutive to mind?
Answers as in the preceding pair of relatives.",
1-673,673. Katamaṃ taṃ rūpaṃ bāhiraṃ? Rūpāyatanaṃ…pe… kabaḷīkāro āhāro – idaṃ taṃ rūpaṃ bāhiraṃ.,"What is that [material] form which belongs to the self ( ajjhattikaṃ )?
The spheres of the five senses—this is that [material] form which belongs to the self.",
1-674,674. Katamaṃ taṃ rūpaṃ oḷārikaṃ? Cakkhāyatanaṃ…pe… phoṭṭhabbāyatanaṃ – idaṃ taṃ rūpaṃ oḷārikaṃ.,"What is that [material] form which is external (to the self— bāhiraṃ )?
The sphere of the five kinds of sense-objects … and bodily nutriment—this is that [material] form which is external (to the self).",
1-675,675. Katamaṃ taṃ rūpaṃ sukhumaṃ? Itthindriyaṃ…pe… kabaḷīkāro āhāro – idaṃ taṃ rūpaṃ sukhumaṃ.,"Which is that [material] form which is gross ( oḷārikaṃ )?
The spheres of the five senses and of the five kinds of sense-objects—this is that [material] form which is gross.",
1-676,676. Katamaṃ taṃ rūpaṃ dūre? Itthindriyaṃ…pe… kabaḷīkāro āhāro – idaṃ taṃ rūpaṃ dūre.,"Which is that [material] form which is subtle ( sukhumaṃ )?
Woman-faculty … and bodily nutriment—this is that [material] form which is subtle.",
1-677,677. Katamaṃ taṃ rūpaṃ santike? Cakkhāyatanaṃ…pe… phoṭṭhabbāyatanaṃ – idaṃ taṃ rūpaṃ santike.,"What is that [material] form which is remote ( dūre )?
Woman-faculty … and bodily nutriment—this is that [material] form which is remote.",
1-678,678. Katamaṃ taṃ rūpaṃ cakkhusamphassassa vatthu? Cakkhāyatanaṃ – idaṃ taṃ rūpaṃ cakkhusamphassassa vatthu.,"What is that [material] form which is near ( santike )?
The spheres of the five senses and of the five kinds of sense-objects—this is that [material] form which is near.
Basis ( vatthu )",
1-679,679. Katamaṃ taṃ rūpaṃ cakkhusamphassassa na vatthu? Sotāyatanaṃ…pe… kabaḷīkāro āhāro – idaṃ taṃ rūpaṃ cakkhusamphassassa na vatthu.,"What is that [material] form which is the basis of visual contact ( cakkhusamphassassa vatthu )?
The sphere of vision—this is that [material] form which is the basis of visual contact.",
1-680,680. Katamaṃ taṃ rūpaṃ cakkhusamphassajāya vedanāya…pe… saññāya…pe… cetanāya …pe… cakkhuviññāṇassa vatthu? Cakkhāyatanaṃ – idaṃ taṃ rūpaṃ cakkhuviññāṇassa vatthu.,"What is that [material] form which is not the basis of visual contact?
The sphere of hearing … and bodily nutriment—this is that [material] form which is not, etc.",
1-681,681. Katamaṃ taṃ rūpaṃ cakkhuviññāṇassa na vatthu? Sotāyatanaṃ…pe… kabaḷīkāro āhāro – idaṃ taṃ rūpaṃ cakkhuviññāṇassa na vatthu.,"What is that [material] form which is the basis of
the feeling …
the perception …
the volition …
the visual cognition
which is born of visual contact?
The sphere of vision—this is that [material] form which is the basis of the … visual cognition which is born of visual contact.",
1-682,682. Katamaṃ taṃ rūpaṃ sotasamphassassa…pe… ghānasamphassassa…pe… jivhāsamphassassa…pe… kāyasamphassassa vatthu? Kāyāyatanaṃ – idaṃ taṃ rūpaṃ kāyasamphassassa vatthu.,"What is that [material] form which is not the basis of the … visual cognition born of visual contact?
The sphere of hearing … and bodily nutriment—this is that [material] form which is not the basis of the … visual cognition born of visual contact.",
1-683,683. Katamaṃ taṃ rūpaṃ kāyasamphassassa na vatthu? Cakkhāyatanaṃ…pe… kabaḷīkāro āhāro – idaṃ taṃ rūpaṃ kāyasamphassassa na vatthu.,"What is that form which is the basis of
auditory …
olfactory …
gustatory …
bodily
contact?
The sphere of … body-sensibility—this is that [material] form which is the basis of … bodily contact.",
1-684,684. Katamaṃ taṃ rūpaṃ kāyasamphassajāya vedanāya…pe… saññāya…pe… cetanāya…pe… kāyaviññāṇassa vatthu? Kāyāyatanaṃ – idaṃ taṃ rūpaṃ kāyaviññāṇassa vatthu.,"What is that [material] form which is not the basis of … bodily contact?
The sphere of vision … and bodily nutriment—this is that [material] form which is not the basis of … bodily contact.",
1-685,685. Katamaṃ taṃ rūpaṃ kāyaviññāṇassa na vatthu? Cakkhāyatanaṃ…pe… kabaḷīkāro āhāro – idaṃ taṃ rūpaṃ kāyaviññāṇassa na vatthu.,"What is that [material] form which is the basis of
the feeling …
the perception …
the volition …
the … cognition of body
that is born of … bodily contact?
The sphere … of body-sensibility—this is that [material] form which is the basis of the … cognition of body that is born of … bodily contact.",
1-686,686. Katamaṃ taṃ rūpaṃ cakkhusamphassassa ārammaṇaṃ? Rūpāyatanaṃ – idaṃ taṃ rūpaṃ cakkhusamphassassa ārammaṇaṃ.,"What is that [material] form which is not the basis of the … cognition of body born of … bodily contact?
The sphere of vision … and bodily nutriment—this is that [material] form which is not the basis of the … cognition of body born, etc.
Mental object or idea ( ārammaṇaṃ )",
1-687,687. Katamaṃ taṃ rūpaṃ cakkhusamphassassa na ārammaṇaṃ? Cakkhāyatanaṃ…pe… kabaḷīkāro āhāro – idaṃ taṃ rūpaṃ cakkhusamphassassa na ārammaṇaṃ.,"What is that [material] form which is the object in visual contact?
The sphere of visible forms—this is that [material] form which is the object in visual contact.",
1-688,688. Katamaṃ taṃ rūpaṃ cakkhusamphassajāya vedanāya…pe… saññāya…pe… cetanāya…pe… cakkhuviññāṇassa ārammaṇaṃ? Rūpāyatanaṃ – idaṃ taṃ rūpaṃ cakkhuviññāṇassa ārammaṇaṃ.,"What is that [material] form which is not the object in visual contact?
The sphere of vision … and bodily nutriment—this is that [material] form which is not, etc.",
1-689,689. Katamaṃ taṃ rūpaṃ cakkhuviññāṇassa na ārammaṇaṃ? Cakkhāyatanaṃ…pe… kabaḷīkāro āhāro – idaṃ taṃ rūpaṃ cakkhuviññāṇassa na ārammaṇaṃ.,"What is that [material] form which is the object in
the feeling …
the perception …
the volition …
the visual cognition
that is born of visual contact?
The sphere of visible shapes—this is that [material] form which is the object in … the visual cognition that is born of visual contact.",
1-690,690. Katamaṃ taṃ rūpaṃ sotasamphassassa…pe… ghānasamphassassa …pe… jivhāsamphassassa…pe… kāyasamphassassa ārammaṇaṃ? Phoṭṭhabbāyatanaṃ – idaṃ taṃ rūpaṃ kāyasamphassassa ārammaṇaṃ.,"What is that [material] form which is not the object in the … visual cognition born of visual contact?
The sphere of vision … and bodily nutriment—this is that [material] form which is not the object, etc.",
1-691,691. Katamaṃ taṃ rūpaṃ kāyasamphassassa na ārammaṇaṃ? Cakkhāyatanaṃ…pe… kabaḷīkāro āhāro – idaṃ taṃ rūpaṃ kāyasamphassassa na ārammaṇaṃ.,"What is that [material] form which is the object in
auditory …
olfactory …
gustatory …
bodily
contact?
The sphere of … the tangible—this is that [material] form which is the object in … bodily contact.",
1-692,692. Katamaṃ taṃ rūpaṃ kāyasamphassajāya vedanāya…pe… saññāya…pe… cetanāya…pe… kāyaviññāṇassa ārammaṇaṃ? Phoṭṭhabbāyatanaṃ – idaṃ taṃ rūpaṃ kāyaviññāṇassa ārammaṇaṃ.,"What is that [material] form which is not the object in … bodily contact?
The sphere of vision … and bodily nutriment—this is that [material] form which is not the object in … bodily contact.",
1-693,693. Katamaṃ taṃ rūpaṃ kāyaviññāṇassa na ārammaṇaṃ? Cakkhāyatanaṃ…pe… kabaḷīkāro āhāro – idaṃ taṃ rūpaṃ kāyaviññāṇassa na ārammaṇaṃ.,"What is that [material] form which is the object in
the feeling …
the perception …
the volition …
the … cognition of body
that is born of … bodily contact?
The sphere of the tangible—this is that [material] form which is the object in the … cognition of body that is born of … bodily contact.",
1-694,694. Katamaṃ taṃ rūpaṃ cakkhāyatanaṃ? Yaṃ cakkhu catunnaṃ mahābhūtānaṃ upādāya pasādo…pe… suñño gāmo peso – idaṃ taṃ rūpaṃ cakkhāyatanaṃ.,"What is that [material] form which is not the object in the … cognition of body that is born of bodily contact?
The sphere of vision … and bodily nutriment—this is that [material] form which is not the object, etc.
Sphere of sense ( āyatanaṃ )",
1-695,695. Katamaṃ taṃ rūpaṃ na cakkhāyatanaṃ? Sotāyatanaṃ…pe… kabaḷīkāro āhāro – idaṃ taṃ rūpaṃ na cakkhāyatanaṃ.,"What is that [material] form which is the sphere of vision?
The eye, that is to say, the sentient organ which is derived from the four Great Phenomena … this that is “an empty village”—this is that [material] form which is the sphere of vision.",
1-696,696. Katamaṃ taṃ rūpaṃ sotāyatanaṃ…pe… ghānāyatanaṃ…pe… jivhāyatanaṃ…pe… kāyāyatanaṃ? Yo kāyo catunnaṃ mahābhūtānaṃ upādāya pasādo…pe… suñño gāmo peso – idaṃ taṃ rūpaṃ kāyāyatanaṃ.,"What is that [material] form which is not the sphere of vision?
The sphere of hearing … and bodily nutriment—this is that [material] form which is not the sphere of vision.",
1-697,697. Katamaṃ taṃ rūpaṃ na kāyāyatanaṃ? Cakkhāyatanaṃ…pe… kabaḷīkāro āhāro – idaṃ taṃ rūpaṃ na kāyāyatanaṃ.,"What is that [material] form which is the sphere of
hearing …
smell …
taste …
body-sensibility?
The body, that is to say, the sentient organ which is derived from the four Great Phenomena … this that is “an empty village”—this is that [material] form which is the sphere of … body-sensibility.",
1-698,698. Katamaṃ taṃ rūpaṃ rūpāyatanaṃ? Yaṃ rūpaṃ catunnaṃ mahābhūtānaṃ upādāya vaṇṇanibhā…pe… rūpadhātu pesā – idaṃ taṃ rūpaṃ rūpāyatanaṃ.,"What is that [material] form which is not the sphere of … body-sensibility?
The sphere of vision … and bodily nutriment—this is that [material] form which is not, etc.",
1-699,699. Katamaṃ taṃ rūpaṃ na rūpāyatanaṃ? Cakkhāyatanaṃ…pe… kabaḷīkāro āhāro – idaṃ taṃ rūpaṃ na rūpāyatanaṃ.,"What is that [material] form which is the sphere of visible shapes?
That form which, derived from the four Great Phenomena, is visible under the appearance of colour … this … which is the constituent element of visible form—this is that [material] form which is the sphere of visible forms.",
1-700,700. Katamaṃ taṃ rūpaṃ saddāyatanaṃ…pe… gandhāyatanaṃ …pe… rasāyatanaṃ…pe… phoṭṭhabbāyatanaṃ? Pathavīdhātu…pe… phoṭṭhabbadhātu pesā – idaṃ taṃ rūpaṃ phoṭṭhabbāyatanaṃ.,"What is that [material] form which is not the sphere of visible shapes?
The sphere of vision … and bodily nutriment—this is that [material] form which is not, etc.",
1-701,701. Katamaṃ taṃ rūpaṃ na phoṭṭhabbāyatanaṃ ? Cakkhāyatanaṃ…pe… kabaḷīkāro āhāro – idaṃ taṃ rūpaṃ na phoṭṭhabbāyatanaṃ.,"What is that [material] form which is the sphere of
sound,
odour,
taste,
the tangible?
The earthy (solid) element … this that is the … element of the tangible—this is that [material] form which is the sphere of the tangible.",
1-702,702. Katamaṃ taṃ rūpaṃ cakkhudhātu? Cakkhāyatanaṃ – idaṃ taṃ rūpaṃ cakkhudhātu.,"What is that [material] form which is not the sphere of … the tangible?
The sphere of vision … and bodily nutriment—this is that [material] form which is not, etc.
Element ( dhātu )",
1-703,703. Katamaṃ taṃ rūpaṃ na cakkhudhātu? Sotāyatanaṃ…pe… kabaḷīkāro āhāro – idaṃ taṃ rūpaṃ na cakkhudhātu.,"What is that [material] form which is the element of vision?
The sphere of vision—this is that [material] form which is the element of vision.",
1-704,704. Katamaṃ taṃ rūpaṃ sotadhātu…pe… ghānadhātu…pe… jivhādhātu…pe… kāyadhātu? Kāyāyatanaṃ – idaṃ taṃ rūpaṃ kāyadhātu.,"What is that [material] form which is not the element of vision?
The sphere of hearing … and bodily nutriment—this is that [material] form which is not the element of vision.",
1-705,705. Katamaṃ taṃ rūpaṃ na kāyadhātu? Cakkhāyatanaṃ…pe… kabaḷīkāro āhāro – idaṃ taṃ rūpaṃ na kāyadhātu.,"What is that [material] form which is the element of visible shape?
The sphere of visible shape—this is … the element of visible shape.",
1-706,706. Katamaṃ taṃ rūpaṃ rūpadhātu? Rūpāyatanaṃ – idaṃ taṃ rūpaṃ rūpadhātu.,"What is that [material] form which is not the element of visible shape?
The sphere of vision … and bodily nutriment—this is … not, etc.",
1-707,707. Katamaṃ taṃ rūpaṃ na rūpadhātu? Cakkhāyatanaṃ…pe… kabaḷīkāro āhāro – idaṃ taṃ rūpaṃ na rūpadhātu.,"What is that [material] form which is the element of sound … of odour … of taste … of the tangible?
The sphere of … the tangible—this is … the element of the tangible.",
1-708,708. Katamaṃ taṃ rūpaṃ saddadhātu…pe… gandhadhātu…pe… rasadhātu…pe… phoṭṭhabbadhātu? Phoṭṭhabbāyatanaṃ – idaṃ taṃ rūpaṃ phoṭṭhabbadhātu.,"What is that [material] form which is not the element of the tangible?
The sphere of vision … and bodily nutriment—this is … not the element of the tangible.
Faculty ( indriyaṃ )",
1-709,709. Katamaṃ taṃ rūpaṃ na phoṭṭhabbadhātu? Cakkhāyatanaṃ…pe… kabaḷīkāro āhāro – idaṃ taṃ rūpaṃ na phoṭṭhabbadhātu.,"What is that [material] form which is the faculty of vision?
The eye, that is to say, the sentient organ which is derived from the four Great Phenomena … this that is “an empty village”—this is … the faculty of vision.",
1-710,710. Katamaṃ taṃ rūpaṃ cakkhundriyaṃ? Yaṃ cakkhu catunnaṃ mahābhūtānaṃ upādāya pasādo…pe… suñño gāmo peso – idaṃ taṃ rūpaṃ cakkhundriyaṃ.,"What is that [material] form which is not the faculty of vision?
The sphere of hearing … and bodily nutriment—this is … not, etc.",
1-711,711. Katamaṃ taṃ rūpaṃ na cakkhundriyaṃ? Sotāyatanaṃ…pe… kabaḷīkāro āhāro – idaṃ taṃ rūpaṃ na cakkhundriyaṃ.,"What is that [material] form which is the faculty of hearing … smell … taste … body-sensibility?
The … body, that is to say, the sentient principle, which is derived from the four Great Phenomena … this that is “an empty village”—this is … the faculty of … body sensibility.",
1-712,712. Katamaṃ taṃ rūpaṃ sotindriyaṃ…pe… ghānindriyaṃ…pe… jivhindriyaṃ…pe… kāyindriyaṃ? Yo kāyo catunnaṃ mahābhūtānaṃ upādāya pasādo…pe… suñño gāmo peso – idaṃ taṃ rūpaṃ kāyindriyaṃ.,"What is that [material] body which is not the faculty of … body-sensibility?
The sphere of vision … and bodily nutriment—this is … not, etc.",
1-713,713. Katamaṃ taṃ rūpaṃ na kāyindriyaṃ? Cakkhāyatanaṃ…pe… kabaḷīkāro āhāro – idaṃ taṃ rūpaṃ na kāyindriyaṃ.,"What is that [material] form which is woman-faculty?
That which is of the female, feminine in appearance, characteristics, occupation, and deportment, feminine in condition and being—this is that form which is woman-faculty.",
1-714,714. Katamaṃ taṃ rūpaṃ itthindriyaṃ? Yaṃ itthiyā itthiliṅgaṃ itthinimittaṃ itthikuttaṃ itthākappo itthattaṃ itthibhāvo – idaṃ taṃ rūpaṃ itthindriyaṃ.,"What is that [material] form which is man-faculty?
That which is of the male, masculine in appearance, characteristics, occupation, and deportment, masculine in condition and being—this is that form which is man-faculty.",
1-715,715. Katamaṃ taṃ rūpaṃ na itthindriyaṃ? Cakkhāyatanaṃ…pe… kabaḷīkāro āhāro – idaṃ taṃ rūpaṃ na itthindriyaṃ.,"What is that [material] form which is not man-faculty?
Answer as in § 713a .",
1-716,716. Katamaṃ taṃ rūpaṃ purisindriyaṃ? Yaṃ purisassa purisaliṅgaṃ purisanimittaṃ purisakuttaṃ purisākappo purisattaṃ purisabhāvo – idaṃ taṃ rūpaṃ purisindriyaṃ.,"What is that [material] form which is (the faculty of) life?
The persistence of these corporeal states, their subsistence, their going on, their being kept going on, their progress, continuance, preservation, life, life as faculty—this is … (the faculty of) life.",
1-717,717. Katamaṃ taṃ rūpaṃ na purisindriyaṃ? Cakkhāyatanaṃ…pe… kabaḷīkāro āhāro – idaṃ taṃ rūpaṃ na purisindriyaṃ.,"What is that [material] form which is not (the faculty of) life?
Answer as in § 713a .
Intimation ( viññatti )",
1-718,718. Katamaṃ taṃ rūpaṃ jīvitindriyaṃ? Yo tesaṃ rūpīnaṃ dhammānaṃ āyu ṭhiti yapanā yāpanā iriyanā vattanā pālanā jīvitaṃ jīvitindriyaṃ – idaṃ taṃ rūpaṃ jīvitindriyaṃ.,"What is that [material] form which is bodily intimation?
Answer as in § 636 .",
1-719,719. Katamaṃ taṃ rūpaṃ na jīvitindriyaṃ? Cakkhāyatanaṃ…pe… kabaḷīkāro āhāro – idaṃ taṃ rūpaṃ na jīvitindriyaṃ.,"What is that [material] form which is not bodily intimation?
The sphere of vision … and bodily nutriment—this is … bodily intimation.",
1-720,720. Katamaṃ taṃ rūpaṃ kāyaviññatti? Yā kusalacittassa vā akusalacittassa vā abyākatacittassa vā abhikkamantassa vā paṭikkamantassa vā ālokentassa vā vilokentassa vā samiñjentassa vā pasārentassa vā kāyassa thambhanā santhambhanā santhambhitattaṃ viññatti viññāpanā viññāpitattaṃ – idaṃ taṃ rūpaṃ kāyaviññatti.,"What is that [material] form which is vocal intimation?
Answer as in § 637 .",
1-721,721. Katamaṃ taṃ rūpaṃ na kāyaviññatti? Cakkhāyatanaṃ…pe… kabaḷīkāro āhāro – idaṃ taṃ rūpaṃ na kāyaviññatti.,"What is that [material] form which is not vocal intimation?
The sphere of vision … and bodily nutriment—this is … not, etc.
Space and fluid",
1-722,"722. Katamaṃ taṃ rūpaṃ vacīviññatti? Yā kusalacittassa vā akusalacittassa vā abyākatacittassa vā vācā girā byappatho udīraṇaṃ ghoso ghosakammaṃ vācā vacībhedo, ayaṃ vuccati vācā. Yā tāya vācāya viññatti viññāpanā viññāpitattaṃ – idaṃ taṃ rūpaṃ vacīviññatti.","What is that [material] form which is the element of space?
That which is space and belongs to space, is sky, belongs to sky, is vacuum, belongs to vacuum, and is not in contact with the four Great Phenomena—this is … the element of space.",
1-723,723. Katamaṃ taṃ rūpaṃ na vacīviññatti? Cakkhāyatanaṃ…pe… kabaḷīkāro āhāro – idaṃ taṃ rūpaṃ na vacīviññatti.,"What is that [material] form which is not the element of space?
Answer as § 721 .",
1-724,724. Katamaṃ taṃ rūpaṃ ākāsadhātu? Yo ākāso ākāsagataṃ aghaṃ aghagataṃ vivaro vivaragataṃ asamphuṭṭhaṃ catūhi mahābhūtehi – idaṃ taṃ rūpaṃ ākāsadhātu.,"What is that [material] form which is the element of fluidity?
That which is fluid and belongs to fluid, that which is viscid and belongs to viscid, the cohesiveness of form—this is … the element of fluidity.",
1-725,725. Katamaṃ taṃ rūpaṃ na ākāsadhātu? Cakkhāyatanaṃ …pe… kabaḷīkāro āhāro – idaṃ taṃ rūpaṃ na ākāsadhātu.,"What is that [material] form which is not the element of fluidity?
Answer as in § 721 .
Modes of form",
1-726,726. Katamaṃ taṃ rūpaṃ āpodhātu? Yaṃ āpo āpogataṃ sineho sinehagataṃ bandhanattaṃ rūpassa – idaṃ taṃ rūpaṃ āpodhātu.,"What is that [material] form which is lightness of form?
That lightness of form which is its capacity for changing easily, its freedom from sluggishness and inertia—this is … lightness of form.",
1-727,727. Katamaṃ taṃ rūpaṃ na āpodhātu? Cakkhāyatanaṃ…pe… kabaḷīkāro āhāro – idaṃ taṃ rūpaṃ na āpodhātu.,"What is that [material] form which is not lightness of form?
The sphere of vision … and bodily nutriment—this is … not lightness of form.",
1-728,728. Katamaṃ taṃ rūpaṃ rūpassa lahutā? Yā rūpassa lahutā lahupariṇāmatā adandhanatā avitthanatā – idaṃ taṃ rūpaṃ rūpassa lahutā .,"Questions on the other two modes of form “plasticity” and “wieldiness” are answered by the descriptions given in §§ 640 , 641 . The corresponding contradictory terms are described in the same terms as in § 727 , viz.: as in § 596 , with the omissions and insertion as indicated.
Evolution of (material) form",
1-729,729. Katamaṃ taṃ rūpaṃ rūpassa na lahutā? Cakkhāyatanaṃ…pe… kabaḷīkāro āhāro – idaṃ taṃ rūpaṃ rūpassa na lahutā.,-,
1-730,730. Katamaṃ taṃ rūpaṃ rūpassa mudutā? Yā rūpassa mudutā maddavatā akakkhaḷatā akathinatā – idaṃ taṃ rūpaṃ rūpassa mudutā.,-,
1-731,731. Katamaṃ taṃ rūpaṃ rūpassa na mudutā? Cakkhāyatanaṃ…pe… kabaḷīkāro āhāro – idaṃ taṃ rūpaṃ rūpassa na mudutā.,-,
1-732,732. Katamaṃ taṃ rūpaṃ rūpassa kammaññatā? Yā rūpassa kammaññatā kammaññattaṃ kammaññabhāvo – idaṃ taṃ rūpaṃ rūpassa kammaññatā.,"What is that [material] form which is the integration of form?
That which is accumulation of [material] form is the integration of form—this is, etc.",
1-733,733. Katamaṃ taṃ rūpaṃ rūpassa na kammaññatā? Cakkhāyatanaṃ…pe… kabaḷīkāro āhāro – idaṃ taṃ rūpaṃ rūpassa na kammaññatā.,"What is that [material] form which is not the integration of form?
The sphere of vision … and bodily nutriment—this is … not, etc.",
1-734,"734. Katamaṃ taṃ rūpaṃ rūpassa upacayo? Yo āyatanānaṃ ācayo, so rūpassa upacayo – idaṃ taṃ rūpaṃ rūpassa upacayo.","Question on the “subsistence”, “decay”, and “impermanence” of form and their contradictories are answered analogously with those in the group on “Modes of form”, the three positives being described as in §§ 642 – 645 .
Nutrition",
1-735,735. Katamaṃ taṃ rūpaṃ rūpassa na upacayo? Cakkhāyatanaṃ…pe… kabaḷīkāro āhāro – idaṃ taṃ rūpaṃ rūpassa na upacayo.,-,
1-736,"736. Katamaṃ taṃ rūpaṃ rūpassa santati? Yo rūpassa upacayo, sā rūpassa santati – idaṃ taṃ rūpaṃ rūpassa santati.",-,
1-737,737. Katamaṃ taṃ rūpaṃ rūpassa na santati? Cakkhāyatanaṃ…pe… kabaḷīkāro āhāro – idaṃ taṃ rūpaṃ rūpassa na santati.,-,
1-738,738. Katamaṃ taṃ rūpaṃ rūpassa jaratā? Yā rūpassa jarā jīraṇatā khaṇḍiccaṃ pāliccaṃ valittacatā āyuno saṃhāni indriyānaṃ paripāko – idaṃ taṃ rūpaṃ rūpassa jaratā.,-,
1-739,739. Katamaṃ taṃ rūpaṃ rūpassa na jaratā? Cakkhāyatanaṃ…pe… kabaḷīkāro āhāro – idaṃ taṃ rūpaṃ rūpassa na jaratā.,-,
1-740,740. Katamaṃ taṃ rūpaṃ rūpassa aniccatā? Yo rūpassa khayo vayo bhedo paribhedo aniccatā antaradhānaṃ – idaṃ taṃ rūpaṃ rūpassa aniccatā.,"What is that [material] form which is bodily nutriment?
This is answered as in § 646 .",
1-741,741. Katamaṃ taṃ rūpaṃ rūpassa na aniccatā? Cakkhāyatanaṃ…pe… kabaḷīkāro āhāro – idaṃ taṃ rūpaṃ rūpassa na aniccatā.,"What is that [material] form which is not bodily nutriment?
The sphere of vision … and the impermanence of form—this is … is not bodily nutriment.
Such are the Categories of [material] Form under Dual Aspects.
[End of] the Exposition of the Pairs.
[Material] Form under a Triple Aspect
Exposition of the Triplets",
1-742,"742. Katamaṃ taṃ rūpaṃ kabaḷīkāro āhāro? Odano kummāso sattu maccho maṃsaṃ khīraṃ dadhi sappi navanītaṃ telaṃ madhu phāṇitaṃ, yaṃ vā panaññampi atthi rūpaṃ yamhi yamhi janapade tesaṃ tesaṃ sattānaṃ mukhāsiyaṃ dantavikhādanaṃ galajjhoharaṇīyaṃ kucchivitthambhanaṃ, yāya ojāya sattā yāpenti – idaṃ taṃ rūpaṃ kabaḷīkāro āhāro.","What is that [material] form which is
personal and derived?
The spheres of the five senses.
external and derived?
The sphere of visible shapes … and bodily nutriment.
external and not derived?
The sphere of the tangible and the fluid element.",
1-743,"743. Katamaṃ taṃ rūpaṃ na kabaḷīkāro āhāro? Cakkhāyatanaṃ…pe… rūpassa aniccatā – idaṃ taṃ rūpaṃ na kabaḷīkāro āhāro.
Evaṃ duvidhena rūpasaṅgaho.
Dukaniddeso.",-,
1-744,744. Katamaṃ taṃ rūpaṃ ajjhattikaṃ upādā? Cakkhāyatanaṃ…pe… kāyāyatanaṃ – idaṃ taṃ rūpaṃ ajjhattikaṃ upādā.,-,
1-745,745. Katamaṃ taṃ rūpaṃ bāhiraṃ upādā? Rūpāyatanaṃ…pe… kabaḷīkāro āhāro – idaṃ taṃ rūpaṃ bāhiraṃ upādā.,"What is that [material] form which is
personal and grasped at?
The spheres of the five senses.
external and grasped at?
Woman-faculty, man-faculty, life, or whatever other [material] form exists through karma having been wrought, whether it be in the spheres of visible shape, odour, taste, or the tangible, in the spatial or the fluid element, in the integration or subsistence of form, or in bodily nutriment.
external and not grasped at?
The sphere of sound, bodily and vocal intimation, the lightness, plasticity, wieldiness, decay, and impermanence of form, or whatever other [material] form exists which is not due to karma having been wrought, whether it be in the spheres of visible form, odour, taste, or the tangible, in the spatial or the fluid element, etc. [Continue as in (ii)] .",
1-746,746. Katamaṃ taṃ rūpaṃ bāhiraṃ no upādā? Phoṭṭhabbāyatanaṃ āpodhātu – idaṃ taṃ rūpaṃ bāhiraṃ no upādā.,-,
1-747,747. Katamaṃ taṃ rūpaṃ ajjhattikaṃ upādiṇṇaṃ? Cakkhāyatanaṃ…pe… kāyāyatanaṃ – idaṃ taṃ rūpaṃ ajjhattikaṃ upādiṇṇaṃ.,-,
1-748,"748. Katamaṃ taṃ rūpaṃ bāhiraṃ upādiṇṇaṃ? Itthindriyaṃ purisindriyaṃ jīvitindriyaṃ, yaṃ vā panaññampi atthi rūpaṃ kammassa katattā rūpāyatanaṃ gandhāyatanaṃ rasāyatanaṃ phoṭṭhabbāyatanaṃ ākāsadhātu āpodhātu rūpassa upacayo rūpassa santati kabaḷīkāro āhāro – idaṃ taṃ rūpaṃ bāhiraṃ upādiṇṇaṃ.","What is that [material] form which is
personal and both grasped at and favourable to grasping?
external and both grasped at and favourable to grasping?
external and not grasped at, but favourable to grasping?
The answers are identical with those in the preceding triplet, taken in order.",
1-749,"749. Katamaṃ taṃ rūpaṃ bāhiraṃ anupādiṇṇaṃ? Saddāyatanaṃ kāyaviññatti vacīviññatti rūpassa lahutā rūpassa mudutā rūpassa kammaññatā rūpassa jaratā rūpassa aniccatā, yaṃ vā panaññampi atthi rūpaṃ na kammassa katattā rūpāyatanaṃ gandhāyatanaṃ rasāyatanaṃ phoṭṭhabbāyatanaṃ ākāsadhātu āpodhātu rūpassa upacayo rūpassa santati kabaḷīkāro āhāro – idaṃ taṃ rūpaṃ bāhiraṃ anupādiṇṇaṃ.",-,
1-750,750. Katamaṃ taṃ rūpaṃ ajjhattikaṃ upādiṇṇupādāniyaṃ. Cakkhāyatanaṃ…pe… kāyāyatanaṃ – idaṃ taṃ rūpaṃ ajjhattikaṃ upādiṇṇupādāniyaṃ.,-,
1-751,"751. Katamaṃ taṃ rūpaṃ bāhiraṃ upādiṇṇupādāniyaṃ? Itthindriyaṃ purisindriyaṃ jīvitindriyaṃ, yaṃ vā panaññampi atthi rūpaṃ kammassa katattā rūpāyatanaṃ gandhāyatanaṃ rasāyatanaṃ phoṭṭhabbāyatanaṃ ākāsadhātu āpodhātu rūpassa upacayo rūpassa santati kabaḷīkāro āhāro – idaṃ taṃ rūpaṃ bāhiraṃ upādiṇṇupādāniyaṃ.","What is that form which is
personal and invisible?
The spheres of the five senses.
external and visible?
The sphere of visible shape.
external and invisible?
The sphere of sound … and bodily nutriment.",
1-752,"752. Katamaṃ taṃ rūpaṃ bāhiraṃ anupādiṇṇupādāniyaṃ ? Saddāyatanaṃ kāyaviññatti vacīviññatti rūpassa lahutā rūpassa mudutā rūpassa kammaññatā rūpassa jaratā rūpassa aniccatā, yaṃ vā panaññampi atthi rūpaṃ na kammassa katattā rūpāyatanaṃ gandhāyatanaṃ rasāyatanaṃ phoṭṭhabbāyatanaṃ ākāsadhātu āpodhātu rūpassa upacayo rūpassa santati kabaḷīkāro āhāro – idaṃ taṃ rūpaṃ bāhiraṃ anupādiṇṇupādāniyaṃ.",-,
1-753,753. Katamaṃ taṃ rūpaṃ ajjhattikaṃ anidassanaṃ? Cakkhāyatanaṃ…pe… kāyāyatanaṃ – idaṃ taṃ rūpaṃ ajjhattikaṃ anidassanaṃ.,-,
1-754,754. Katamaṃ taṃ rūpaṃ bāhiraṃ sanidassanaṃ? Rūpāyatanaṃ – idaṃ taṃ rūpaṃ bāhiraṃ sanidassanaṃ.,"What is that [material] form which is
personal and reacting?
The spheres of the five senses.
external and reacting?
The spheres of the five kinds of sense-objects.
external and non-reacting?
Sex … and bodily nutriment.",
1-755,755. Katamaṃ taṃ rūpaṃ bāhiraṃ anidassanaṃ? Saddāyatanaṃ …pe… kabaḷīkāro āhāro – idaṃ taṃ rūpaṃ bāhiraṃ anidassanaṃ.,-,
1-756,756. Katamaṃ taṃ rūpaṃ ajjhattikaṃ sappaṭighaṃ? Cakkhāyatanaṃ…pe… kāyāyatanaṃ – idaṃ taṃ rūpaṃ ajjhattikaṃ sappaṭighaṃ.,-,
1-757,757. Katamaṃ taṃ rūpaṃ bāhiraṃ sappaṭighaṃ? Rūpāyatanaṃ…pe… phoṭṭhabbāyatanaṃ – idaṃ taṃ rūpaṃ bāhiraṃ sappaṭighaṃ.,"What is that [material] form which is
personal and a faculty?
The five faculties of sense.
external and a faculty?
Sex and vitality.
external and not a faculty?
The sphere of visible shape … and bodily nutriment.",
1-758,758. Katamaṃ taṃ rūpaṃ bāhiraṃ appaṭighaṃ? Itthindriyaṃ…pe… kabaḷīkāro āhāro – idaṃ taṃ rūpaṃ bāhiraṃ appaṭighaṃ.,-,
1-759,759. Katamaṃ taṃ rūpaṃ ajjhattikaṃ indriyaṃ? Cakkhundriyaṃ…pe… kāyindriyaṃ – idaṃ taṃ rūpaṃ ajjhattikaṃ indriyaṃ.,-,
1-760,760. Katamaṃ taṃ rūpaṃ bāhiraṃ indriyaṃ? Itthindriyaṃ purisindriyaṃ jīvitindriyaṃ – idaṃ taṃ rūpaṃ bāhiraṃ indriyaṃ.,"What is that [material] form which is
personal and not one of the Great Phenomena?
The spheres of the five senses.
external and belonging to the Great Phenomena?
The sphere of the tangible and the fluid element.
external and not one of the Great Phenomena?
The spheres of the [other four kinds of sense-objects] … and bodily nutriment.",
1-761,761. Katamaṃ taṃ rūpaṃ bāhiraṃ na indriyaṃ? Rūpāyatanaṃ…pe… kabaḷīkāro āhāro – idaṃ taṃ rūpaṃ bāhiraṃ na indriyaṃ.,-,
1-762,762. Katamaṃ taṃ rūpaṃ ajjhattikaṃ na mahābhūtaṃ? Cakkhāyatanaṃ…pe… kāyāyatanaṃ – idaṃ taṃ rūpaṃ ajjhattikaṃ na mahābhūtaṃ.,-,
1-763,763. Katamaṃ taṃ rūpaṃ bāhiraṃ mahābhūtaṃ? Phoṭṭhabbāyatanaṃ āpodhātu – idaṃ taṃ rūpaṃ bāhiraṃ mahābhūtaṃ.,"What is that [material] form which is
personal and not intimation?
The spheres of the five senses.
external and intimation?
Bodily and vocal intimation.
external and not intimation?
The spheres of the five kinds of sense-objects … and bodily nutriment.",
1-764,764. Katamaṃ taṃ rūpaṃ bāhiraṃ na mahābhūtaṃ? Rūpāyatanaṃ…pe… kabaḷīkāro āhāro – idaṃ taṃ rūpaṃ bāhiraṃ na mahābhūtaṃ.,-,
1-765,765. Katamaṃ taṃ rūpaṃ ajjhattikaṃ na viññatti? Cakkhāyatanaṃ…pe… kāyāyatanaṃ – idaṃ taṃ rūpaṃ ajjhattikaṃ na viññatti?,-,
1-766,766. Katamaṃ taṃ rūpaṃ bāhiraṃ viññatti? Kāyaviññatti vacīviññatti – idaṃ taṃ rūpaṃ bāhiraṃ viññatti.,"What is that [material] form which is
personal and sprung from mind?
The spheres of the five senses.
external and sprung from mind?
Bodily and vocal intimation, or whatever other form exists which is born of mind, caused by mind, etc. [Continue as in § 667 ] .
external and not sprung from mind?
Sex-faculty, life-faculty, the decay and impermanence of form, or whatever other form exists which is not born of mind, caused by mind, etc. [Continue as in § 668 ] .",
1-767,767. Katamaṃ taṃ rūpaṃ bāhiraṃ na viññatti? Rūpāyatanaṃ…pe… kabaḷīkāro āhāro – idaṃ taṃ rūpaṃ bāhiraṃ na viññatti.,-,
1-768,768. Katamaṃ taṃ rūpaṃ ajjhattikaṃ na cittasamuṭṭhānaṃ? Cakkhāyatanaṃ…pe… kāyāyatanaṃ – idaṃ taṃ rūpaṃ ajjhattikaṃ na cittasamuṭṭhānaṃ.,-,
1-769,"769. Katamaṃ taṃ rūpaṃ bāhiraṃ cittasamuṭṭhānaṃ? Kāyaviññatti vacīviññatti, yaṃ vā panaññampi atthi rūpaṃ cittajaṃ cittahetukaṃ cittasamuṭṭhānaṃ rūpāyatanaṃ saddāyatanaṃ gandhāyatanaṃ rasāyatanaṃ phoṭṭhabbāyatanaṃ ākāsadhātu āpodhātu rūpassa lahutā rūpassa mudutā rūpassa kammaññatā rūpassa upacayo rūpassa santati kabaḷīkāro āhāro – idaṃ taṃ rūpaṃ bāhiraṃ cittasamuṭṭhānaṃ.","What is that [material] form which is
personal and does not come into being together with mind?
The spheres of the five senses.
external and comes into being together with mind?
Bodily and vocal intimation.
external and does not come into being, etc.?
The spheres of the five kinds of sense-objects … and bodily nutriment.",
1-770,"770. Katamaṃ taṃ rūpaṃ bāhiraṃ na cittasamuṭṭhānaṃ? Itthindriyaṃ purisindriyaṃ jīvitindriyaṃ rūpassa jaratā rūpassa aniccatā, yaṃ vā panaññampi atthi rūpaṃ na cittajaṃ na cittahetukaṃ na cittasamuṭṭhānaṃ rūpāyatanaṃ saddāyatanaṃ gandhāyatanaṃ rasāyatanaṃ phoṭṭhabbāyatanaṃ ākāsadhātu āpodhātu rūpassa lahutā rūpassa mudutā rūpassa kammaññatā rūpassa upacayo rūpassa santati kabaḷīkāro āhāro – idaṃ taṃ rūpaṃ bāhiraṃ na cittasamuṭṭhānaṃ.",-,
1-771,771. Katamaṃ taṃ rūpaṃ ajjhattikaṃ na cittasahabhu? Cakkhāyatanaṃ…pe… kāyāyatanaṃ – idaṃ taṃ rūpaṃ ajjhattikaṃ na cittasahabhu.,-,
1-772,772. Katamaṃ taṃ rūpaṃ bāhiraṃ cittasahabhu? Kāyaviññatti vacīviññatti – idaṃ taṃ rūpaṃ bāhiraṃ cittasahabhu.,"What is that [material] form which is
personal and not consecutive to mind?
external and consecutive to mind?
external and not consecutive to mind?
The answers are identical with those in the preceding triplet, taken in order.",
1-773,773. Katamaṃ taṃ rūpaṃ bāhiraṃ na cittasahabhu? Rūpāyatanaṃ…pe… kabaḷīkāro āhāro – idaṃ taṃ rūpaṃ bāhiraṃ na cittasahabhu?,-,
1-774,774. Katamaṃ taṃ rūpaṃ ajjhattikaṃ na cittānuparivatti? Cakkhāyatanaṃ…pe… kāyāyatanaṃ – idaṃ taṃ rūpaṃ ajjhattikaṃ na cittānuparivatti.,-,
1-775,775. Katamaṃ taṃ rūpaṃ bāhiraṃ cittānuparivatti? Kāyaviññatti vacīviññatti – idaṃ taṃ rūpaṃ bāhiraṃ cittānuparivatti.,"What is that [material] form which is
personal and gross?
The spheres of the five senses.
external and gross?
The spheres of the five kinds of sense-objects.
external and subtle?
Sex … and bodily nutriment.",
1-776,776. Katamaṃ taṃ rūpaṃ bāhiraṃ na cittānuparivatti? Rūpāyatanaṃ…pe… kabaḷīkāro āhāro – idaṃ taṃ rūpaṃ bāhiraṃ na cittānuparivatti.,-,
1-777,777. Katamaṃ taṃ rūpaṃ ajjhattikaṃ oḷārikaṃ? Cakkhāyatanaṃ …pe… kāyāyatanaṃ – idaṃ taṃ rūpaṃ ajjhattikaṃ oḷārikaṃ.,-,
1-778,778. Katamaṃ taṃ rūpaṃ bāhiraṃ oḷārikaṃ? Rūpāyatanaṃ…pe… phoṭṭhabbāyatanaṃ – idaṃ taṃ rūpaṃ bāhiraṃ oḷārikaṃ.,"What is that form which is
personal and near?
The spheres of the five senses.
external and remote?
Sex … and bodily nutriment.
external and near?
The spheres of the five kinds of sense-objects.",
1-779,779. Katamaṃ taṃ rūpaṃ bāhiraṃ sukhumaṃ? Itthindriyaṃ…pe… kabaḷīkāro āhāro – idaṃ taṃ rūpaṃ bāhiraṃ sukhumaṃ.,-,
1-780,780. Katamaṃ taṃ rūpaṃ ajjhattikaṃ santike? Cakkhāyatanaṃ…pe… kāyāyatanaṃ – idaṃ taṃ rūpaṃ ajjhattikaṃ santike.,-,
1-781,781. Katamaṃ taṃ rūpaṃ bāhiraṃ dūre? Itthindriyaṃ…pe… kabaḷīkāro āhāro – idaṃ taṃ rūpaṃ bāhiraṃ dūre.,"What is that form which is
external and not the basis of visual contact?
The spheres of the five kinds of sense-objects … and bodily nutriment.
personal and the basis of visual contact?
The sphere of vision.
personal and not the basis of visual contact?
The sphere of the other four senses.",
1-782,782. Katamaṃ taṃ rūpaṃ bāhiraṃ santike? Rūpāyatanaṃ…pe… phoṭṭhabbāyatanaṃ – idaṃ taṃ rūpaṃ bāhiraṃ santike.,-,
1-783,783. Katamaṃ taṃ rūpaṃ bāhiraṃ cakkhusamphassassa na vatthu? Rūpāyatanaṃ…pe… kabaḷīkāro āhāro – idaṃ taṃ rūpaṃ bāhiraṃ cakkhusamphassassa na vatthu.,-,
1-784,784. Katamaṃ taṃ rūpaṃ ajjhattikaṃ cakkhusamphassassa vatthu? Cakkhāyatanaṃ – idaṃ taṃ rūpaṃ ajjhattikaṃ cakkhusamphassassa vatthu.,"What is that form which is
external and not a basis of
the feeling …
the perception …
the volition …
the visual cognition that is born of visual contact?
personal and a basis of the feeling … the visual cognition that is born of visual contact?
personal and not a basis of the feeling … the visual cognition that is born of visual contact?
Answers identical with those in the preceding triplet.",
1-785,785. Katamaṃ taṃ rūpaṃ ajjhattikaṃ cakkhusamphassassa na vatthu? Sotāyatanaṃ…pe… kāyāyatanaṃ – idaṃ taṃ rūpaṃ ajjhattikaṃ cakkhusamphassassa na vatthu.,-,
1-786,786. Katamaṃ taṃ rūpaṃ bāhiraṃ cakkhusamphassajāya vedanāya…pe… saññāya…pe… cetanāya…pe… cakkhuviññāṇassa na vatthu? Rūpāyatanaṃ…pe… kabaḷīkāro āhāro – idaṃ taṃ rūpaṃ bāhiraṃ cakkhuviññāṇassa na vatthu.,-,
1-787,787. Katamaṃ taṃ rūpaṃ ajjhattikaṃ cakkhuviññāṇassa vatthu? Cakkhāyatanaṃ – idaṃ taṃ rūpaṃ ajjhattikaṃ cakkhuviññāṇassa vatthu.,"What is that form which is
external and not a basis of
auditory …
olfactory …
gustatory …
bodily contact? The spheres of the five kinds of sense-objects … and bodily nutriment.
personal and a basis of … bodily contact?
The spheres of the other four senses respectively.
personal and not a basis of … bodily contact?
The sphere of … vision, hearing, smell, taste.",
1-788,788. Katamaṃ taṃ rūpaṃ ajjhattikaṃ cakkhuviññāṇassa na vatthu? Sotāyatanaṃ…pe… kāyāyatanaṃ – idaṃ taṃ rūpaṃ ajjhattikaṃ cakkhuviññāṇassa na vatthu?,-,
1-789,789. Katamaṃ taṃ rūpaṃ bāhiraṃ sotasamphassassa…pe… ghānasamphassassa…pe… jivhāsamphassassa…pe… kāyasamphassassa na vatthu? Rūpāyatanaṃ…pe… kabaḷīkāro āhāro – idaṃ taṃ rūpaṃ bāhiraṃ kāyasamphassassa na vatthu.,-,
1-790,790. Katamaṃ taṃ rūpaṃ ajjhattikaṃ kāyasamphassassa vatthu? Kāyāyatanaṃ – idaṃ taṃ rūpaṃ ajjhattikaṃ kāyasamphassassa vatthu.,"What is that form which is
external and not a basis of
the feeling …
the perception …
the volition …
the … cognition of body that is born of … bodily contact?
personal and a basis of … the cognition of body that is born of bodily contact?
personal and not a basis of … the cognition of body that is born of bodily contact?
Answers identical with those in the preceding triplet taken in order.",
1-791,791. Katamaṃ taṃ rūpaṃ ajjhattikaṃ kāyasamphassassa na vatthu? Cakkhāyatanaṃ…pe… jivhāyatanaṃ – idaṃ taṃ rūpaṃ ajjhattikaṃ kāyasamphassassa na vatthu.,-,
1-792,792. Katamaṃ taṃ rūpaṃ bāhiraṃ kāyasamphassajāya vedanāya…pe… saññāya…pe… cetanāya…pe… kāyaviññāṇassa na vatthu? Rūpāyatanaṃ…pe… kabaḷīkāro āhāro – idaṃ taṃ rūpaṃ bāhiraṃ kāyaviññāṇassa na vatthu.,-,
1-793,793. Katamaṃ taṃ rūpaṃ ajjhattikaṃ kāyaviññāṇassa vatthu? Kāyāyatanaṃ – idaṃ taṃ rūpaṃ ajjhattikaṃ kāyaviññāṇassa vatthu.,"What is that form which is
personal and not the object apprehended on occasion of visual contact?
The spheres of the five senses.
external and the object apprehended on occasion of visual contact?
The sphere of visible form.
external and not the object apprehended on occasion of visual contact?
The spheres of the other four kinds of sense-objects … and bodily nutriment.",
1-794,794. Katamaṃ taṃ rūpaṃ ajjhattikaṃ kāyaviññāṇassa na vatthu? Cakkhāyatanaṃ…pe… jivhāyatanaṃ – idaṃ taṃ rūpaṃ ajjhattikaṃ kāyaviññāṇassa na vatthu.,-,
1-795,795. Katamaṃ taṃ rūpaṃ ajjhattikaṃ cakkhusamphassassa na ārammaṇaṃ? Cakkhāyatanaṃ…pe… kāyāyatanaṃ – idaṃ taṃ rūpaṃ ajjhattikaṃ cakkhusamphassassa na ārammaṇaṃ.,-,
1-796,796. Katamaṃ taṃ rūpaṃ bāhiraṃ cakkhusamphassassa ārammaṇaṃ? Rūpāyatanaṃ – idaṃ taṃ rūpaṃ bāhiraṃ cakkhusamphassassa ārammaṇaṃ.,"What is that [material] form which is
personal and not the object of
the feeling …
the perception …
the volition …
the visual cognition that is born of visual contact?
external and the object of … visual cognition?
external and not the object of … visual cognition?
Answers identical with those in the preceding triplet, taken in order.",
1-797,797. Katamaṃ taṃ rūpaṃ bāhiraṃ cakkhusamphassassa na ārammaṇaṃ? Saddāyatanaṃ…pe… kabaḷīkāro āhāro – idaṃ taṃ rūpaṃ bāhiraṃ cakkhusamphassassa na ārammaṇaṃ.,-,
1-798,798. Katamaṃ taṃ rūpaṃ ajjhattikaṃ cakkhusamphassajāya vedanāya…pe… saññāya…pe… cetanāya…pe… cakkhuviññāṇassa na ārammaṇaṃ? Cakkhāyatanaṃ…pe… kāyāyatanaṃ – idaṃ taṃ rūpaṃ ajjhattikaṃ cakkhuviññāṇassa na ārammaṇaṃ.,-,
1-799,799. Katamaṃ taṃ rūpaṃ bāhiraṃ cakkhuviññāṇassa ārammaṇaṃ? Rūpāyatanaṃ – idaṃ taṃ rūpaṃ bāhiraṃ cakkhuviññāṇassa ārammaṇaṃ.,"What is that [material] form which is
personal and not the object apprehended on occasion of
auditory …
olfactory …
gustatory …
bodily contact? The spheres of the five senses.
external and the object apprehended on occasion of … bodily contact?
The sphere of the tangible.
external and not the object apprehended on occasion of … bodily contact?
The spheres of the five kinds of sense-objects … and bodily nutriment.",
1-800,800. Katamaṃ taṃ rūpaṃ bāhiraṃ cakkhuviññāṇassa na ārammaṇaṃ? Saddāyatanaṃ…pe… kabaḷīkāro āhāro – idaṃ taṃ rūpaṃ bāhiraṃ cakkhuviññāṇassa na ārammaṇaṃ.,-,
1-801,801. Katamaṃ taṃ rūpaṃ ajjhattikaṃ sotasamphassassa…pe… ghānasamphassassa…pe… jivhāsamphassassa…pe… kāyasamphassassa na ārammaṇaṃ? Cakkhāyatanaṃ…pe… kāyāyatanaṃ – idaṃ taṃ rūpaṃ ajjhattikaṃ kāyasamphassassa na ārammaṇaṃ.,-,
1-802,802. Katamaṃ taṃ rūpaṃ bāhiraṃ kāyasamphassassa ārammaṇaṃ? Phoṭṭhabbāyatanaṃ – idaṃ taṃ rūpaṃ bāhiraṃ kāyasamphassassa ārammaṇaṃ.,"What is that [material] form which is
personal and not the object of
the feeling …
the perception …
the volition …
the … cognition of body that is born of … bodily contact ?
The spheres of the five senses.
external and the object of the … cognition of body that is born of bodily contact?
The sphere of … the tangible.
external and not the object of the … cognition of body that is born, etc.
The spheres of the other four kinds of sense-objects … and bodily nutriment.",
1-803,803. Katamaṃ taṃ rūpaṃ bāhiraṃ kāyasamphassassa na ārammaṇaṃ? Rūpāyatanaṃ…pe… kabaḷīkāro āhāro – idaṃ taṃ rūpaṃ bāhiraṃ kāyasamphassassa na ārammaṇaṃ.,-,
1-804,804. Katamaṃ taṃ rūpaṃ ajjhattikaṃ kāyasamphassajāya vedanāya…pe… saññāya…pe… cetanāya…pe… kāyaviññāṇassa na ārammaṇaṃ? Cakkhāyatanaṃ…pe… kāyāyatanaṃ – idaṃ taṃ rūpaṃ ajjhattikaṃ kāyaviññāṇassa na ārammaṇaṃ.,-,
1-805,805. Katamaṃ taṃ rūpaṃ bāhiraṃ kāyaviññāṇassa ārammaṇaṃ? Phoṭṭhabbāyatanaṃ – idaṃ taṃ rūpaṃ bāhiraṃ kāyaviññāṇassa ārammaṇaṃ.,"What is that [material] form which is
external and not the sphere of vision?
The spheres of the five kinds of sense-objects … and bodily nutriment.
personal and the sphere of vision?
The eye, that is to say the sentient organ which is derived from the four Great Phenomena … this that is “an empty village”—this, etc.
personal and not the sphere of vision?
The spheres of the other four senses.",
1-806,806. Katamaṃ taṃ rūpaṃ bāhiraṃ kāyaviññāṇassa na ārammaṇaṃ? Rūpāyatanaṃ…pe… kabaḷīkāro āhāro – idaṃ taṃ rūpaṃ bāhiraṃ kāyaviññāṇassa na ārammaṇaṃ.,-,
1-807,807. Katamaṃ taṃ rūpaṃ bāhiraṃ na cakkhāyatanaṃ? Rūpāyatanaṃ…pe… kabaḷīkāro āhāro – idaṃ taṃ rūpaṃ bāhiraṃ na cakkhāyatanaṃ.,-,
1-808,808. Katamaṃ taṃ rūpaṃ ajjhattikaṃ cakkhāyatanaṃ? Yaṃ cakkhu catunnaṃ mahābhūtānaṃ upādāya pasādo…pe… suñño gāmo peso – idaṃ taṃ rūpaṃ ajjhattikaṃ cakkhāyatanaṃ.,"What is that [material] form which is
external and not the sphere of hearing, smell, taste, or body-sensibility?
The spheres of the five kinds of sense-objects … and bodily nutriment.
personal and the sphere of … body-sensibility?
The body, that is to say the sentient organ, which is derived from the Great Phenomena … this that is “an empty village”—this, etc.
personal and not the sphere of … body-sensibility?
The spheres of the other four senses.",
1-809,809. Katamaṃ taṃ rūpaṃ ajjhattikaṃ na cakkhāyatanaṃ? Sotāyatanaṃ…pe… kāyāyatanaṃ – idaṃ taṃ rūpaṃ ajjhattikaṃ na cakkhāyatanaṃ.,-,
1-810,810. Katamaṃ taṃ rūpaṃ bāhiraṃ na sotāyatanaṃ…pe… na ghānāyatanaṃ…pe… na jivhāyatanaṃ…pe… na kāyāyatanaṃ? Rūpāyatanaṃ…pe… kabaḷīkāro āhāro – idaṃ taṃ rūpaṃ bāhiraṃ na kāyāyatanaṃ.,-,
1-811,811. Katamaṃ taṃ rūpaṃ ajjhattikaṃ kāyāyatanaṃ? Yo kāyo catunnaṃ mahābhūtānaṃ upādāya pasādo…pe… suñño gāmo peso – idaṃ taṃ rūpaṃ ajjhattikaṃ kāyāyatanaṃ.,"What is that [material] form which is
personal and not the sphere of visible shape?
The spheres of the five senses.
external and the sphere of visible shape?
That [material] form which, derived from the four Great Phenomena, is visible under the appearance of colour … this that is the element of visible shape—this, etc.
external and not the sphere of visible shape?
The spheres of the other four kinds of sense-objects … and bodily nutriment.",
1-812,812. Katamaṃ taṃ rūpaṃ ajjhattikaṃ na kāyāyatanaṃ? Cakkhāyatanaṃ…pe… jivhāyatanaṃ – idaṃ taṃ rūpaṃ ajjhattikaṃ na kāyāyatanaṃ.,-,
1-813,813. Katamaṃ taṃ rūpaṃ ajjhattikaṃ na rūpāyatanaṃ? Cakkhāyatanaṃ…pe… kāyāyatanaṃ – idaṃ taṃ rūpaṃ ajjhattikaṃ na rūpāyatanaṃ.,-,
1-814,814. Katamaṃ taṃ rūpaṃ bāhiraṃ rūpāyatanaṃ? Yaṃ rūpaṃ catunnaṃ mahābhūtānaṃ upādāya vaṇṇanibhā…pe… rūpadhātu pesā – idaṃ taṃ rūpaṃ bāhiraṃ rūpāyatanaṃ.,"What is that [material] form which is
personal and not the sphere of sound, or of odour, or of taste, or of the tangible?
The spheres of the five senses.
external and the sphere of … the tangible?
The earthy (solid) element, etc. … this that is the constituent element of the tangible—this, etc.
external and not the sphere of … the tangible?
The spheres of the other four kinds of sense-objects … and bodily nutriment.",
1-815,815. Katamaṃ taṃ rūpaṃ bāhiraṃ na rūpāyatanaṃ? Saddāyatanaṃ…pe… kabaḷīkāro āhāro – idaṃ taṃ rūpaṃ bāhiraṃ na rūpāyatanaṃ.,-,
1-816,816. Katamaṃ taṃ rūpaṃ ajjhattikaṃ na saddāyatanaṃ…pe… na gandhāyatanaṃ…pe… na rasāyatanaṃ…pe… na phoṭṭhabbāyatanaṃ? Cakkhāyatanaṃ…pe… kāyāyatanaṃ – idaṃ taṃ rūpaṃ ajjhattikaṃ na phoṭṭhabbāyatanaṃ.,-,
1-817,817. Katamaṃ taṃ rūpaṃ bāhiraṃ phoṭṭhabbāyatanaṃ? Pathavīdhātu…pe… phoṭṭhabbadhātu pesā – idaṃ taṃ rūpaṃ bāhiraṃ phoṭṭhabbāyatanaṃ.,"What is that [material] form which is
external and not the element of vision?
The spheres of the five kinds of sense-objects … and bodily nutriment.
personal and the element of vision?
The sphere of vision.
personal and not the element of vision?
The other four senses.",
1-818,818. Katamaṃ taṃ rūpaṃ bāhiraṃ na phoṭṭhabbāyatanaṃ? Rūpāyatanaṃ…pe… kabaḷīkāro āhāro – idaṃ taṃ rūpaṃ bāhiraṃ na phoṭṭhabbāyatanaṃ.,-,
1-819,819. Katamaṃ taṃ rūpaṃ bāhiraṃ na cakkhudhātu? Rūpāyatanaṃ…pe… kabaḷīkāro āhāro – idaṃ taṃ rūpaṃ bāhiraṃ na cakkhudhātu.,-,
1-820,820. Katamaṃ taṃ rūpaṃ ajjhattikaṃ cakkhudhātu? Cakkhāyatanaṃ – idaṃ taṃ rūpaṃ ajjhattikaṃ cakkhudhātu.,"What is that [material] form which is
external and not the element of hearing, smell, taste, or body-sensibility?
The spheres of the five kinds of sense-objects … and bodily nutriment.
personal and the element of … body-sensibility?
The sphere of … body-sensibility.
personal and not the element of … body-sensibility?
The spheres of the other four senses.",
1-821,821. Katamaṃ taṃ rūpaṃ ajjhattikaṃ na cakkhudhātu? Sotāyatanaṃ…pe… kāyāyatanaṃ – idaṃ taṃ rūpaṃ ajjhattikaṃ na cakkhudhātu.,-,
1-822,822. Katamaṃ taṃ rūpaṃ bāhiraṃ na sotadhātu…pe… na ghānadhātu…pe… na jivhādhātu…pe… na kāyadhātu? Rūpāyatanaṃ…pe… kabaḷīkāro āhāro – idaṃ taṃ rūpaṃ bāhiraṃ na kāyadhātu.,-,
1-823,823. Katamaṃ taṃ rūpaṃ ajjhattikaṃ kāyadhātu? Kāyāyatanaṃ – idaṃ taṃ rūpaṃ ajjhattikaṃ kāyadhātu.,"What is that [material] form which is
personal and not the element of visible shape?
The spheres of the five senses.
external and the element of visible shape?
The sphere of visible forms.
external and not the element of visible shape?
The spheres of the other four kinds of sense-objects … and bodily nutriment.",
1-824,824. Katamaṃ taṃ rūpaṃ ajjhattikaṃ na kāyadhātu? Cakkhāyatanaṃ…pe… jivhāyatanaṃ – idaṃ taṃ rūpaṃ ajjhattikaṃ na kāyadhātu.,-,
1-825,825. Katamaṃ taṃ rūpaṃ ajjhattikaṃ na rūpadhātu? Cakkhāyatanaṃ…pe… kāyāyatanaṃ – idaṃ taṃ rūpaṃ ajjhattikaṃ na rūpadhātu.,-,
1-826,826. Katamaṃ taṃ rūpaṃ bāhiraṃ rūpadhātu? Rūpāyatanaṃ – idaṃ taṃ rūpaṃ bāhiraṃ rūpadhātu.,"What is that [material] form which is
personal and not the element of sound, odour, taste, or the tangible?
The spheres of the five senses.
external and the element of … the tangible?
The sphere of the tangible.
external and not the element of … the tangible?
The spheres of the five kinds of sense-objects … and bodily nutriment.",
1-827,827. Katamaṃ taṃ rūpaṃ bāhiraṃ na rūpadhātu? Saddāyatanaṃ…pe… kabaḷīkāro āhāro – idaṃ taṃ rūpaṃ bāhiraṃ na rūpadhātu.,-,
1-828,828. Katamaṃ taṃ rūpaṃ ajjhattikaṃ na saddadhātu…pe… na gandhadhātu…pe… na rasadhātu …pe… na phoṭṭhabbadhātu? Cakkhāyatanaṃ…pe… kāyāyatanaṃ – idaṃ taṃ rūpaṃ ajjhattikaṃ na phoṭṭhabbadhātu.,-,
1-829,829. Katamaṃ taṃ rūpaṃ bāhiraṃ phoṭṭhabbadhātu? Phoṭṭhabbāyatanaṃ – idaṃ taṃ rūpaṃ bāhiraṃ phoṭṭhabbadhātu.,"What is that [material] form which is
external and not the faculty of vision?
The spheres of the five kinds of sense-objects … and bodily nutriment.
personal and the faculty of vision?
The sphere of vision.
personal and not the faculty of vision?
The spheres of the other four senses.",
1-830,830. Katamaṃ taṃ rūpaṃ bāhiraṃ na phoṭṭhabbadhātu? Rūpāyatanaṃ…pe… kabaḷīkāro āhāro – idaṃ taṃ rūpaṃ bāhiraṃ na phoṭṭhabbadhātu.,-,
1-831,831. Katamaṃ taṃ rūpaṃ bāhiraṃ na cakkhundriyaṃ? Rūpāyatanaṃ…pe… kabaḷīkāro āhāro – idaṃ taṃ rūpaṃ bāhiraṃ na cakkhundriyaṃ.,-,
1-832,832. Katamaṃ taṃ rūpaṃ ajjhattikaṃ cakkhundriyaṃ? Yaṃ cakkhu catunnaṃ mahābhūtānaṃ upādāya pasādo…pe… suñño gāmo peso – idaṃ taṃ rūpaṃ ajjhattikaṃ cakkhundriyaṃ.,"What is that [material] form which is
external and not the faculty of hearing, smell, taste, or body-sensibility?
The spheres of the five kinds of sense-objects … and bodily nutriment.
personal and the faculty of … body-sensibility?
The body, that is to say the sentient organ which is derived from the four Great Phenomena … this that is “an empty village”—this, etc.
personal and not the faculty of … body-sensibility?
The spheres of the other four senses.",
1-833,833. Katamaṃ taṃ rūpaṃ ajjhattikaṃ na cakkhundriyaṃ? Sotāyatanaṃ…pe… kāyāyatanaṃ – idaṃ taṃ rūpaṃ ajjhattikaṃ na cakkhundriyaṃ.,-,
1-834,834. Katamaṃ taṃ rūpaṃ bāhiraṃ na sotindriyaṃ…pe… na ghānindriyaṃ…pe… na jivhindriyaṃ…pe… na kāyindriyaṃ? Rūpāyatanaṃ…pe… kabaḷīkāro āhāro – idaṃ taṃ rūpaṃ bāhiraṃ na kāyindriyaṃ.,-,
1-835,835. Katamaṃ taṃ rūpaṃ ajjhattikaṃ kāyindriyaṃ? Yo kāyo catunnaṃ mahābhūtānaṃ upādāya pasādo…pe… suñño gāmo peso – idaṃ taṃ rūpaṃ ajjhattikaṃ kāyindriyaṃ.,"What is that [material] form which is
personal and not the woman-faculty?
The spheres of the five senses.
external and woman-faculty?
That which is of the female, female in appearance, etc. [Continue as in § 633 ] .
external and not woman-faculty?
The spheres of the five kinds of sense-objects … and bodily nutriment.",
1-836,836. Katamaṃ taṃ rūpaṃ ajjhattikaṃ na kāyindriyaṃ? Cakkhāyatanaṃ…pe… jivhāyatanaṃ – idaṃ taṃ rūpaṃ ajjhattikaṃ na kāyindriyaṃ.,-,
1-837,837. Katamaṃ taṃ rūpaṃ ajjhattikaṃ na itthindriyaṃ? Cakkhāyatanaṃ…pe… kāyāyatanaṃ – idaṃ taṃ rūpaṃ ajjhattikaṃ na itthindriyaṃ.,-,
1-838,838. Katamaṃ taṃ rūpaṃ bāhiraṃ itthindriyaṃ? Yaṃ itthiyā itthiliṅgaṃ itthinimittaṃ itthikuttaṃ itthākappo itthattaṃ itthibhāvo – idaṃ taṃ rūpaṃ bāhiraṃ itthindriyaṃ.,"What is that form which is
personal and not the man-faculty? etc.
The questions and answers in this triplet are exactly analogous with those in the foregoing, § 634 constituting the answer to (ii).",
1-839,839. Katamaṃ taṃ rūpaṃ bāhiraṃ na itthindriyaṃ? Rūpāyatanaṃ…pe… kabaḷīkāro āhāro – idaṃ taṃ rūpaṃ bāhiraṃ na itthindriyaṃ.,-,
1-840,840. Katamaṃ taṃ rūpaṃ ajjhattikaṃ na purisindriyaṃ? Cakkhāyatanaṃ…pe… kāyāyatanaṃ – idaṃ taṃ rūpaṃ ajjhattikaṃ na purisindriyaṃ.,-,
1-841,841. Katamaṃ taṃ rūpaṃ bāhiraṃ purisindriyaṃ? Yaṃ purisassa purisaliṅgaṃ purisanimittaṃ purisakuttaṃ purisākappo purisattaṃ purisabhāvo – idaṃ taṃ rūpaṃ bāhiraṃ purisindriyaṃ.,"This triplet is on “life”, and is also exactly analogous with that on “woman-faculty”, § 635 being substituted in (ii).",
1-842,842. Katamaṃ taṃ rūpaṃ bāhiraṃ na purisindriyaṃ? Rūpāyatanaṃ…pe… kabaḷīkāro āhāro – idaṃ taṃ rūpaṃ bāhiraṃ na purisindriyaṃ.,-,
1-843,843. Katamaṃ taṃ rūpaṃ ajjhattikaṃ na jīvitindriyaṃ? Cakkhāyatanaṃ…pe… kāyāyatanaṃ – idaṃ taṃ rūpaṃ ajjhattikaṃ na jīvitindriyaṃ.,-,
1-844,844. Katamaṃ taṃ rūpaṃ bāhiraṃ jīvitindriyaṃ? Yo tesaṃ rūpīnaṃ dhammānaṃ āyu ṭhiti yapanā yāpanā iriyanā vattanā pālanā jīvitaṃ jīvitindriyaṃ – idaṃ taṃ rūpaṃ bāhiraṃ jīvitindriyaṃ.,"What is that form which is
personal and not bodily intimation?
The spheres of the five senses.
external and bodily intimation?
That tension, intension, tense state of the body, etc. [Continue as in § 636 ] .
external and not bodily intimation?
The spheres of the five kinds of sense-objects … and bodily nutriment.",
1-845,845. Katamaṃ taṃ rūpaṃ bāhiraṃ na jīvitindriyaṃ? Rūpāyatanaṃ…pe… kabaḷīkāro āhāro – idaṃ taṃ rūpaṃ bāhiraṃ na jīvitindriyaṃ.,-,
1-846,846. Katamaṃ taṃ rūpaṃ ajjhattikaṃ na kāyaviññatti? Cakkhāyatanaṃ…pe… kāyāyatanaṃ – idaṃ taṃ rūpaṃ ajjhattikaṃ na kāyaviññatti.,-,
1-847,847. Katamaṃ taṃ rūpaṃ bāhiraṃ kāyaviññatti? Yā kusalacittassa vā akusalacittassa vā abyākatacittassa vā abhikkamantassa vā paṭikkamantassa vā ālokentassa vā vilokentassa vā samiñjentassa vā pasārentassa vā kāyassa thambhanā santhambhanā santhambhitattaṃ viññatti viññāpanā viññāpitattaṃ – idaṃ taṃ rūpaṃ bāhiraṃ kāyaviññatti.,"This triplet is on “vocal intimation”, and similar to the foregoing, § 637 being quoted as the answer to the second question.",
1-848,848. Katamaṃ taṃ rūpaṃ bāhiraṃ na kāyaviññatti? Rūpāyatanaṃ…pe… kabaḷīkāro āhāro – idaṃ taṃ rūpaṃ bāhiraṃ na kāyaviññatti.,-,
1-849,849. Katamaṃ taṃ rūpaṃ ajjhattikaṃ na vacīviññatti? Cakkhāyatanaṃ…pe… kāyāyatanaṃ – idaṃ taṃ rūpaṃ ajjhattikaṃ na vacīviññatti.,-,
1-850,"850. Katamaṃ taṃ rūpaṃ bāhiraṃ vacīviññatti? Yā kusalacittassa vā akusalacittassa vā abyākatacittassa vā vācā girā byappatho udīraṇaṃ dhoso ghosakammaṃ vācā vacībhedo, ayaṃ vuccati vācā. Yā tāya vācāya viññatti viññāpanā viññāpitattaṃ – idaṃ taṃ rūpaṃ bāhiraṃ vacīviññatti .","Here follow ten triplets on the presence or absence in form that is personal or external, of the ten following attributes—identical with those ending the categories according to Pairs ( §§ 722 – 741 ).
the element of space,
the element of fluidity,
the lightness of [material] form,
the plasticity of [material] form,
the wieldiness of [material] form,
the integration of [material] form,
the subsistence of [material] form,
the decay of [material] form,
the impermanence of [material] form,
bodily nutriment.
Questions and answers in each of these triplets are identical with those in the triplet last set out on “bodily intimation” ( §§ 844 – 846 ), the only varying elements being the specific kind of form inquired into and its definition in the second answer of each triplet. Thus the schema of the questions is
personal and not …
external and …
external and not …
Such are the Categories of Form under Threefold Aspects.
[End of] the Exposition of Triplets.
[Material] Form under a Fourfold Aspect
Derivation—Work of Karma",
1-851,851. Katamaṃ taṃ rūpaṃ bāhiraṃ na vacīviññatti? Rūpāyatanaṃ…pe… kabaḷīkāro āhāro – idaṃ taṃ rūpaṃ bāhiraṃ na vacīviññatti.,-,
1-852,852. Katamaṃ taṃ rūpaṃ ajjhattikaṃ na ākāsadhātu? Cakkhāyatanaṃ…pe… kāyāyatanaṃ – idaṃ taṃ rūpaṃ ajjhattikaṃ na ākāsadhātu.,-,
1-853,853. Katamaṃ taṃ rūpaṃ bāhiraṃ ākāsadhātu? Yo ākāso ākāsagataṃ aghaṃ aghagataṃ vivaro vivaragataṃ asamphuṭṭhaṃ catūhi mahābhūtehi – idaṃ taṃ rūpaṃ bāhiraṃ ākāsadhātu.,-,
1-854,854. Katamaṃ taṃ rūpaṃ bāhiraṃ na ākāsadhātu? Rūpāyatanaṃ…pe… kabaḷīkāro āhāro – idaṃ taṃ rūpaṃ bāhiraṃ na ākāsadhātu.,-,
1-855,855. Katamaṃ taṃ rūpaṃ ajjhattikaṃ na āpodhātu? Cakkhāyatanaṃ…pe… kāyāyatanaṃ – idaṃ taṃ rūpaṃ ajjhattikaṃ na āpodhātu.,-,
1-856,856. Katamaṃ taṃ rūpaṃ bāhiraṃ āpodhātu? Yaṃ āpo āpogataṃ sineho sinehagataṃ bandhanattaṃ rūpassa – idaṃ taṃ rūpaṃ bāhiraṃ āpodhātu.,-,
1-857,857. Katamaṃ taṃ rūpaṃ bāhiraṃ na āpodhātu? Rūpāyatanaṃ…pe… kabaḷīkāro āhāro – idaṃ taṃ rūpaṃ bāhiraṃ na āpodhātu.,-,
1-858,858. Katamaṃ taṃ rūpaṃ ajjhattikaṃ rūpassa na lahutā? Cakkhāyatanaṃ…pe… kāyāyatanaṃ – idaṃ taṃ rūpaṃ ajjhattikaṃ rūpassa na lahutā.,-,
1-859,859. Katamaṃ taṃ rūpaṃ bāhiraṃ rūpassa lahutā? Yā rūpassa lahutā lahupariṇāmatā adandhanatā avitthanatā – idaṃ taṃ rūpaṃ bāhiraṃ rūpassa lahutā.,-,
1-860,860. Katamaṃ taṃ rūpaṃ bāhiraṃ rūpassa na lahutā? Rūpāyatanaṃ…pe… kabaḷīkāro āhāro – idaṃ taṃ rūpaṃ bāhiraṃ rūpassa na lahutā.,-,
1-861,861. Katamaṃ taṃ rūpaṃ ajjhattikaṃ rūpassa na mudutā? Cakkhāyatanaṃ…pe… kāyāyatanaṃ – idaṃ taṃ rūpaṃ ajjhattikaṃ rūpassa na mudutā.,-,
1-862,862. Katamaṃ taṃ rūpaṃ bāhiraṃ rūpassa mudutā? Yā rūpassa mudutā maddavatā akakkhaḷatā akathinatā – idaṃ taṃ rūpaṃ bāhiraṃ rūpassa mudutā.,-,
1-863,863. Katamaṃ taṃ rūpaṃ bāhiraṃ rūpassa na mudutā? Rūpāyatanaṃ…pe… kabaḷīkāro āhāro – idaṃ taṃ rūpaṃ bāhiraṃ rūpassa na mudutā.,-,
1-864,864. Katamaṃ taṃ rūpaṃ ajjhattikaṃ rūpassa na kammaññatā? Cakkhāyatanaṃ…pe… kāyāyatanaṃ – idaṃ taṃ rūpaṃ ajjhattikaṃ rūpassa na kammaññatā.,-,
1-865,865. Katamaṃ taṃ rūpaṃ bāhiraṃ rūpassa kammaññatā? Yā rūpassa kammaññatā kammaññattaṃ kammaññabhāvo – idaṃ taṃ rūpaṃ bāhiraṃ rūpassa kammaññatā.,-,
1-866,866. Katamaṃ taṃ rūpaṃ bāhiraṃ rūpassa na kammaññatā? Rūpāyatanaṃ…pe… kabaḷīkāro āhāro – idaṃ taṃ rūpaṃ bāhiraṃ rūpassa na kammaññatā.,-,
1-867,867. Katamaṃ taṃ rūpaṃ ajjhattikaṃ rūpassa na upacayo? Cakkhāyatanaṃ…pe… kāyāyatanaṃ – idaṃ taṃ rūpaṃ ajjhattikaṃ rūpassa na upacayo.,-,
1-868,"868. Katamaṃ taṃ rūpaṃ bāhiraṃ rūpassa upacayo? Yo āyatanānaṃ ācayo, so rūpassa upacayo – idaṃ taṃ rūpaṃ bāhiraṃ rūpassa upacayo.",-,
1-869,869. Katamaṃ taṃ rūpaṃ bāhiraṃ rūpassa na upacayo? Rūpāyatanaṃ…pe… kabaḷīkāro āhāro – idaṃ taṃ rūpaṃ bāhiraṃ rūpassa na upacayo.,-,
1-870,870. Katamaṃ taṃ rūpaṃ ajjhattikaṃ rūpassa na santati? Cakkhāyatanaṃ…pe… kāyāyatanaṃ – idaṃ taṃ rūpaṃ ajjhattikaṃ rūpassa na santati.,-,
1-871,"871. Katamaṃ taṃ rūpaṃ bāhiraṃ rūpassa santati? Yo rūpassa upacayo, sā rūpassa santati – idaṃ taṃ rūpaṃ bāhiraṃ rūpassa santati.",-,
1-872,872. Katamaṃ taṃ rūpaṃ bāhiraṃ rūpassa na santati? Rūpāyatanaṃ…pe… kabaḷīkāro āhāro – idaṃ taṃ rūpaṃ bāhiraṃ rūpassa na santati.,-,
1-873,873. Katamaṃ taṃ rūpaṃ ajjhattikaṃ rūpassa na jaratā? Cakkhāyatanaṃ…pe… kāyāyatanaṃ – idaṃ taṃ rūpaṃ ajjhattikaṃ rūpassa na jaratā.,-,
1-874,874. Katamaṃ taṃ rūpaṃ bāhiraṃ rūpassa jaratā? Yā rūpassa jarā jīraṇatā khaṇḍiccaṃ pāliccaṃ valittacatā āyuno saṃhāni indriyānaṃ paripāko – idaṃ taṃ rūpaṃ bāhiraṃ rūpassa jaratā.,-,
1-875,875. Katamaṃ taṃ rūpaṃ bāhiraṃ rūpassa na jaratā? Rūpāyatanaṃ…pe… kabaḷīkāro āhāro – idaṃ taṃ rūpaṃ bāhiraṃ rūpassa na jaratā.,-,
1-876,876. Katamaṃ taṃ rūpaṃ ajjhattikaṃ rūpassa na aniccatā? Cakkhāyatanaṃ…pe… kāyāyatanaṃ – idaṃ taṃ rūpaṃ ajjhattikaṃ rūpassa na aniccatā.,-,
1-877,877. Katamaṃ taṃ rūpaṃ bāhiraṃ rūpassa aniccatā? Yo rūpassa khayo vayo bhedo paribhedo aniccatā antaradhānaṃ – idaṃ taṃ rūpaṃ bāhiraṃ rūpassa aniccatā.,"What is that [material] form which is
derived and grasped at?
The spheres of the five senses; the faculties of sex and life, or whatever other form exists through karma having been wrought, whether it be in the sphere of visible forms, odours, or tastes, the element of space, the integration or subsistence of [material] form, or bodily nutriment.
derived and not grasped at?
The sphere of sounds, bodily and vocal intimation, the lightness, plasticity, and wieldiness of [material] form, or whatever other [material] form exists which is not due to karma having been wrought, whether it be in the spheres of visible shapes, odours, or tastes, the element of space, the integration or subsistence of form, or bodily nutriment.
underived and grasped at?
[Material form] due to karma having been wrought, which is in the sphere of the tangible and the fluid element.
underived and not grasped at?
[Material form] not due to karma having been wrought, which is in the sphere of the tangible and the fluid element.
Derivation—Production of Karma",
1-878,878. Katamaṃ taṃ rūpaṃ bāhiraṃ rūpassa na aniccatā? Rūpāyatanaṃ…pe… kabaḷīkāro āhāro – idaṃ taṃ rūpaṃ bāhiraṃ rūpassa na aniccatā.,-,
1-879,879. Katamaṃ taṃ rūpaṃ ajjhattikaṃ na kabaḷīkāro āhāro? Cakkhāyatanaṃ…pe… kāyāyatanaṃ – idaṃ taṃ rūpaṃ ajjhattikaṃ na kabaḷīkāro āhāro .,-,
1-880,"880. Katamaṃ taṃ rūpaṃ bāhiraṃ kabaḷīkāro āhāro? Odano kummāso sattu maccho maṃsaṃ khīraṃ dadhi sappi navanītaṃ telaṃ madhu phāṇitaṃ, yaṃ vā panaññampi atthi rūpaṃ yamhi yamhi janapade tesaṃ tesaṃ sattānaṃ mukhāsiyaṃ dantavikhādanaṃ galajjhoharaṇīyaṃ kucchivitthambhanaṃ yāya ojāya sattā yāpenti – idaṃ taṃ rūpaṃ bāhiraṃ kabaḷīkāro āhāro.",-,
1-881,"881. Katamaṃ taṃ rūpaṃ bāhiraṃ na kabaḷīkāro āhāro? Rūpāyatanaṃ…pe… rūpassa aniccatā – idaṃ taṃ rūpaṃ bāhiraṃ na kabaḷīkāro āhāro.
Evaṃ tividhena rūpasaṅgaho.
Tikaniddeso.","What is that [material] form which is
derived and both grasped at and favourable to grasping?
derived and not grasped at but favourable to grasping?
underived and both grasped at and favourable, etc.?
underived and not grasped at but favourable, etc.?
The four answers are respectively identical with those in the preceding group.
Derivation—Reaction",
1-882,"882. Katamaṃ taṃ rūpaṃ upādā upādiṇṇaṃ? Cakkhāyatanaṃ…pe… kāyāyatanaṃ, itthindriyaṃ purisindriyaṃ jīvitindriyaṃ, yaṃ vā panaññampi atthi rūpaṃ kammassa katattā rūpāyatanaṃ gandhāyatanaṃ rasāyatanaṃ ākāsadhātu rūpassa upacayo rūpassa santati kabaḷīkāro āhāro – idaṃ taṃ rūpaṃ upādā upādiṇṇaṃ.",-,
1-883,"883. Katamaṃ taṃ rūpaṃ upādā anupādiṇṇaṃ? Saddāyatanaṃ kāyaviññatti vacīviññatti rūpassa lahutā rūpassa mudutā rūpassa kammaññatā rūpassa jaratā rūpassa aniccatā, yaṃ vā panaññampi atthi rūpaṃ na kammassa katattā rūpāyatanaṃ gandhāyatanaṃ rasāyatanaṃ ākāsadhātu rūpassa upacayo rūpassa santati kabaḷīkāro āhāro – idaṃ taṃ rūpaṃ upādā anupādiṇṇaṃ.",-,
1-884,884. Katamaṃ taṃ rūpaṃ no upādā upādiṇṇaṃ? Kammassa katattā phoṭṭhabbāyatanaṃ āpodhātu – idaṃ taṃ rūpaṃ no upādā upādiṇṇaṃ.,-,
1-885,885. Katamaṃ taṃ rūpaṃ no upādā anupādiṇṇaṃ? Na kammassa katattā phoṭṭhabbāyatanaṃ āpodhātu – idaṃ taṃ rūpaṃ no upādā anupādiṇṇaṃ.,"What is that [material] form which is
derived and reacting?
The spheres of the five senses, and of visible shape, sound, odour and taste.
derived and non-reacting?
Sex … and bodily nutriment.
underived and reacting?
The sphere of the tangible.
underived and non-reacting?
The fluid element.
Derivation—Bulk",
1-886,"886. Katamaṃ taṃ rūpaṃ upādā upādiṇṇupādāniyaṃ? Cakkhāyatanaṃ…pe… kāyāyatanaṃ, itthindriyaṃ purisindriyaṃ jīvitindriyaṃ, yaṃ vā panaññampi atthi rūpaṃ kammassa katattā rūpāyatanaṃ gandhāyatanaṃ rasāyatanaṃ ākāsadhātu rūpassa upacayo rūpassa santati kabaḷīkāro āhāro – idaṃ taṃ rūpaṃ upādā upādiṇṇupādāniyaṃ.",-,
1-887,"887. Katamaṃ taṃ rūpaṃ upādā anupādiṇṇupādāniyaṃ? Saddāyatanaṃ kāyaviññatti vacīviññatti rūpassa lahutā rūpassa mudutā rūpassa kammaññatā rūpassa jaratā rūpassa aniccatā, yaṃ vā panaññampi atthi rūpaṃ na kammassa katattā rūpāyatanaṃ gandhāyatanaṃ rasāyatanaṃ ākāsadhātu rūpassa upacayo rūpassa santati kabaḷīkāro āhāro – idaṃ taṃ rūpaṃ upādā anupādiṇṇupādāniyaṃ.",-,
1-888,888. Katamaṃ taṃ rūpaṃ no upādā upādiṇṇupādāniyaṃ? Kammassa katattā phoṭṭhabbāyatanaṃ āpodhātu – idaṃ taṃ rūpaṃ no upādā upādiṇṇupādāniyaṃ.,-,
1-889,889. Katamaṃ taṃ rūpaṃ no upādā anupādiṇṇupādāniyaṃ? Na kammassa katattā phoṭṭhabbāyatanaṃ āpodhātu – idaṃ taṃ rūpaṃ no upādā anupādiṇṇupādāniyaṃ.,"What is that [material] form which is
derived and gross?
derived and subtle?
underived and gross?
underived and subtle?
Answers respectively identical with those in the preceding group.
Derivation—Proximity",
1-890,890. Katamaṃ taṃ rūpaṃ upādā sappaṭighaṃ? Cakkhāyatanaṃ…pe… rasāyatanaṃ – idaṃ taṃ rūpaṃ upādā sappaṭighaṃ.,-,
1-891,891. Katamaṃ taṃ rūpaṃ upādā appaṭighaṃ? Itthindriyaṃ…pe… kabaḷīkāro āhāro – idaṃ taṃ rūpaṃ upādā appaṭighaṃ.,-,
1-892,892. Katamaṃ taṃ rūpaṃ no upādā sappaṭighaṃ? Phoṭṭhabbāyatanaṃ – idaṃ taṃ rūpaṃ no upādā sappaṭighaṃ.,-,
1-893,893. Katamaṃ taṃ rūpaṃ no upādā appaṭighaṃ? Āpodhātu – idaṃ taṃ rūpaṃ no upādā appaṭighaṃ.,"What is that [material] form which is
derived and remote?
Sex … and bodily nutriment.
derived and near?
The spheres of the five senses, and those of visible shape, sound, odour and taste.
underived and remote?
The fluid element.
underived and near?
The sphere of the tangible.
Work of Karma—Visibility",
1-894,894. Katamaṃ taṃ rūpaṃ upādā oḷārikaṃ? Cakkhāyatanaṃ…pe… rasāyatanaṃ – idaṃ taṃ rūpaṃ upādā oḷārikaṃ.,-,
1-895,895. Katamaṃ taṃ rūpaṃ upādā sukhumaṃ itthindriyaṃ…pe… kabaḷīkāro āhāro – idaṃ taṃ rūpaṃ upādā sukhumaṃ.,-,
1-896,896. Katamaṃ taṃ rūpaṃ no upādā oḷārikaṃ? Phoṭṭhabbāyatanaṃ – idaṃ taṃ rūpaṃ no upādā oḷārikaṃ.,-,
1-897,897. Katamaṃ taṃ rūpaṃ no upādā sukhumaṃ? Āpodhātu – idaṃ taṃ rūpaṃ no upādā sukhumaṃ.,"What is that [material] form which is
grasped at and visible?
The sphere of visible shape which is due to karma having been wrought.
grasped at and invisible?
The spheres of the five senses; sex and life, or whatever other [material] form exists through karma having been wrought, whether it be in the spheres of odour, taste, or the tangible, the elements of space or fluidity, the integration or subsistence of [material] form, or bodily nutriment.
not grasped at and visible?
The sphere of visible shape which is not due to karma having been wrought.
not grasped at and invisible?
The sphere of sound, bodily and vocal intimation, the lightness, plasticity, wieldiness, the decay, or the impermanence of [material] form, or whatever other [material] form exists which is not due to karma having been wrought, whether it be in the spheres of odour, or of taste, or of the tangible, the elements of space, or of fluidity, the integration or subsistence of [material] form, or bodily nutriment.
Work of Karma—Impact",
1-898,898. Katamaṃ taṃ rūpaṃ upādā dūre? Itthindriyaṃ…pe… kabaḷīkāro āhāro – idaṃ taṃ rūpaṃ upādā dūre.,-,
1-899,899. Katamaṃ taṃ rūpaṃ upādā santike? Cakkhāyatanaṃ…pe… rasāyatanaṃ – idaṃ taṃ rūpaṃ upādā santike.,-,
1-900,900. Katamaṃ taṃ rūpaṃ no upādā dūre? Āpodhātu – idaṃ taṃ rūpaṃ no upādā dūre.,-,
1-901,901. Katamaṃ taṃ rūpaṃ no upādā santike? Phoṭṭhabbāyatanaṃ – idaṃ taṃ rūpaṃ no upādā santike.,"What is that [material] form which is
grasped at and reacting?
The spheres of the five senses, or whatever other [material] form exists through karma having been wrought in the spheres of visible shape, odour, taste, or the tangible.
grasped at and non-reacting?
Sex or life, or whatever other [material] form exists through karma having been wrought in the elements of space or fluidity, in the integration, or subsistence of [material] form, or in bodily nutriment.
not grasped at and reacting?
The sphere of sound, or whatever other [material] form exists which is not due to karma having been wrought in the spheres of the other four kinds of sense-objects.
not grasped at and non-reacting?
Bodily and vocal intimation, the lightness, plasticity, wieldiness, decay, or impermanence of [material] form, or whatever other [material] form exists which is not due to karma having been wrought in the elements of space or fluidity, in the integration or subsistence of [material] form, or in bodily nutriment.
Work of Karma—Great Phenomena",
1-902,902. Katamaṃ taṃ rūpaṃ upādiṇṇaṃ sanidassanaṃ? Kammassa katattā rūpāyatanaṃ – idaṃ taṃ rūpaṃ upādiṇṇaṃ sanidassanaṃ.,-,
1-903,"903. Katamaṃ taṃ rūpaṃ upādiṇṇaṃ anidassanaṃ? Cakkhāyatanaṃ…pe… kāyāyatanaṃ, itthindriyaṃ purisindriyaṃ jīvitindriyaṃ, yaṃ vā panaññampi atthi rūpaṃ kammassa katattā gandhāyatanaṃ rasāyatanaṃ phoṭṭhabbāyatanaṃ ākāsadhātu āpodhātu rūpassa upacayo rūpassa santati kabaḷīkāro āhāro – idaṃ taṃ rūpaṃ upādiṇṇaṃ anidassanaṃ.",-,
1-904,904. Katamaṃ taṃ rūpaṃ anupādiṇṇaṃ sanidassanaṃ? Na kammassa katattā rūpāyatanaṃ – idaṃ taṃ rūpaṃ anupādiṇṇaṃ sanidassanaṃ.,-,
1-905,"905. Katamaṃ taṃ rūpaṃ anupādiṇṇaṃ anidassanaṃ? Saddāyatanaṃ kāyaviññatti vacīviññatti rūpassa lahutā rūpassa mudutā rūpassa kammaññatā rūpassa jaratā rūpassa aniccatā , yaṃ vā panaññampi atthi rūpaṃ na kammassa katattā gandhāyatanaṃ rasāyatanaṃ phoṭṭhabbāyatanaṃ ākāsadhātu āpodhātu rūpassa upacayo rūpassa santati kabaḷīkāro āhāro – idaṃ taṃ rūpaṃ anupādiṇṇaṃ anidassanaṃ.","What is that [material] form which is
grasped at and great phenomenon?
The sphere of the tangible and the fluid element which are due to karma having been wrought.
grasped at and not great phenomenon?
The spheres of the five senses, sex, life, or whatever other [material] form exists through karma having been wrought, in the element of space, in the integration or subsistence of [material] form, or in bodily nutriment.
not grasped at, but great phenomenon?
The sphere of the tangible and the fluid element which are not due to karma having been wrought.
not grasped at nor great phenomenon?
The sphere of sound, bodily and vocal intimation, the lightness, plasticity, wieldiness, decay, and impermanence of form, or whatever other form exists which is not due to karma having been wrought, whether it be in the spheres of visible form, odour, or taste, in the element of space, in the integration or subsistence of form, or in bodily nutriment.
Work of Karma—Bulk",
1-906,"906. Katamaṃ taṃ rūpaṃ upādiṇṇaṃ sappaṭighaṃ? Cakkhāyatanaṃ…pe… kāyāyatanaṃ, yaṃ vā panaññampi atthi rūpaṃ kammassa katattā rūpāyatanaṃ gandhāyatanaṃ rasāyatanaṃ phoṭṭhabbāyatanaṃ – idaṃ taṃ rūpaṃ upādiṇṇaṃ sappaṭighaṃ.",-,
1-907,"907. Katamaṃ taṃ rūpaṃ upādiṇṇaṃ appaṭighaṃ? Itthindriyaṃ purisindriyaṃ jīvitindriyaṃ, yaṃ vā panaññampi atthi rūpaṃ kammassa katattā ākāsadhātu āpodhātu rūpassa upacayo rūpassa santati kabaḷīkāro āhāro – idaṃ taṃ rūpaṃ upādiṇṇaṃ appaṭighaṃ.",-,
1-908,"908. Katamaṃ taṃ rūpaṃ anupādiṇṇaṃ sappaṭighaṃ? Saddāyatanaṃ, yaṃ vā panaññampi atthi rūpaṃ na kammassa katattā rūpāyatanaṃ gandhāyatanaṃ rasāyatanaṃ phoṭṭhabbāyatanaṃ – idaṃ taṃ rūpaṃ anupādiṇṇaṃ sappaṭighaṃ.",-,
1-909,"909. Katamaṃ taṃ rūpaṃ anupādiṇṇaṃ appaṭighaṃ? Kāyaviññatti vacīviññatti rūpassa lahutā rūpassa mudutā rūpassa kammaññatā rūpassa jaratā rūpassa aniccatā, yaṃ vā panaññampi atthi rūpaṃ na kammassa katattā ākāsadhātu āpodhātu rūpassa upacayo rūpassa santati kabaḷīkāro āhāro – idaṃ taṃ rūpaṃ anupādiṇṇaṃ appaṭighaṃ.","What is that form which is
grasped at and gross?
grasped at and subtle?
not grasped at and gross?
not grasped at and subtle?
Answers respectively identical with the four in the next preceding group but one ( §§ 901 – 904 ).
Work of Karma—Proximity",
1-910,910. Katamaṃ taṃ rūpaṃ upādiṇṇaṃ mahābhūtaṃ? Kammassa katattā phoṭṭhabbāyatanaṃ āpodhātu – idaṃ taṃ rūpaṃ upādiṇṇaṃ mahābhūtaṃ.,-,
1-911,"911. Katamaṃ taṃ rūpaṃ upādiṇṇaṃ na mahābhūtaṃ? Cakkhāyatanaṃ…pe… kāyāyatanaṃ itthindriyaṃ purisindriyaṃ jīvitindriyaṃ, yaṃ vā panaññampi atthi rūpaṃ kammassa katattā rūpāyatanaṃ gandhāyatanaṃ rasāyatanaṃ ākāsadhātu rūpassa upacayo rūpassa santati kabaḷīkāro āhāro – idaṃ taṃ rūpaṃ upādiṇṇaṃ na mahābhūtaṃ.",-,
1-912,912. Katamaṃ taṃ rūpaṃ anupādiṇṇaṃ mahābhūtaṃ? Na kammassa katattā phoṭṭhabbāyatanaṃ āpodhātu – idaṃ taṃ rūpaṃ anupādiṇṇaṃ mahābhūtaṃ.,-,
1-913,"913. Katamaṃ taṃ rūpaṃ anupādiṇṇaṃ na mahābhūtaṃ? Saddāyatanaṃ kāyaviññatti vacīviññatti rūpassa lahutā rūpassa mudutā rūpassa kammaññatā rūpassa jaratā rūpassa aniccatā, yaṃ vā panaññampi atthi rūpaṃ na kammassa katattā rūpāyatanaṃ gandhāyatanaṃ rasāyatanaṃ ākāsadhātu rūpassa upacayo rūpassa santati kabaḷīkāro āhāro – idaṃ taṃ rūpaṃ anupādiṇṇaṃ na mahābhūtaṃ.","What is that form which is
grasped at and remote?
grasped at and near?
not grasped at and remote?
not grasped at and near?
Answers identical with those in the preceding group (i.e. with those in §§ 901 – 904 ), but having the order of the first and second answers inverted, as well as that of the third and fourth.",
1-914,"914. Katamaṃ taṃ rūpaṃ upādiṇṇaṃ oḷārikaṃ? Cakkhāyatanaṃ…pe… kāyāyatanaṃ, yaṃ vā panaññampi atthi rūpaṃ kammassa katattā rūpāyatanaṃ gandhāyatanaṃ rasāyatanaṃ phoṭṭhabbāyatanaṃ – idaṃ taṃ rūpaṃ upādiṇṇaṃ oḷārikaṃ.",-,
1-915,"915. Katamaṃ taṃ rūpaṃ upādiṇṇaṃ sukhumaṃ? Itthindriyaṃ purisindriyaṃ jīvitindriyaṃ, yaṃ vā panaññampi atthi rūpaṃ kammassa katattā ākāsadhātu āpodhātu rūpassa upacayo rūpassa santati kabaḷīkāro āhāro – idaṃ taṃ rūpaṃ upādiṇṇaṃ sukhumaṃ.",-,
1-916,"916. Katamaṃ taṃ rūpaṃ anupādiṇṇaṃ oḷārikaṃ? Saddāyatanaṃ, yaṃ vā panaññampi atthi rūpaṃ na kammassa katattā rūpāyatanaṃ gandhāyatanaṃ rasāyatanaṃ phoṭṭhabbāyatanaṃ – idaṃ taṃ rūpaṃ anupādiṇṇaṃ oḷārikaṃ.",-,
1-917,"917. Katamaṃ taṃ rūpaṃ anupādiṇṇaṃ sukhumaṃ? Kāyaviññatti vacīviññatti rūpassa lahutā rūpassa mudutā rūpassa kammaññatā rūpassa jaratā rūpassa aniccatā, yaṃ vā panaññampi atthi rūpaṃ na kammassa katattā ākāsadhātu āpodhātu rūpassa upacayo rūpassa santati kabaḷīkāro āhāro – idaṃ taṃ rūpaṃ anupādiṇṇaṃ sukhumaṃ.","In the next five groups of four, form is considered as a combination of (a) “grasped at and favourable to grasping”, and either “visible”, “reacting”, “a great phenomenon”, “gross” or “remote”, or the opposites of these five taken successively; (b) “not grasped at, but favourable to grasping”, and the five above-named attributes and their opposites taken successively. Thus the questions are analogous to, and the answers identical with, those in the preceding five groups ( §§ 897 – 916 ).
Impact—Faculty",
1-918,"918. Katamaṃ taṃ rūpaṃ upādiṇṇaṃ dūre? Itthindriyaṃ purisindriyaṃ jīvitindriyaṃ, yaṃ vā panaññampi atthi rūpaṃ kammassa katattā ākāsadhātu āpodhātu rūpassa upacayo rūpassa santati kabaḷīkāro āhāro – idaṃ taṃ rūpaṃ upādiṇṇaṃ dūre.",-,
1-919,"919. Katamaṃ taṃ rūpaṃ upādiṇṇaṃ santike? Cakkhāyatanaṃ…pe… kāyāyatanaṃ, yaṃ vā panaññampi atthi rūpaṃ kammassa katattā rūpāyatanaṃ gandhāyatanaṃ rasāyatanaṃ phoṭṭhabbāyatanaṃ – idaṃ taṃ rūpaṃ upādiṇṇaṃ santike.",-,
1-920,"920. Katamaṃ taṃ rūpaṃ anupādiṇṇaṃ dūre? Kāyaviññatti vacīviññatti rūpassa lahutā rūpassa mudutā rūpassa kammaññatā rūpassa jaratā rūpassa aniccatā, yaṃ vā panaññampi atthi rūpaṃ na kammassa katattā ākāsadhātu āpodhātu rūpassa upacayo rūpassa santati kabaḷīkāro āhāro – idaṃ taṃ rūpaṃ anupādiṇṇaṃ dūre.",-,
1-921,"921. Katamaṃ taṃ rūpaṃ anupādiṇṇaṃ santike? Saddāyatanaṃ, yaṃ vā panaññampi atthi rūpaṃ na kammassa katattā rūpāyatanaṃ gandhāyatanaṃ rasāyatanaṃ phoṭṭhabbāyatanaṃ – idaṃ taṃ rūpaṃ anupādiṇṇaṃ santike.",-,
1-922,922. Katamaṃ taṃ rūpaṃ upādiṇṇupādāniyaṃ sanidassanaṃ? Kammassa katattā rūpāyatanaṃ – idaṃ taṃ rūpaṃ upādiṇṇupādāniyaṃ sanidassanaṃ.,-,
1-923,"923. Katamaṃ taṃ rūpaṃ upādiṇṇupādāniyaṃ anidassanaṃ? Cakkhāyatanaṃ…pe… kāyāyatanaṃ, itthindriyaṃ purisindriyaṃ jīvitindriyaṃ, yaṃ vā panaññampi atthi rūpaṃ kammassa katattā gandhāyatanaṃ rasāyatanaṃ phoṭṭhabbāyatanaṃ ākāsadhātu āpodhātu rūpassa upacayo rūpassa santati kabaḷīkāro āhāro – idaṃ taṃ rūpaṃ upādiṇṇupādāniyaṃ anidassanaṃ.",-,
1-924,924. Katamaṃ taṃ rūpaṃ anupādiṇṇupādāniyaṃ sanidassanaṃ? Na kammassa katattā rūpāyatanaṃ – idaṃ taṃ rūpaṃ anupādiṇṇupādāniyaṃ sanidassanaṃ.,-,
1-925,"925. Katamaṃ taṃ rūpaṃ anupādiṇṇupādāniyaṃ anidassanaṃ? Saddāyatanaṃ kāyaviññatti vacīviññatti rūpassa lahutā rūpassa mudutā rūpassa kammaññatā rūpassa jaratā rūpassa aniccatā, yaṃ vā panaññampi atthi rūpaṃ na kammassa katattā gandhāyatanaṃ rasāyatanaṃ phoṭṭhabbāyatanaṃ ākāsadhātu āpodhātu rūpassa upacayo rūpassa santati kabaḷīkāro āhāro – idaṃ taṃ rūpaṃ anupādiṇṇupādāniyaṃ anidassanaṃ.",-,
1-926,"926. Katamaṃ taṃ rūpaṃ upādiṇṇupādāniyaṃ sappaṭighaṃ? Cakkhāyatanaṃ…pe… kāyāyatanaṃ, yaṃ vā panaññampi atthi rūpaṃ kammassa katattā rūpāyatanaṃ gandhāyatanaṃ rasāyatanaṃ phoṭṭhabbāyatanaṃ – idaṃ taṃ rūpaṃ upādiṇṇupādāniyaṃ sappaṭighaṃ.",-,
1-927,"927. Katamaṃ taṃ rūpaṃ upādiṇṇupādāniyaṃ appaṭighaṃ? Itthindriyaṃ purisindriyaṃ jīvitindriyaṃ, yaṃ vā panaññampi atthi rūpaṃ kammassa katattā ākāsadhātu āpodhātu rūpassa upacayo rūpassa santati kabaḷīkāro āhāro – idaṃ taṃ rūpaṃ upādiṇṇupādāniyaṃ appaṭighaṃ.",-,
1-928,"928. Katamaṃ taṃ rūpaṃ anupādiṇṇupādāniyaṃ sappaṭighaṃ? Saddāyatanaṃ, yaṃ vā panaññampi atthi rūpaṃ na kammassa katattā rūpāyatanaṃ gandhāyatanaṃ rasāyatanaṃ phoṭṭhabbāyatanaṃ – idaṃ taṃ rūpaṃ anupādiṇṇupādāniyaṃ sappaṭighaṃ.",-,
1-929,"929. Katamaṃ taṃ rūpaṃ anupādiṇṇupādāniyaṃ appaṭighaṃ? Kāyaviññatti vacīviññatti rūpassa lahutā rūpassa mudutā rūpassa kammaññatā rūpassa jaratā rūpassa aniccatā, yaṃ vā panaññampi atthi rūpaṃ na kammassa katattā ākāsadhātu āpodhātu rūpassa upacayo rūpassa santati kabaḷīkāro āhāro – idaṃ taṃ rūpaṃ anupādiṇṇupādāniyaṃ appaṭighaṃ.",-,
1-930,930. Katamaṃ taṃ rūpaṃ upādiṇṇupādāniyaṃ mahābhūtaṃ? Kammassa katattā phoṭṭhabbāyatanaṃ āpodhātu – idaṃ taṃ rūpaṃ upādiṇṇupādāniyaṃ mahābhūtaṃ .,-,
1-931,"931. Katamaṃ taṃ rūpaṃ upādiṇṇupādāniyaṃ na mahābhūtaṃ? Cakkhāyatanaṃ…pe… kāyāyatanaṃ itthindriyaṃ purisindriyaṃ jīvitindriyaṃ, yaṃ vā panaññampi atthi rūpaṃ kammassa katattā rūpāyatanaṃ gandhāyatanaṃ rasāyatanaṃ ākāsadhātu rūpassa upacayo rūpassa santati kabaḷīkāro āhāro – idaṃ taṃ rūpaṃ upādiṇṇupādāniyaṃ na mahābhūtaṃ.",-,
1-932,932. Katamaṃ taṃ rūpaṃ anupādiṇṇupādāniyaṃ mahābhūtaṃ? Na kammassa katattā phoṭṭhabbāyatanaṃ āpodhātu – idaṃ taṃ rūpaṃ anupādiṇṇupādāniyaṃ mahābhūtaṃ.,-,
1-933,"933. Katamaṃ taṃ rūpaṃ anupādiṇṇupādāniyaṃ na mahābhūtaṃ? Saddāyatanaṃ kāyaviññatti vacīviññatti rūpassa lahutā rūpassa mudutā rūpassa kammaññatā rūpassa jaratā rūpassa aniccatā, yaṃ vā panaññampi atthi rūpaṃ na kammassa katattā rūpāyatanaṃ gandhāyatanaṃ rasāyatanaṃ ākāsadhātu rūpassa upacayo rūpassa santati kabaḷīkāro āhāro – idaṃ taṃ rūpaṃ anupādiṇṇupādāniyaṃ na mahābhūtaṃ.",-,
1-934,"934. Katamaṃ taṃ rūpaṃ upādiṇṇupādāniyaṃ oḷārikaṃ? Cakkhāyatanaṃ…pe… kāyāyatanaṃ, yaṃ vā panaññampi atthi rūpaṃ kammassa katattā rūpāyatanaṃ gandhāyatanaṃ rasāyatanaṃ phoṭṭhabbāyatanaṃ – idaṃ taṃ rūpaṃ upādiṇṇupādāniyaṃ oḷārikaṃ.",-,
1-935,"935. Katamaṃ taṃ rūpaṃ upādiṇṇupādāniyaṃ sukhumaṃ? Itthindriyaṃ purisindriyaṃ jīvitindriyaṃ, yaṃ vā panaññampi atthi rūpaṃ kammassa katattā ākāsadhātu āpodhātu rūpassa upacayo rūpassa santati kabaḷīkāro āhāro – idaṃ taṃ rūpaṃ upādiṇṇupādāniyaṃ sukhumaṃ.",-,
1-936,"936. Katamaṃ taṃ rūpaṃ anupādiṇṇupādāniyaṃ oḷārikaṃ? Saddāyatanaṃ, yaṃ vā panaññampi atthi rūpaṃ na kammassa katattā rūpāyatanaṃ gandhāyatanaṃ rasāyatanaṃ phoṭṭhabbāyatanaṃ – idaṃ taṃ rūpaṃ anupādiṇṇupādāniyaṃ oḷārikaṃ.",-,
1-937,"937. Katamaṃ taṃ rūpaṃ anupādiṇṇupādāniyaṃ sukhumaṃ? Kāyaviññatti vacīviññatti rūpassa lahutā rūpassa mudutā rūpassa kammaññatā rūpassa jaratā rūpassa aniccatā, yaṃ vā panaññampi atthi rūpaṃ na kammassa katattā ākāsadhātu āpodhātu rūpassa upacayo rūpassa santati kabaḷīkāro āhāro – idaṃ taṃ rūpaṃ anupādiṇṇupādāniyaṃ sukhumaṃ.","What is that [material] form which is
reacting and faculty?
The faculties of the five senses.
reacting and not faculty?
The five kinds of sense-objects.
non-reacting and faculty?
Sex and life.
non-reacting and not faculty?
Bodily and vocal intimation … and bodily nutriment.
Impact—Great Phenomenon",
1-938,"938. Katamaṃ taṃ rūpaṃ upādiṇṇupādāniyaṃ dūre? Itthindriyaṃ purisindriyaṃ jīvitindriyaṃ, yaṃ vā panaññampi atthi rūpaṃ kammassa katattā ākāsadhātu āpodhātu rūpassa upacayo rūpassa santati kabaḷīkāro āhāro – idaṃ taṃ rūpaṃ upādiṇṇupādāniyaṃ dūre.",-,
1-939,"939. Katamaṃ taṃ rūpaṃ upādiṇṇupādāniyaṃ santike cakkhāyatanaṃ…pe… kāyāyatanaṃ, yaṃ vā panaññampi atthi rūpaṃ kammassa katattā rūpāyatanaṃ gandhāyatanaṃ rasāyatanaṃ phoṭṭhabbāyatanaṃ – idaṃ taṃ rūpaṃ upādiṇṇupādāniyaṃ santike.",-,
1-940,"940. Katamaṃ taṃ rūpaṃ anupādiṇṇupādāniyaṃ dūre? Kāyaviññatti vacīviññatti rūpassa lahutā rūpassa mudutā rūpassa kammaññatā rūpassa jaratā rūpassa aniccatā, yaṃ vā panaññampi atthi rūpaṃ na kammassa katattā ākāsadhātu āpodhātu rūpassa upacayo rūpassa santati kabaḷīkāro āhāro – idaṃ taṃ rūpaṃ anupādiṇṇupādāniyaṃ dūre.",-,
1-941,"941. Katamaṃ taṃ rūpaṃ anupādiṇṇupādāniyaṃ santike? Saddāyatanaṃ, yaṃ vā panaññampi atthi rūpaṃ na kammassa katattā rūpāyatanaṃ gandhāyatanaṃ rasāyatanaṃ phoṭṭhabbāyatanaṃ – idaṃ taṃ rūpaṃ anupādiṇṇupādāniyaṃ santike.","What is that [material] form which is
reacting and a great phenomenon?
The sphere of the tangible.
reacting and not a great phenomenon?
The spheres of visible form, sound, odour, and taste.
non-reacting and a great phenomenon?
The fluid element.
non-reacting and not a great phenomenon?
Sex … and bodily nutriment.
Faculty (Potentiality)—Bulk",
1-942,942. Katamaṃ taṃ rūpaṃ sappaṭighaṃ indriyaṃ? Cakkhundriyaṃ…pe… kāyindriyaṃ – idaṃ taṃ rūpaṃ sappaṭighaṃ indriyaṃ.,-,
1-943,943. Katamaṃ taṃ rūpaṃ sappaṭighaṃ na indriyaṃ? Rūpāyatanaṃ…pe… phoṭṭhabbāyatanaṃ – idaṃ taṃ rūpaṃ sappaṭighaṃ na indriyaṃ.,-,
1-944,944. Katamaṃ taṃ rūpaṃ appaṭighaṃ indriyaṃ? Itthindriyaṃ purisindriyaṃ jīvitindriyaṃ – idaṃ taṃ rūpaṃ appaṭighaṃ indriyaṃ.,-,
1-945,945. Katamaṃ taṃ rūpaṃ appaṭighaṃ na indriyaṃ? Kāyaviññatti vacīviññatti…pe… kabaḷīkāro āhāro – idaṃ taṃ rūpaṃ appaṭighaṃ na indriyaṃ.,"What is that [material] form which is
faculty and gross?
The faculties of the five senses.
faculty and subtle?
Sex and life.
non-faculty and gross?
The spheres of the five kinds of sense-objects.
non-faculty and subtle?
Intimation … and bodily nutriment.
Faculty (Potentiality)—Proximity",
1-946,946. Katamaṃ taṃ rūpaṃ sappaṭighaṃ mahābhūtaṃ? Phoṭṭhabbāyatanaṃ – idaṃ taṃ rūpaṃ sappaṭighaṃ mahābhūtaṃ.,-,
1-947,947. Katamaṃ taṃ rūpaṃ sappaṭighaṃ na mahābhūtaṃ? Cakkhāyatanaṃ…pe… rasāyatanaṃ – idaṃ taṃ rūpaṃ sappaṭighaṃ na mahābhūtaṃ.,-,
1-948,948. Katamaṃ taṃ rūpaṃ appaṭighaṃ mahābhūtaṃ? Āpodhātu – idaṃ taṃ rūpaṃ appaṭighaṃ mahābhūtaṃ.,-,
1-949,949. Katamaṃ taṃ rūpaṃ appaṭighaṃ na mahābhūtaṃ? Itthindriyaṃ…pe… kabaḷīkāro āhāro – idaṃ taṃ rūpaṃ appaṭighaṃ na mahābhūtaṃ.,"What is that [material] form which is
faculty and remote?
Sex and life.
faculty and near?
The faculties of the five senses.
non-faculty and remote?
Intimation … and bodily nutriment.
non-faculty and near?
The spheres of the five kinds of sense-objects.
Great Phenomenon—Bulk",
1-950,950. Katamaṃ taṃ rūpaṃ indriyaṃ oḷārikaṃ? Cakkhundriyaṃ…pe… kāyindriyaṃ – idaṃ taṃ rūpaṃ indriyaṃ oḷārikaṃ.,-,
1-951,951. Katamaṃ taṃ rūpaṃ indriyaṃ sukhumaṃ? Itthindriyaṃ purisindriyaṃ jīvitindriyaṃ – idaṃ taṃ rūpaṃ indriyaṃ sukhumaṃ.,-,
1-952,952. Katamaṃ taṃ rūpaṃ na indriyaṃ oḷārikaṃ? Rūpāyatanaṃ…pe… phoṭṭhabbāyatanaṃ – idaṃ taṃ rūpaṃ na indriyaṃ oḷārikaṃ.,-,
1-953,953. Katamaṃ taṃ rūpaṃ na indriyaṃ sukhumaṃ? Kāyaviññatti vacīviññatti…pe… kabaḷīkāro āhāro – idaṃ taṃ rūpaṃ na indriyaṃ sukhumaṃ.,"What is that [material] form which is
a great phenomenon and gross?
The sphere of the tangible.
a great phenomenon and subtle?
The fluid element.
not a great phenomenon and gross?
The spheres of the five senses and of visible form, sound, odour, and taste.
not a great phenomenon and subtle?
Sex … and bodily nutriment.
Great Phenomenon—Proximity",
1-954,954. Katamaṃ taṃ rūpaṃ indriyaṃ dūre? Itthindriyaṃ purisindriyaṃ jīvitindriyaṃ – idaṃ taṃ rūpaṃ indriyaṃ dūre.,-,
1-955,955. Katamaṃ taṃ rūpaṃ indriyaṃ santike? Cakkhundriyaṃ…pe… kāyindriyaṃ – idaṃ taṃ rūpaṃ indriyaṃ santike.,-,
1-956,956. Katamaṃ taṃ rūpaṃ na indriyaṃ dūre? Kāyaviññatti vacīviññatti…pe… kabaḷīkāro āhāro – idaṃ taṃ rūpaṃ na indriyaṃ dūre.,-,
1-957,957. Katamaṃ taṃ rūpaṃ na indriyaṃ santike? Rūpāyatanaṃ…pe… phoṭṭhabbāyatanaṃ – idaṃ taṃ rūpaṃ na indriyaṃ santike.,"What is that [material] form which is
a great phenomenon and remote?
The fluid element.
a great phenomenon and near?
The sphere of the tangible.
not a great phenomenon and remote?
Sex and life.
not a great phenomenon and near?
The spheres of the five senses and of visible form, sound, odour and taste.
Form as Seen, Heard, Imagined, Understood",
1-958,958. Katamaṃ taṃ rūpaṃ mahābhūtaṃ oḷārikaṃ? Phoṭṭhabbāyatanaṃ – idaṃ taṃ rūpaṃ mahābhūtaṃ oḷārikaṃ.,-,
1-959,959. Katamaṃ taṃ rūpaṃ mahābhūtaṃ sukhumaṃ? Āpodhātu – idaṃ taṃ rūpaṃ mahābhūtaṃ sukhumaṃ.,-,
1-960,960. Katamaṃ taṃ rūpaṃ na mahābhūtaṃ oḷārikaṃ? Cakkhāyatanaṃ…pe… rasāyatanaṃ – idaṃ taṃ rūpaṃ na mahābhūtaṃ oḷārikaṃ.,-,
1-961,961. Katamaṃ taṃ rūpaṃ na mahābhūtaṃ sukhumaṃ? Itthindriyaṃ…pe… kabaḷīkāro āhāro – idaṃ taṃ rūpaṃ na mahābhūtaṃ sukhumaṃ.,"The sphere of visible shape is Form Seen,
The sphere of sound is Form Heard,
The sphere of odour, taste and the tangible is [Material] Form Imagined,
All [material] form is Form Cognized by the mind.
Such are the Categories of [Material] Form under Fourfold Aspects.
[End of] the Groups of Four.
[Material] Form under a Fivefold Aspect",
1-962,962. Katamaṃ taṃ rūpaṃ mahābhūtaṃ dūre? Āpodhātu – idaṃ taṃ rūpaṃ mahābhūtaṃ dūre.,"What is that [material] form which is
earth-element ( paṭhavī-dhātu )?
That which is hard, rough, hardness, rigidity, whether it be of the self, or external, or grasped at, or not grasped at.
fluid-element ( apodhātu )?
That which is fluid, belonging to fluid, viscid, belonging to what is viscid, the cohesiveness of form, whether it be of the self, or external, or grasped at, or not grasped at.
heat-element ( tejodhātu )?
That which is flame, belonging to flame, heat, belonging to heat, hot, belonging to what is hot, whether it be of the self, or, etc. [Continue as in preceding] .
air-element ( vāyodhātu )?
That which is air, belongs to air [the fluctuation], the inflation, of form, whether it be of the self, or, etc.
derived?
The spheres of the five senses … and solid nutriment.
Such is the Category of [Material] Form under a Fivefold Aspect.
[End of] the Group of Five.
[Material] Form under a Sixfold Aspect",
1-963,963. Katamaṃ taṃ rūpaṃ mahābhūtaṃ santike? Phoṭṭhabbāyatanaṃ – idaṃ taṃ rūpaṃ mahābhūtaṃ santike.,-,
1-964,964. Katamaṃ taṃ rūpaṃ na mahābhūtaṃ dūre? Itthindriyaṃ…pe… kabaḷīkāro āhāro – idaṃ taṃ rūpaṃ na mahābhūtaṃ dūre.,-,
1-965,965. Katamaṃ taṃ rūpaṃ na mahābhūtaṃ santike? Cakkhāyatanaṃ…pe… rasāyatanaṃ – idaṃ taṃ rūpaṃ na mahābhūtaṃ santike.,-,
1-966,"966. Rūpāyatanaṃ diṭṭhaṃ, saddāyatanaṃ sutaṃ, gandhāyatanaṃ rasāyatanaṃ phoṭṭhabbāyatanaṃ mutaṃ, sabbaṃ rūpaṃ manasā viññātaṃ rūpaṃ.
Evaṃ catubbidhena rūpasaṅgaho.
Catukkaṃ.",-,
1-967,967. Katamaṃ taṃ rūpaṃ pathavīdhātu? Yaṃ kakkhaḷaṃ kharagataṃ [kharigataṃ (ka.)] kakkhaḷattaṃ kakkhaḷabhāvo ajjhattaṃ vā bahiddhā vā upādiṇṇaṃ vā anupādiṇṇaṃ vā – idaṃ taṃ rūpaṃ pathavīdhātu.,"The sphere of visible shapes is [material] form cognizable by sight.
The sphere of sounds is [material] form cognizable by hearing.
The sphere of odours is [material] form cognizable by smell.
The sphere of tastes is [material] form cognizable by taste.
The sphere of the tangible is [material] form cognizable by body-sensibility.
All [material] form is form cognizable by the mind.
Such is the Category of [Material] Form under a Sixfold Aspect.
[End of] the Group of Six.
[Material] Form under a Sevenfold Aspect",
1-968,968. Katamaṃ taṃ rūpaṃ āpodhātu? Yaṃ āpo āpogataṃ sineho sinehagataṃ bandhanattaṃ rūpassa ajjhattaṃ vā bahiddhā vā upādiṇṇaṃ vā anupādiṇṇaṃ vā – idaṃ taṃ rūpaṃ āpodhātu.,"The sphere of visible shapes is [material] form cognizable by sight.
The sphere of sound is [material] form cognizable by hearing.
The sphere of odour is [material] form cognizable by smell.
The sphere of taste is [material] form cognizable by taste.
The sphere of the tangible is [material] form cognizable by body-sensibility.",
1-969,969. Katamaṃ taṃ rūpaṃ tejodhātu? Yaṃ tejo tejogataṃ usmā usmāgataṃ usumaṃ usumagataṃ ajjhattaṃ vā bahiddhā vā upādiṇṇaṃ vā anupādiṇṇaṃ vā – idaṃ taṃ rūpaṃ tejodhātu.,"The spheres of visible shapes, sound, odour, taste, and the tangible are [material] form cognizable by the element of ideation.
All [material] form is form comprehensible by the element of representative intellection.
Such is the Category of [Material] Form under a Sevenfold Aspect.
[End of] the Group of Seven.
[Material] Form under an Eightfold Aspect",
1-970,970. Katamaṃ taṃ rūpaṃ vāyodhātu? Yaṃ vāyo vāyogataṃ thambhitattaṃ rūpassa ajjhattaṃ vā bahiddhā vā upādiṇṇaṃ vā anupādiṇṇaṃ vā – idaṃ taṃ rūpaṃ vāyodhātu.,"The sphere of visible shapes is [material] form cognizable by the eye.
The sphere of sound is [material] form cognizable by the ear.
The sphere of odour is [material] form cognizable by the nose.
The sphere of taste is [material] form cognizable by the tongue.
Pleasurable agreeable contact obtainable by touch is [material] form cognizable by the body.
Unpleasant disagreeable contact obtainable by touch is [material] form cognizable by the body.
The spheres of the five kinds of sense-objects are [material] form cognizable by ideation.
All [material] form is form comprehensible by representative intellection.
Such is the Category of [Material] Form under an Eightfold Aspect.
[End of] the Group of Eight.
[Material] Form under a Ninefold Aspect",
1-971,"971. Katamaṃ taṃ rūpaṃ upādā? Cakkhāyatanaṃ…pe… kabaḷīkāro āhāro – idaṃ taṃ rūpaṃ upādā.
Evaṃ pañcavidhena rūpasaṅgaho.
Pañcakaṃ.","What is that [material] form which is
vision-faculty?
hearing-faculty?
smell-faculty?
taste-faculty?
body-faculty?
woman-faculty?
man-faculty?
life-faculty?
The eight answers are those given in the original descriptions of the eight faculties or potentialities enumerated ( §§ 597 , 601 , 605 , 609 , 613 , 633–635 ).
What is that [material] form which is not faculty?
The spheres of the five kinds of sense-objects … and bodily nutriment.
Such is the Category of [Material] Form under a Ninefold Aspect.
[End of] the Group of Nine.
[Material] Form under a Tenfold Aspect",
1-972,"972. Rūpāyatanaṃ cakkhuviññeyyaṃ rūpaṃ, saddāyatanaṃ sotaviññeyyaṃ rūpaṃ, gandhāyatanaṃ ghānaviññeyyaṃ rūpaṃ, rasāyatanaṃ jivhāviññeyyaṃ rūpaṃ, phoṭṭhabbāyatanaṃ kāyaviññeyyaṃ rūpaṃ, sabbaṃ rūpaṃ manoviññeyyaṃ rūpaṃ.
Evaṃ chabbidhena rūpasaṅgaho.
Chakkaṃ.",-,
1-973,"973. Rūpāyatanaṃ cakkhuviññeyyaṃ rūpaṃ, saddāyatanaṃ sotaviññeyyaṃ rūpaṃ, gandhāyatanaṃ ghānaviññeyyaṃ rūpaṃ, rasāyatanaṃ jivhāviññeyyaṃ rūpaṃ, phoṭṭhabbāyatanaṃ kāyaviññeyyaṃ rūpaṃ, rūpāyatanaṃ saddāyatanaṃ gandhāyatanaṃ rasāyatanaṃ phoṭṭhabbāyatanaṃ manodhātuviññeyyaṃ rūpaṃ, sabbaṃ rūpaṃ manoviññāṇadhātuviññeyyaṃ rūpaṃ.
Evaṃ sattavidhena rūpasaṅgaho.
Sattakaṃ.",-,
1-974,"974. Rūpāyatanaṃ cakkhuviññeyyaṃ rūpaṃ, saddāyatanaṃ sotaviññeyyaṃ rūpaṃ, gandhāyatanaṃ ghānaviññeyyaṃ rūpaṃ, rasāyatanaṃ jivhāviññeyyaṃ rūpaṃ, manāpiyo phoṭṭhabbo sukhasamphasso kāyaviññeyyaṃ rūpaṃ, amanāpiyo phoṭṭhabbo dukkhasamphasso kāyaviññeyyaṃ rūpaṃ, rūpāyatanaṃ saddāyatanaṃ gandhāyatanaṃ rasāyatanaṃ phoṭṭhabbāyatanaṃ manodhātuviññeyyaṃ rūpaṃ, sabbaṃ rūpaṃ manoviññāṇadhātuviññeyyaṃ rūpaṃ.
Evaṃ aṭṭhavidhena rūpasaṅgaho.
Aṭṭhakaṃ.",The first eight questions and answers are identical with the first eight in the preceding group.,
1-975,975. Katamaṃ taṃ rūpaṃ cakkhundriyaṃ? Yaṃ cakkhu catunnaṃ mahābhūtānaṃ upādāya pasādo…pe… suñño gāmo peso – idaṃ taṃ rūpaṃ cakkhundriyaṃ .,-,
1-976,976. Katamaṃ taṃ rūpaṃ sotindriyaṃ…pe… ghānindriyaṃ…pe… jivhindriyaṃ…pe… kāyindriyaṃ …pe… itthindriyaṃ…pe… purisindriyaṃ…pe… jīvitindriyaṃ? Yo tesaṃ rūpīnaṃ dhammānaṃ āyu ṭhiti yapanā yāpanā iriyanā vattanā pālanā jīvitaṃ jīvitindriyaṃ – idaṃ taṃ rūpaṃ jīvitindriyaṃ.,"What is that [material] form which is
not faculty but reacting?
The spheres of the five kinds of sense-objects.
not faculty and non-reacting?
Intimation … and bodily nutriment.
Such is the Category of [Material] Form under a Tenfold Aspect.
[End of] the Group of Ten.
[Material] Form under an Elevenfold Aspect",
1-977,"977. Katamaṃ taṃ rūpaṃ na indriyaṃ? Rūpāyatanaṃ…pe… kabaḷīkāro āhāro – idaṃ taṃ rūpaṃ na indriyaṃ.
Evaṃ navavidhena rūpasaṅgaho.
Navakaṃ.",-,
1-978,978. Katamaṃ taṃ rūpaṃ cakkhundriyaṃ? Yaṃ cakkhu catunnaṃ mahābhūtānaṃ upādāya pasādo…pe… suñño gāmo peso – idaṃ taṃ rūpaṃ cakkhundriyaṃ.,"What is that [material] form which is
the vision-sphere?
the hearing-sphere?
the smell-sphere?
the taste-sphere?
the body-sphere?
the visible shape-sphere?
the sound-sphere?
the odour-sphere?
the sapid-sphere?
the tangible-sphere?
Answers as in §§ 597 , 601 , 605 , 609 , 613 , 617 , 621 , 625 , 629 , 649 respectively.",
1-979,979. Katamaṃ taṃ rūpaṃ sotindriyaṃ…pe… ghānindriyaṃ…pe… jivhindriyaṃ…pe… kāyindriyaṃ…pe… itthindriyaṃ…pe… purisindriyaṃ…pe… jīvitindriyaṃ? Yo tesaṃ rūpīnaṃ dhammānaṃ āyu ṭhiti yapanā yāpanā iriyanā vattanā pālanā jīvitaṃ jīvitindriyaṃ – idaṃ taṃ rūpaṃ jīvitindriyaṃ.,-,
1-980,980. Katamaṃ taṃ rūpaṃ na indriyaṃ sappaṭighaṃ? Rūpāyatanaṃ…pe… phoṭṭhabbāyatanaṃ – idaṃ taṃ rūpaṃ na indriyaṃ sappaṭighaṃ.,"What is that [material] form which is invisible, non-reacting, and included in the sphere of [mental] states?
Sex … and bodily nutriment.
Such is the Category of [Material] Form under an Elevenfold Aspect.
[End of] the Group of Eleven.
[End of] The Divisions of Form.
[End of] the Eighth Portion for Recitation.
A Buddhist Manual of Psychological Ethics , a rys_davids of the Dhammasaṅgaṇī, Compendium of States or Phenomena, by Caroline A.F. Rhys Davids and D. Litt., M.A. .
Published by the Pali Text Society in 1900 . Reprinted 1923, 1974, 1993, 2004.
Released by the Pali Text Society under Creative Commons Attribution-NonCommercial 3.0 licence (CC BY-NC 3.0) .
See also the statement under http://",
1-981,"981. Katamaṃ taṃ rūpaṃ na indriyaṃ appaṭighaṃ? Kāyaviññatti…pe… kabaḷīkāro āhāro – idaṃ taṃ rūpaṃ na indriyaṃ appaṭighaṃ.
Evaṃ dasavidhena rūpasaṅgaho.
Dasakaṃ.","Which are the states that are good?
The three roots of good (karma), to wit, absence of lust, absence of hate, absence of dullness; the skandhas of feeling, perception, activities and consciousness when they are associated with those three roots; whatever action, bodily, vocal and mental, springs from those three roots.",
1-982,982. Katamaṃ taṃ rūpaṃ cakkhāyatanaṃ? Yaṃ cakkhu catunnaṃ mahābhūtānaṃ upādāya pasādo…pe… suñño gāmo peso – idaṃ taṃ rūpaṃ cakkhāyatanaṃ .,"Which are the states that are bad?
The three roots of bad (karma), to wit, lust, hate, dullness; the vices that are united with them; the skandhas of feeling, perception, synergies and consciousness when these are associated with them; whatever action, bodily, vocal and mental, springs from them.",
1-983,983. Katamaṃ taṃ rūpaṃ sotāyatanaṃ…pe… ghānāyatanaṃ…pe… jivhāyatanaṃ…pe… kāyāyatanaṃ…pe… rūpāyatanaṃ…pe… saddāyatanaṃ…pe… gandhāyatanaṃ…pe… rasāyatanaṃ…pe… phoṭṭhabbāyatanaṃ? Pathavīdhātu…pe… phoṭṭhabbadhātu pesā – idaṃ taṃ rūpaṃ phoṭṭhabbāyatanaṃ.,"Which are the states that are indeterminate?
The results of good and bad states taking effect in the worlds of sense, form, or the formless, or in the [life that is] Unincluded; the skandhas of feeling, perception, synergies and consciousness, inoperative states, moreover, which are neither good, nor bad, nor the results of karma; lastly, all form and unconditioned element.",
1-984,"984. Katamaṃ taṃ rūpaṃ anidassanaṃ appaṭighaṃ dhammāyatanapariyāpannaṃ? Itthindriyaṃ…pe… kabaḷīkāro āhāro – idaṃ taṃ rūpaṃ anidassanaṃ appaṭighaṃ dhammāyatanapariyāpannaṃ.
Evaṃ ekādasavidhena rūpasaṅgaho.
Ekādasakaṃ.
Aṭṭhamabhāṇavāro.
Rūpavibhatti.
Rūpakaṇḍaṃ niṭṭhitaṃ.","Which are the states that are associated with a feeling of ease?
The skandhas of perception, activities and consciousness (the feeling itself being excepted) are the states associated [with the consciousness arising] in pleasurable soil, whether it belongs to the worlds of sense or of form, or to the life that is Unincluded.",
1-985,"985. Katame dhammā kusalā? Tīṇi kusalamūlāni – alobho, adoso, amoho; taṃsampayutto vedanākkhandho, saññākkhandho, saṅkhārakkhandho, viññāṇakkhandho; taṃsamuṭṭhānaṃ kāyakammaṃ, vacīkammaṃ, manokammaṃ – ime dhammā kusalā.","Which are the states that are associated with distressful feeling?
The skandhas of perception, synergies and consciousness (the feeling itself being excepted) are the states associated [with the consciousness arising] in a distressful soil belonging to the sensuous universe.",
1-986,"986. Katame dhammā akusalā? Tīṇi akusalamūlāni – lobho, doso, moho; tadekaṭṭhā ca kilesā; taṃsampayutto vedanākkhandho, saññākkhandho, saṅkhārakkhandho, viññāṇakkhandho; taṃsamuṭṭhānaṃ kāyakammaṃ, vacīkammaṃ, manokammaṃ – ime dhammā akusalā.","Which are the states that are associated with feeling that is neither painful nor pleasant?
The skandhas of perception, synergies and consciousness (the feeling itself being excepted) are the states associated [with the consciousness arising] in a neutral soil, whether it belong to the worlds of sense, form, or the formless, or to the life that is Unincluded.",
1-987,"987. Katame dhammā abyākatā? Kusalākusalānaṃ dhammānaṃ vipākā kāmāvacarā, rūpāvacarā, arūpāvacarā, apariyāpannā; vedanākkhandho, saññākkhandho, saṅkhārakkhandho, viññāṇakkhandho; ye ca dhammā kiriyā neva kusalā nākusalā na ca kammavipākā; sabbañca rūpaṃ, asaṅkhatā ca dhātu – ime dhammā abyākatā.","Which are the states that are results?
The results of good and bad states which take effect in the worlds of sense, form and the formless, and in the life that is Unincluded; [in other words] the four skandhas.",
1-988,"988. Katame dhammā sukhāya vedanāya sampayuttā? Sukhabhūmiyaṃ kāmāvacare, rūpāvacare, apariyāpanne, sukhaṃ vedanaṃ ṭhapetvā; taṃsampayutto saññākkhandho, saṅkhārakkhandho, viññāṇakkhandho – ime dhammā sukhāya vedanāya sampayuttā.","Which are the states that involve resultant states?
Good and bad states belonging to the worlds of sense, form and the formless, or to the life that is Unincluded; [in other words] the four skandhas.",
1-989,"989. Katame dhammā dukkhāya vedanāya sampayuttā? Dukkhabhūmiyaṃ kāmāvacare, dukkhaṃ vedanaṃ ṭhapetvā; taṃsampayutto saññākkhandho, saṅkhārakkhandho, viññāṇakkhandho – ime dhammā dukkhāya vedanāya sampayuttā .","Which are the states that neither are results, nor have the quality of involving resultant states?
Those states concerning action which are neither good, nor bad, nor the results of karma; all [material] form, moreover, and unconditioned element.",
1-990,"990. Katame dhammā adukkhamasukhāya vedanāya sampayuttā? Adukkhamasukhabhūmiyaṃ kāmāvacare, rūpāvacare, arūpāvacare, apariyāpanne, adukkhamasukhaṃ vedanaṃ ṭhapetvā; taṃsampayutto saññākkhandho, saṅkhārakkhandho, viññāṇakkhandho – ime dhammā adukkhamasukhāya vedanāya sampayuttā.","Which are the states that are both grasped at and favourable to grasping?
The co-Intoxicant results of good and bad states taking effect in the worlds of sense, form or the formless; in other words, the four skandhas; such form, moreover, as is due to karma having been wrought.",
1-991,"991. Katame dhammā vipākā? Kusalākusalānaṃ dhammānaṃ vipākā kāmāvacarā, rūpāvacarā, arūpāvacarā, apariyāpannā; vedanākkhandho…pe… viññāṇakkhandho – ime dhammā vipākā.","Which are the states that are not grasped at but are favourable to grasping?
Good and bad co-Intoxicant states taking effect in the worlds of sense, form, or the formless; in other words, the four skandhas; inoperative states, moreover, which are neither good, nor bad, nor the results of karma; as well as such form as is not due to karma having been wrought",
1-992,"992. Katame dhammā vipākadhammadhammā? Kusalākusalā dhammā kāmāvacarā, rūpāvacarā, arūpāvacarā, apariyāpannā; vedanākkhandho…pe… viññāṇakkhandho – ime dhammā vipākadhammadhammā.","Which are the states that are neither grasped at nor favourable to grasping?
The Paths that are the Unincluded, and the Fruits of the Paths, and unconditioned element.",
1-993,"993. Katame dhammā nevavipākanavipākadhammadhammā? Ye ca dhammā kiriyā neva kusalā nākusalā na ca kammavipākā, sabbañca rūpaṃ, asaṅkhatā ca dhātu – ime dhammā nevavipākanavipākadhammadhammā.","Which are the states that are vitiated and vicious?
The three roots of bad (karma), to wit, lust, hate, dullness; the Corruptions that are united with them; the four skandhas when these are associated with them; whatever action, bodily, vocal and mental, springs from them.",
1-994,"994. Katame dhammā upādiṇṇupādāniyā? Sāsavā kusalākusalānaṃ dhammānaṃ vipākā kāmāvacarā, rūpāvacarā, arūpāvacarā; vedanākkhandho…pe… viññāṇakkhandho; yañca rūpaṃ kammassa katattā – ime dhammā upādiṇṇupādāniyā.","Which are the states that are not corrupt but baneful?
Good and indeterminate co-Intoxicant states taking effect in the worlds of sense, form and the formless; in other words, the five skandhas.",
1-995,"995. Katame dhammā anupādiṇṇupādāniyā? Sāsavā kusalākusalā dhammā kāmāvacarā, rūpāvacarā, arūpāvacarā; vedanākkhandho…pe… viññāṇakkhandho; ye ca dhammā kiriyā neva kusalā nākusalā na ca kammavipākā; yañca rūpaṃ na kammassa katattā – ime dhammā anupādiṇṇupādāniyā.","Which are the states that are neither corrupt nor baneful?
The Paths that are the Unincluded, and the Fruits of the Paths and unconditioned element.",
1-996,"996. Katame dhammā anupādiṇṇaanupādāniyā? Apariyāpannā maggā ca, maggaphalāni ca, asaṅkhatā ca dhātu – ime dhammā anupādiṇṇaanupādāniyā.","Which are the states associated with applied and sustained thought?
The four skandhas (applied and sustained thought itself excluded) which are associated [with the consciousness arising] in a soil favourable to applied and sustained thought, whether it belong to the world of Sense or of Form, or to the life that is Unincluded.",
1-997,"997. Katame dhammā saṃkiliṭṭhasaṃkilesikā? Tīṇi akusalamūlāni – lobho, doso, moho; tadekaṭṭhā ca kilesā; taṃsampayutto vedanākkhandho…pe… viññāṇakkhandho; taṃsamuṭṭhānaṃ kāyakammaṃ, vacīkammaṃ, manokammaṃ – ime dhammā saṃkiliṭṭhasaṃkilesikā.","Which are the states not so associated?
The four skandhas (sustained thought itself excluded) which are associated [with the consciousness arising] in a soil favourable not to applied, but only to sustained thought, whether it belong to the world of Form, or to the life that is Unincluded.",
1-998,"998. Katame dhammā asaṃkiliṭṭhasaṃkilesikā? Sāsavā kusalābyākatā dhammā kāmāvacarā, rūpāvacarā, arūpāvacarā; rūpakkhandho, vedanākkhandho , saññākkhandho, saṅkhārakkhandho, viññāṇakkhandho – ime dhammā asaṃkiliṭṭhasaṃkilesikā.","Which are the states that are not associated with either applied or sustained thought?
The four skandhas which are associated [with the consciousness arising] in a soil not associated with either, whether it belong to the world of Sense, Form, or the Formless, or to the life that is Unincluded; all [material] form, moreover, and unconditioned element.",
1-999,"999. Katame dhammā asaṃkiliṭṭhaasaṃkilesikā? Apariyāpannā maggā ca, maggaphalāni ca, asaṅkhatā ca dhātu – ime dhammā asaṃkiliṭṭhaasaṃkilesikā.","Which are the states that are accompanied by zest?
The four skandhas (zest itself being excluded) which are associated [with the consciousness arising] in a soil yielding zest, whether it belong to the worlds of Sense or Form, or to the life that is Unincluded.",
1-1000,"1000. Katame dhammā savitakkasavicārā? Savitakkasavicārabhūmiyaṃ kāmāvacare, rūpāvacare, apariyāpanne , vitakkavicāre ṭhapetvā; taṃsampayutto vedanākkhandho…pe… viññāṇakkhandho – ime dhammā savitakkasavicārā.","Which are the states that are accompanied by ease?
The skandhas of perception, synergies and consciousness (ease being excluded) which are associated [with the consciousness arising] in an ease-yielding soil, whether it belong to the worlds of Sense or Form, or to the life that is Unincluded.",
1-1001,"1001. Katame dhammā avitakkavicāramattā? Avitakkavicāramattabhūmiyaṃ rūpāvacare, apariyāpanne, vicāraṃ ṭhapetvā; taṃsampayutto vedanākkhandho…pe… viññāṇakkhandho – ime dhammā avitakkavicāramattā.","Which are the states that are accompanied by indifference?
The skandhas of perception, synergies and consciousness (indifference itself excluded) which are associated [with the consciousness arising] in a soil favourable to indifference, whether it belong to the worlds of Form or the Formless, or to the life that is Unincluded.",
1-1002,"1002. Katame dhammā avitakkaavicārā? Avitakkaavicārabhūmiyaṃ kāmāvacare, rūpāvacare , arūpāvacare, apariyāpanne; vedanākkhandho…pe… viññāṇakkhandho; sabbañca rūpaṃ, asaṅkhatā ca dhātu – ime dhammā avitakkaavicārā.","Which are the states that are to be put away by vision?
The three Fetters, to wit, the theory of individuality, perplexity, and perversion as to rule and ritual.
In this connexion",
1-1003,"1003. Katame dhammā pītisahagatā? Pītibhūmiyaṃ kāmāvacare, rūpāvacare, apariyāpanne , pītiṃ ṭhapetvā; taṃsampayutto vedanākkhandho…pe… viññāṇakkhandho – ime dhammā pītisahagatā.","What is the “theory of individuality”?
When in this world the ignorant, average man who perceives not the Noble Ones, who comprehends not, nor is trained according to the doctrine of the Noble Ones, who perceives not good men, who comprehends not, nor is trained according to, the doctrine of good men, regards (1) the self as bodily shape, or (2) as having bodily shape, or regards (3) bodily shape as being in the self, or (4) the self as being in bodily shape; or regards (5) the self as feeling, or (6) as having feeling, or regards (7) feeling as being in the self, or (8) the self as being in feeling; or regards (9) the self as perception, or (10) as having perception, or regards (11) perception as being in the self, or (12) the self as being in perception; or regards (13) the self as synergies, or (14) as having synergies, or regards (15) synergies as being in the self, or (16) the self as being in synergies; or regards (17) the self as consciousness, or (18) as having consciousness, or regards (19) consciousness as being in the self, or (20) the self as being in consciousness—then this kind of opinion, this walking in opinion, this jungle of opinion, wilderness of opinion, disorder of opinion, scuffling of opinion, this Fetter of opinion, the grip and tenacity of it, the inclination towards it, the being infected by it, this by-path, wrong road, wrongness, this sectarianism, this inverted grasp—this is called the theory of individuality.",
1-1004,"1004. Katame dhammā sukhasahagatā? Sukhabhūmiyaṃ kāmāvacare, rūpāvacare, apariyāpanne, sukhaṃ ṭhapetvā; taṃsampayutto saññākkhandho, saṅkhārakkhandho, viññāṇakkhandho – ime dhammā sukhasahagatā.","What is “perplexity”?
To doubt, to be perplexed about, (1) the Master, to doubt, to be perplexed about, (2) the Doctrine, to doubt, to be perplexed about, (3) the Order, about (4) the Discipline, about (5) the past, the future, about both the past and the future, (6) as to whether there be an assignable cause of states causally determined—it is this kind of doubt, this working of doubt, this dubiety, puzzlement, perplexity, distraction, standing at cross-roads; collapse, uncertainty of grasp; evasion, hesitation, incapacity of grasping thoroughly, stiffness of mind, mental scarifying, that is called perplexity.",
1-1005,"1005. Katame dhammā upekkhāsahagatā? Upekkhābhūmiyaṃ kāmāvacare, rūpāvacare, arūpāvacare, apariyāpanne, upekkhaṃ ṭhapetvā; taṃsampayutto saññākkhandho, saṅkhārakkhandho, viññāṇakkhandho – ime dhammā upekkhāsahagatā.","What is perversion as to rule and ritual?
The theory, held by recluses and Brahmins outside our doctrine, that holiness is got by rules of moral conduct, that holiness is got by rites, that holiness is got by rules of moral conduct and by rites—this kind of opinion, this walking in mere opinion, this jungle of opinion, this wilderness of opinion, this disorder of opinion, scuffling of opinion, Fetter of opinion, the grip and tenacity of it, the inclination towards it, the being infected by it, this by-path, wrong road, wrongness, this sectarianism, this inverted grasp—this is called the perversion as to rule and ritual.",
1-1006,"1006. Katame dhammā dassanena pahātabbā? Tīṇi saṃyojanāni – sakkāyadiṭṭhi, vicikicchā, sīlabbataparāmāso.","These three Fetters, and the vices united with them, and the four skandhas associated with them, as well as the action, bodily, vocal and mental, springing from them—these are the states which are to be put away by insight.",
1-1007,"1007. Tattha katamā sakkāyadiṭṭhi? Idha assutavā puthujjano ariyānaṃ adassāvī ariyadhammassa akovido ariyadhamme avinīto sappurisānaṃ adassāvī sappurisadhammassa akovido sappurisadhamme avinīto rūpaṃ attato samanupassati, rūpavantaṃ vā attānaṃ, attani vā rūpaṃ, rūpasmiṃ vā attānaṃ. Vedanaṃ attato samanupassati, vedanāvantaṃ vā attānaṃ, attani vā vedanaṃ, vedanāya vā attānaṃ. Saññaṃ attato samanupassati, saññāvantaṃ vā attānaṃ, attani vā saññaṃ, saññāya vā attānaṃ. Saṅkhāre attato samanupassati, saṅkhāravantaṃ vā attānaṃ, attani vā saṅkhāre, saṅkhāresu vā attānaṃ. Viññāṇaṃ attato samanupassati, viññāṇavantaṃ vā attānaṃ, attani vā viññāṇaṃ, viññāṇasmiṃ vā attānaṃ. Yā evarūpā diṭṭhi diṭṭhigataṃ diṭṭhigahanaṃ diṭṭhikantāro diṭṭhivisūkāyikaṃ [diṭṭhivisūkāyitaṃ (sī.)] diṭṭhivipphanditaṃ diṭṭhisaṃyojanaṃ gāho paṭiggāho abhiniveso parāmāso kummaggo micchāpatho micchattaṃ titthāyatanaṃ vipariyāsaggāho – ayaṃ vuccati sakkāyadiṭṭhi.","Which are the states that are to be put away by culture?
Whatever lust, hate and dullness still remain, and any vices united with them; the four skandhas that are associated with them; whatever action, bodily, vocal or mental, springs from them.",
1-1008,"1008. Tattha katamā vicikicchā? Satthari kaṅkhati vicikicchati, dhamme kaṅkhati vicikicchati, saṅghe kaṅkhati vicikicchati, sikkhāya kaṅkhati vicikicchati, pubbante kaṅkhati vicikicchati, aparante kaṅkhati vicikicchati, pubbantāparante kaṅkhati vicikicchati, idappaccayatā paṭiccasamuppannesu dhammesu kaṅkhati vicikicchati. Yā evarūpā kaṅkhā kaṅkhāyanā kaṅkhāyitattaṃ vimati vicikicchā dveḷhakaṃ dvedhāpatho saṃsayo anekaṃsaggāho āsappanā parisappanā apariyogāhanā thambhitattaṃ cittassa manovilekho – ayaṃ vuccati vicikicchā.","Which are the states that are to be put away neither by vision nor by culture?
Good and indeterminate states relating to the worlds of Sense, Form or the Formless, or to the life that is Unincluded; the four skandhas; all [material] form, moreover, and unconditioned element.",
1-1009,"1009. Tattha katamo sīlabbataparāmāso? Ito bahiddhā samaṇabrāhmaṇānaṃ ‘sīlena suddhi, vatena suddhi, sīlabbatena suddhī’ti yā evarūpā diṭṭhi diṭṭhigataṃ diṭṭhigahanaṃ diṭṭhikantāro diṭṭhivisūkāyikaṃ diṭṭhivipphanditaṃ diṭṭhisaṃyojanaṃ gāho paṭiggāho abhiniveso parāmāso kummaggo micchāpatho micchattaṃ titthāyatanaṃ vipariyāsaggāho – ayaṃ vuccati sīlabbataparāmāso.","Which are the states the causes of which are to be put away by vision?
The three Fetters, to wit, theory of individuality, perplexity, perversion as to rule and ritual.
In this connexion",
1-1010,1010. Imāni tīṇi saṃyojanāni; tadekaṭṭhā ca kilesā; taṃsampayutto vedanākkhandho…pe… viññāṇakkhandho; taṃsamuṭṭhānaṃ kāyakammaṃ vacīkammaṃ manokammaṃ – ime dhammā dassanena pahātabbā.,What is “theory of individuality”? … [Continue as in §§ 1003 – 1005 ] .,
1-1011,"1011. Katame dhammā bhāvanāya pahātabbā? Avaseso lobho, doso, moho; tadekaṭṭhā ca kilesā; taṃsampayutto vedanākkhandho…pe… viññāṇakkhandho; taṃsamuṭṭhānaṃ kāyakammaṃ, vacīkammaṃ, manokammaṃ – ime dhammā bhāvanāya pahātabbā.","Which are the states the causes of which are to be put away by culture?
Whatever lust, hate and dullness still remain, these are causes that are to be put away by culture. And the vices united with them, the four skandhas associated with them, and the action, bodily, vocal and mental, springing from them—these are states the causes of which are to be put away by culture.",
1-1012,"1012. Katame dhammā neva dassanena na bhāvanāya pahātabbā? Kusalābyākatā dhammā kāmāvacarā, rūpāvacarā, arūpāvacarā, apariyāpannā; vedanākkhandho…pe… viññāṇakkhandho ; sabbañca rūpaṃ, asaṅkhatā ca dhātu – ime dhammā neva dassanena na bhāvanāya pahātabbā.","Which are the states the causes of which are to be put away neither by vision, nor by cultivation?
The afore-mentioned states excepted, all other states, good, bad and indeterminate, relating to the worlds of Sense, Form and the Formless, and to the life that is Unincluded; in other words, the four skandhas; all [material] form, moreover, and unconditioned element.",
1-1013,"1013. Katame dhammā dassanena pahātabbahetukā? Tīṇi saṃyojanāni – sakkāyadiṭṭhi, vicikicchā, sīlabbataparāmāso.","Which are the states that make for the piling up [of rebirth]?
Good and bad co-Intoxicant states relating to the worlds of Sense, Form and the Formless; [in other words], the four skandhas.",
1-1014,1014. Tattha katamā sakkāyadiṭṭhi…pe… ayaṃ vuccati sakkāyadiṭṭhi.,"Which are the states that make for the undoing of rebirth?
The four Paths that are the Unincluded.",
1-1015,1015. Tattha katamā vicikicchā…pe… ayaṃ vuccati vicikicchā.,"Which are the states that make neither for the piling up, nor for the undoing of rebirth?
The results of good and bad states taking effect in the worlds of Sense, Form or the Formless, or in the life that is Unincluded; [in other words], the four skandhas; those inoperative states, moreover, which are neither good nor bad, nor the result of karma; all [material] form also and unconditioned element.",
1-1016,1016. Tattha katamo sīlabbataparāmāso…pe… ayaṃ vuccati sīlabbataparāmāso.,"Which are the states that appertain to training?
The four Paths that are the Unincluded and the three lowest Fruits of the life of the recluse.",
1-1017,"1017. Imāni tīṇi saṃyojanāni; tadekaṭṭhā ca kilesā; taṃsampayutto vedanākkhandho…pe… viññāṇakkhandho; taṃsamuṭṭhānaṃ kāyakammaṃ, vacīkammaṃ, manokammaṃ – ime dhammā dassanena pahātabbahetukā. Tīṇi saṃyojanāni – sakkāyadiṭṭhi, vicikicchā, sīlabbataparāmāso – ime dhammā dassanena pahātabbā. Tadekaṭṭho lobho, doso, moho – ime dhammā dassanena pahātabbahetū. Tadekaṭṭhā ca kilesā; taṃsampayutto vedanākkhandho…pe… viññāṇakkhandho; taṃsamuṭṭhānaṃ kāyakammaṃ, vacīkammaṃ, manokammaṃ – ime dhammā dassanena pahātabbahetukā.","Which are the states not appertaining to training?
The topmost fruit—the fruit that is Arahantship.",
1-1018,"1018. Katame dhammā bhāvanāya pahātabbahetukā? Avaseso lobho, doso, moho – ime dhammā bhāvanāya pahātabbahetū. Tadekaṭṭhā ca kilesā; taṃsampayutto vedanākkhandho…pe… viññāṇakkhandho; taṃsamuṭṭhānaṃ kāyakammaṃ, vacīkammaṃ, manokammaṃ – ime dhammā bhāvanāya pahātabbahetukā.","Which are the states neither appertaining, nor not appertaining to training?
The afore-mentioned states excepted, all other states, good, bad and indeterminate, relating to the worlds of Sense, Form and the Formless; all [material] form also and unconditioned element.",
1-1019,"1019. Katame dhammā neva dassanena na bhāvanāya pahātabbahetukā? Te dhamme ṭhapetvā avasesā kusalākusalābyākatā dhammā kāmāvacarā rūpāvacarā, arūpāvacarā, apariyāpannā; vedanākkhandho, saññākkhandho, saṅkhārakkhandho, viññāṇakkhandho; sabbañca rūpaṃ, asaṅkhatā ca dhātu – ime dhammā neva dassanena na bhāvanāya pahātabbahetukā.","Which are the states that are limited?
All states, good, bad and indeterminate, which relate to the universe of sense; in other words, the five skandhas.",
1-1020,"1020. Katame dhammā ācayagāmino? Sāsavā kusalākusalā dhammā kāmāvacarā, rūpāvacarā, arūpāvacarā; vedanākkhandho…pe… viññāṇakkhandho – ime dhammā ācayagāmino.","Which are the states that are sublime?
States, good, bad and indeterminate, which relate to the worlds of Form and the Formless; [in other words], the four skandhas.",
1-1021,1021. Katame dhammā apacayagāmino? Cattāro maggā apariyāpannā – ime dhammā apacayagāmino.,"Which are the states that are infinite?
The Paths that are the Unincluded, and the Fruits of the Paths, and unconditioned element.",
1-1022,"1022. Katame dhammā neva ācayagāmi na apacayagāmino? Kusalākusalānaṃ dhammānaṃ vipākā kāmāvacarā, rūpāvacarā, arūpāvacarā, apariyāpannā ; vedanākkhandho…pe… viññāṇakkhandho; ye ca dhammā kiriyā neva kusalā nākusalā na ca kammavipākā; sabbañca rūpaṃ, asaṅkhatā ca dhātu – ime dhammā neva ācayagāmi na apacayagāmino.","Which are the states that have limited objects of thought?
Conscious states and their mental properties which arise in connexion with limited matters.",
1-1023,"1023. Katame dhammā sekkhā? Cattāro maggā apariyāpannā, heṭṭhimāni ca tīṇi sāmaññaphalāni – ime dhammā sekkhā.","Which are the states that have sublime objects of thought?
Conscious states and their mental properties which arise in connexion with sublime matters.",
1-1024,1024. Katame dhammā asekkhā? Upariṭṭhimaṃ [uparimaṃ (syā.)] arahattaphalaṃ – ime dhammā asekkhā.,"Which are the states that have infinite objects of thought?
Those emotional, perceptual and active states, as well as those of mind and mental properties, which arise in connexion with infinite things.",
1-1025,"1025. Katame dhammā nevasekkhanāsekkhā? Te dhamme ṭhapetvā, avasesā kusalākusalābyākatā dhammā kāmāvacarā, rūpāvacarā, arūpāvacarā; vedanākkhandho…pe… viññāṇakkhandho; sabbañca rūpaṃ, asaṅkhatā ca dhātu – ime dhammā nevasekkhanāsekkhā.","Which are the states that are base?
The three roots of bad (karma)—greed, hate, dullness—the vices united with them; the four skandhas associated with them; the action, bodily, vocal and mental, springing from them.",
1-1026,1026. Katame dhammā parittā? Sabbeva kāmāvacarā kusalākusalābyākatā dhammā; rūpakkhandho…pe… viññāṇakkhandho – ime dhammā parittā.,"Which are the states that are of medium worth?
Co-Intoxicant states, good, bad and indeterminate, relating to the worlds of Sense, Form and the Formless; [in other words], the four skandhas.",
1-1027,"1027. Katame dhammā mahaggatā? Rūpāvacarā, arūpāvacarā, kusalābyākatā dhammā; vedanākkhandho…pe… viññāṇakkhandho – ime dhammā mahaggatā.","Which are the states that are excellent?
The Paths that are the Unincluded, and the Fruits of the Paths, and unconditioned element.",
1-1028,"1028. Katame dhammā appamāṇā? Apariyāpannā maggā ca, maggaphalāni ca, asaṅkhatā ca dhātu – ime dhammā appamāṇā.","Which are the states the wrongfulness of which is fixed as to its consequences?
The five acts that have immediate results, and those wrong views that are fixed in their consequences.",
1-1029,1029. Katame dhammā parittārammaṇā? Paritte dhamme ārabbha ye uppajjanti cittacetasikā dhammā – ime dhammā parittārammaṇā.,"Which are the states the righteousness of which is fixed as to its consequences?
The four Paths that are the Unincluded.",
1-1030,1030. Katame dhammā mahaggatārammaṇā? Mahaggate dhamme ārabbha ye uppajjanti cittacetasikā dhammā – ime dhammā mahaggatārammaṇā.,"Which are the states that do not entail fixed consequences?
The afore-mentioned states excepted, all other states, good, bad, and indeterminate, relating to the worlds of Sense, Form and the Formless, or to the life that is Unincluded; in other words, the four skandhas; all [material] form, moreover, and unconditioned element.",
1-1031,1031. Katame dhammā appamāṇārammaṇā? Appamāṇe dhamme ārabbha ye uppajjanti cittacetasikā dhammā – ime dhammā appamāṇārammaṇā.,"Which are the states that have the Path as their object of thought?
Conscious states and their mental properties which arise in connexion with the Noble Path.",
1-1032,"1032. Katame dhammā hīnā? Tīṇi akusalamūlāni – lobho, doso, moho; tadekaṭṭhā ca kilesā; taṃsampayutto vedanākkhandho…pe… viññāṇakkhandho; taṃsamuṭṭhānaṃ kāyakammaṃ, vacīkammaṃ, manokammaṃ – ime dhammā hīnā.","Which are the states that are causally dependent upon the Path?
[Firstly] the four skandhas when associated with the stages of the Path as experienced by one who is conversant with the Path (the stages themselves being excepted).",
1-1033,"1033. Katame dhammā majjhimā? Sāsavā kusalābyākatā dhammā kāmāvacarā, rūpāvacarā, arūpāvacarā, rūpakkhandho…pe… viññāṇakkhandho – ime dhammā majjhimā.","[Secondly] the four skandhas when associated with the right views—these being both Path and Cause—of one who is conversant with the Path (the right views themselves being excepted).
[Thirdly] the four skandhas when associated with the states of freedom from lust, hate and dullness peculiar to one who is conversant with the Path.
Now, these [last named] states are the “Path-causes”; the former (the skandhas) are those states which are causally dependent upon the Path.",
1-1034,"1034. Katame dhammā paṇītā? Apariyāpannā maggā ca, maggaphalāni ca, asaṅkhatā ca dhātu – ime dhammā paṇītā.","Which are the causes that are Path-governed?
[Firstly] those conscious states, and their mental properties, which in arising make the Noble Path their governor.
[Secondly] the four skandhas when associated with the investigation carried on by one who is conversant with the Path, and who is cultivating a way wherein investigation is the dominant factor.",
1-1035,"1035. Katame dhammā micchattaniyatā? Pañca kammāni ānantarikāni, yā ca micchādiṭṭhiniyatā – ime dhammā micchattaniyatā.","Which are the states that “have arisen”?
Those states that have been born, have become, have been gotten, created, re-created, made manifest,—that have arisen, have come to pass, have happened, have supervened, have been caused to arise, are classed together among the things that have arisen, to wit, form, feeling, perception, synergies, consciousness.",
1-1036,1036. Katame dhammā sammattaniyatā? Cattāro maggā apariyāpannā – ime dhammā sammattaniyatā.,"Which are the states that have “not arisen”?
Those states that are unborn, have not become, have not been gotten, nor created, nor re-created, nor made manifest; that have not arisen nor come to pass; nor happened, nor supervened; that have not been caused to arise, that are classed together among the things that have not arisen, to wit, forms, feelings, perceptions, synergies, consciousness.",
1-1037,"1037. Katame dhammā aniyatā? Te dhamme ṭhapetvā, avasesā kusalākusalābyākatā dhammā kāmāvacarā, rūpāvacarā, arūpāvacarā, apariyāpannā; vedanākkhandho…pe… viññāṇakkhandho; sabbañca rūpaṃ, asaṅkhatā ca dhātu – ime dhammā aniyatā.","Which are the states that are bound to arise?
The results of those good and bad states related to the worlds of Sense, Form and the Formless, or to the life that is Unincluded, the consequences of which are not yet matured, to wit, the four skandhas and that form due to karma having been wrought which will arise.",
1-1038,1038. Katame dhammā maggārammaṇā? Ariyamaggaṃ ārabbha ye uppajjanti cittacetasikā dhammā – ime dhammā maggārammaṇā.,"Which are the states that are past?
Those states that are past, are extinct, dissolved, changed, terminated, exterminated; are past and classed among the things that are past; in other words, the five skandhas.",
1-1039,"1039. Katame dhammā maggahetukā? Ariyamaggasamaṅgissa maggaṅgāni ṭhapetvā; taṃsampayutto vedanākkhandho…pe… viññāṇakkhandho – ime dhammā maggahetukā. Ariyamaggasamaṅgissa sammādiṭṭhi maggo ceva hetu ca, sammādiṭṭhiṃ ṭhapetvā, taṃsampayutto vedanākkhandho…pe… viññāṇakkhandho – ime dhammā maggahetukā. Ariyamaggasamaṅgissa alobho, adoso, amoho – ime dhammā maggahetū. Taṃsampayutto vedanākkhandho…pe… viññāṇakkhandho – ime dhammā maggahetukā.","Which are the states that are future?
The states that are unborn, that have not become, not been gotten, nor created, nor re-created, nor made manifest; that have not arisen, nor come to pass, nor happened, nor supervened; that have not arrived, and are classed among the things that have not arrived.",
1-1040,1040. Katame dhammā maggādhipatino? Ariyamaggaṃ adhipatiṃ karitvā ye uppajjanti cittacetasikā dhammā – ime dhammā maggādhipatino. Ariyamaggasamaṅgissa vīmaṃsādhipateyyaṃ maggaṃ bhāvayantassa vīmaṃsaṃ ṭhapetvā; taṃsampayutto vedanākkhandho…pe… viññāṇakkhandho – ime dhammā maggādhipatino.,"Which are the things that are present?
Those states that have been born, have become, have been gotten, created, re-created, made manifest; that have arisen, have come to pass, have supervened, have been caused to arise; that have arisen over against and are classed among the things that have so arisen.",
1-1041,"1041. Katame dhammā uppannā? Ye dhammā jātā bhūtā sañjātā nibbattā abhinibbattā pātubhūtā uppannā samuppannā uṭṭhitā samuṭṭhitā uppannā uppannaṃsena saṅgahitā, rūpaṃ [rūpā (bahūsu)], vedanā, saññā, saṅkhārā, viññāṇaṃ – ime dhammā uppannā.","Which are the states that have the past … future … present as their object of thought?
Conscious states and their mental properties which arise in connexion with states that are past … future … present.",
1-1042,"1042. Katame dhammā anuppannā? Ye dhammā ajātā abhūtā asañjātā anibbattā anabhinibbattā apātubhūtā anuppannā asamuppannā anuṭṭhitā asamuṭṭhitā anuppannā anuppannaṃsena saṅgahitā, rūpaṃ, vedanā, saññā, saṅkhārā, viññāṇaṃ – ime dhammā anuppannā.",-,
1-1043,"1043. Katame dhammā uppādino? Kusalākusalānaṃ dhammānaṃ avipakkavipākānaṃ vipākā kāmāvacarā, rūpāvacarā, arūpāvacarā, apariyāpannā; vedanākkhandho…pe… viññāṇakkhandho; yañca rūpaṃ kammassa katattā uppajjissati – ime dhammā uppādino.",-,
1-1044,"1044. Katame dhammā atītā? Ye dhammā atītā niruddhā vigatā vipariṇatā atthaṅgatā abbhatthaṅgatā uppajjitvā vigatā atītā atītaṃsena saṅgahitā, rūpaṃ, vedanā, saññā, saṅkhārā, viññāṇaṃ – ime dhammā atītā.","Which are the states that are personal?
Those states which, for this or that being, are of the self, self-referable, one's own, individual, the issue of grasping; [in other words,] the five skandhas.",
1-1045,"1045. Katame dhammā anāgatā? Ye dhammā ajātā abhūtā asañjātā anibbattā anabhinibbattā apātubhūtā anuppannā asamuppannā anuṭṭhitā asamuṭṭhitā anāgatā anāgataṃsena saṅgahitā, rūpaṃ, vedanā, saññā, saṅkhārā, viññāṇaṃ – ime dhammā anāgatā.","Which are the states that are external?
Those states which, for this or that other being, for other individuals, are of the self, self-referable, their own, individual, grasped at; [in other words,] the five skandhas.",
1-1046,"1046. Katame dhammā paccuppannā? Ye dhammā jātā bhūtā sañjātā nibbattā abhinibbattā pātubhūtā uppannā samuppannā uṭṭhitā samuṭṭhitā paccuppannā paccuppannaṃsena saṅgahitā, rūpaṃ, vedanā, saññā, saṅkhārā, viññāṇaṃ – ime dhammā paccuppannā.","Which are the states that are personal-external?
States which are both [personal and external].",
1-1047,1047. Katame dhammā atītārammaṇā? Atīte dhamme ārabbha ye uppajjanti cittacetasikā dhammā – ime dhammā atītārammaṇā.,"Which are the states that have an object of thought concerning the self … concerning that which is external [to the self] … concerning that which is “personal-external”?
Conscious states and their mental properties, which arise in connexion with states of the self … states that are external … states that are personal-external.",
1-1048,1048. Katame dhammā anāgatārammaṇā? Anāgate dhamme ārabbha ye uppajjanti cittacetasikā dhammā – ime dhammā anāgatārammaṇā.,-,
1-1049,1049. Katame dhammā paccuppannārammaṇā? Paccuppanne dhamme ārabbha ye uppajjanti cittacetasikā dhammā – ime dhammā paccuppannārammaṇā.,-,
1-1050,"1050. Katame dhammā ajjhattā? Ye dhammā tesaṃ tesaṃ sattānaṃ ajjhattaṃ paccattaṃ niyatā pāṭipuggalikā upādiṇṇā, rūpaṃ, vedanā, saññā, saṅkhārā, viññāṇaṃ – ime dhammā ajjhattā.","Which are the states that are both visible and reacting?
The sphere of visible shapes.",
1-1051,"1051. Katame dhammā bahiddhā? Ye dhammā tesaṃ tesaṃ parasattānaṃ parapuggalānaṃ ajjhattaṃ paccattaṃ niyatā pāṭipuggalikā upādiṇṇā, rūpaṃ, vedanā, saññā, saṅkhārā, viññāṇaṃ – ime dhammā bahiddhā.","Which are the states that are invisible, but reacting?
The spheres of the five senses and the spheres of sound, odour, taste, and the tangible.",
1-1052,1052. Katame dhammā ajjhattabahiddhā? Tadubhayaṃ – ime dhammā ajjhattabahiddhā.,"Which are the states that are both invisible and non-reacting?
The four skandhas; that [material] form, moreover, which, being invisible and non-reacting, is yet included in the sphere of [mental] states; also unconditioned element.
[End of] the Triplets.
A Buddhist Manual of Psychological Ethics , a rys_davids of the Dhammasaṅgaṇī, Compendium of States or Phenomena, by Caroline A.F. Rhys Davids and D. Litt., M.A. .
Published by the Pali Text Society in 1900 . Reprinted 1923, 1974, 1993, 2004.
Released by the Pali Text Society under Creative Commons Attribution-NonCommercial 3.0 licence (CC BY-NC 3.0) .
See also the statement under http://",
1-1053,1053. Katame dhammā ajjhattārammaṇā? Ajjhatte dhamme ārabbha ye uppajjanti cittacetasikā dhammā – ime dhammā ajjhattārammaṇā.,"Which are the states that are root-conditions?
The three root-conditions of good (karma).
The three root-conditions of bad (karma).
The three root-conditions of the indeterminate: [these are]
The nine root-conditions operative in the sensuous universe.
The six root-conditions operative in the universe of Form.
The six root-conditions operative in the universe of the Formless.
The six root-conditions operative in the life that is the Unincluded.
(A) In this connexion",
1-1054,1054. Katame dhammā bahiddhārammaṇā? Bahiddhā dhamme ārabbha ye uppajjanti cittacetasikā dhammā – ime dhammā bahiddhārammaṇā.,"Which are the three causes of good (karma)?
Disinterestedness, absence of hate and dullness.
In this connexion,",
1-1055,1055. Katame dhammā ajjhattabahiddhārammaṇā? Ajjhattabahiddhā dhamme ārabbha ye uppajjanti cittacetasikā dhammā – ime dhammā ajjhattabahiddhārammaṇā.,"What is disinterestedness?
The absence of greed, showing greed, greediness is the absence of lust, of lusting, of lustfulness; the absence of covetousness, that absence of greed which is the root of good (karma).",
1-1056,1056. Katame dhammā sanidassanasappaṭighā? Rūpāyatanaṃ – ime dhammā sanidassanasappaṭighā.,"What is the absence of hate?
The absence of hate, hating, hatred; love, loving, loving disposition; tender care, forbearance, considerateness; seeking the [general] good, compassion; the absence of malice, of malignity; that absence of hate which is the root of good (karma).",
1-1057,"1057. Katame dhammā anidassanasappaṭighā? Cakkhāyatanaṃ, sotāyatanaṃ, ghānāyatanaṃ, jivhāyatanaṃ, kāyāyatanaṃ, saddāyatanaṃ, gandhāyatanaṃ , rasāyatanaṃ, phoṭṭhabbāyatanaṃ – ime dhammā anidassanasappaṭighā.","What is the absence of dullness?
Knowledge about ill, about the uprising of ill, about the cessation of ill, and about the way leading to the cessation of ill; knowledge about the former things, about the latter things, about both taken together; knowledge about the assignable causation of causally determined states—even that kind of insight which is understanding, search, research, searching the Truth, etc. [Continue as in § 34 ] . These are the three causes of good (karma).
(B) In this connexion",
1-1058,"1058. Katame dhammā anidassanaappaṭighā? Vedanākkhandho, saññākkhandho, saṅkhārakkhandho, viññāṇakkhandho; yañca rūpaṃ anidassanaṃ appaṭighaṃ dhammāyatanapariyāpannaṃ; asaṅkhatā ca dhātu – ime dhammā anidassanaappaṭighā.
Tikaṃ.","Which are the three causes of bad (karma)?
Greed, hate, dullness.
In this connexion,",
1-1059,"1059. Katame dhammā hetū? Tayo kusalahetū, tayo akusalahetū, tayo abyākatahetū, nava kāmāvacarahetū cha rūpāvacarahetū, cha arūpāvacarahetū, cha apariyāpannahetū.","What is greed?
That which is
lust ( rāgo ),
passion ( sarāgo ),
seducing ( anunayo ),
compliance ( anurodho ),
delighting in ( nandī ),
taking lustful delight in ( nandī-rāgo ),
heart's passion ( cittassasarāgo ),
wanting ( icchā ),
languishing ( mucchā ),
gulping at, devouring ( ajjhosānaṃ ),
cupidity ( gedho ),
voracity ( paligedho ),
cleaving to ( saṇgo ),
a slough ( panko ),
longing ( ejā ),
illusion ( māyā ),
genitrix ( janikā ),
progenitrix ( sañjananī ),
seamstress ( sibbanī ),
she who ensnares ( jālinī ),
the flowing stream ( saritā ),
she who is diffused ( visattikā ),
the thread ( suttaṃ ),
diffusion ( visatā ),
she who urges ( āyūhanī ),
the consort ( dutiyā ),
aiming at ( paniḍhi ),
she who leads to rebirth ( bhavanetti ),
the forest ( vanaṃ ),
the jungle ( vanatho ),
intimacy ( santhavo ),
fondness ( sineho ),
affection ( apekkhā ),
connexion ( paṭibandhu ),
appetite for ( āsā ),
hoping for ( āsiṃsanā ),
anticipation ( āsiṃsitattaṃ ),
appetite for visual shapes ( rūpāsā , etc.), for sounds, for odours, for tastes, for the tangible, for getting, for wealth, for children, for life,
mumbling ( jappā ), mumbling on, and over,
muttering,
murmuring,
self-indulgence ( loluppaṃ ),
self-indulging,
intemperateness,
agitation ( puñcikatā ),
longing for the agreeable ( sādukamyatā ),
incestuous passion ( adhammarāgo ),
lawless greed ( visamalobho ),
wish ( nikanti ),
hungering for ( nikāmanā ),
entreating ( patthanā ),
envying ( pihanā ),
imploring ( sampatthanā ),
craving for sensual indulgence ( kāmataṇhā ), for existence ( bhavataṇhā ), for non-existence ( vibhava-taṇhā ), for [material] form, for immateriality, for annihilation, for visible shapes, for sounds, for smells, for tastes, for the tangible, for mental states ( dhammataṇhā ),
a flood ( ogho ),
a yoke ( yogo ),
a tie ( gantho ),
grasping ( upādānaṃ ),
obstruction ( āvaraṇaṃ ),
hindrance ( nīvaraṇaṃ ),
covering ( chadanaṃ ),
bondage ( bandhanaṃ ),
depravity ( upakkileso ),
latent bias ( anusayo ),
obsession ( pariyuṭṭhānaṃ ),
a creeper ( latā ),
avarice ( vevicchaṃ ),
root of ill,
source of ill ( dukkhanidānaṃ ),
production of ill ( dukkhappabhavo ),
Māra's trap ( mārapāso ),
Māra's fish-hook ( mārabalisaṃ ),
Māra's domain ( māravisayo ),
craving, the flux of craving for ( sandataṇhā ), the fishing-net of ( jalaṃtaṇhā ), the leash of ( gaddulataṇhā ),
the ocean ( samuddo ),
covetousness ( abhijjhā ),
greed as the root of evil—
this is what is called greed.",
1-1060,"1060. Tattha katame tayo kusalahetū? Alobho, adoso, amoho.","What is hate?
When annoyance springs up at the thought: he has done me harm, is doing, will do me harm; he has done harm, is doing harm, will do harm to someone dear and precious to me; he has conferred a benefit, is conferring, will confer a benefit on someone I dislike and object to; or when annoyance springs up groundlessly: all such vexation of spirit, resentment, repugnance, hostility; ill-temper, irritation, indignation; hate, antipathy, abhorrence; mental disorder, detestation; anger, fuming, wrath; hate, hating, hatred; disorder, getting upset, derangement; opposition, hostility; churlishness, abruptness, disgust of heart—this is what is called hate.",
1-1061,1061. Tattha katamo alobho? Yo alobho alubbhanā alubbhitattaṃ asārāgo asārajjanā asārajjitattaṃ anabhijjhā alobho kusalamūlaṃ – ayaṃ vuccati alobho.,"What is dullness?
Lack of knowledge about Ill, lack of knowledge about the uprising of Ill, lack of knowledge about the cessation of Ill, lack of knowledge about the way leading to the cessation of Ill; lack of knowledge about the former things, about the latter things, and about both taken together; lack of knowledge about the assignable causation of causally determined states—even all that kind of lack of knowledge which is lack of insight, of understanding, of comprehension, of enlightenment, of penetration, of grasping, of sounding, of judging, of reflection, of perspicacity; unwisdom, childishness, unintelligence, the dullness that is stupidity, obtuseness, ignorance, a flood of ignorance, the yoke of ignorance, the latent bias of ignorance, the being obsessed by ignorance, the barrier of ignorance, the dullness that is the root of evil—this is called dullness.
These are the three causes of bad [karma].
(C) In this connexion",
1-1062,1062. Tattha katamo adoso? Yo adoso adussanā adussitattaṃ metti mettāyanā mettāyitattaṃ anuddā anuddāyanā anudāyitattaṃ hitesitā anukampā abyāpādo abyāpajjo adoso kusalamūlaṃ – ayaṃ vuccati adoso.,"Which are the three causes of the indeterminate?
The absence of greed, hate and dullness [coming to pass] as the result of good states or as inoperative indeterminates.",
1-1063,"1063. Tattha katamo amoho? Dukkhe ñāṇaṃ, dukkhasamudaye ñāṇaṃ, dukkhanirodhe ñāṇaṃ, dukkhanirodhagāminiyā paṭipadāya ñāṇaṃ, pubbante ñāṇaṃ, aparante ñāṇaṃ, pubbantāparante ñāṇaṃ, idappaccayatā paṭiccasamuppannesu dhammesu ñāṇaṃ, yā evarūpā paññā pajānanā vicayo pavicayo dhammavicayo sallakkhaṇā upalakkhaṇā paccupalakkhaṇā paṇḍiccaṃ kosallaṃ nepuññaṃ vebhabyā cintā upaparikkhā bhūrī medhā pariṇāyikā vipassanā sampajaññaṃ patodo paññā paññindriyaṃ paññābalaṃ paññāsatthaṃ paññāpāsādo paññāāloko paññāobhāso paññāpajjoto paññāratanaṃ amoho dhammavicayo sammādiṭṭhi – ayaṃ vuccati amoho.
Ime tayo kusalahetū.","Which are the nine root-conditions operative in the sensuous universe ( kāmavacarahetū )?
The three roots of good [karma], the three roots of bad [karma], the three roots of indeterminate [states]—these are the nine.",
1-1064,"1064. Tattha katame tayo akusalahetū? Lobho, doso, moho.","Which are the six roots operative in the universe of Form?
The three roots of good [karma], the three roots of indeterminate [states]—these are the six.",
1-1065,1065. Tattha katamo lobho? Yo rāgo sārāgo anunayo anurodho nandī nandīrāgo [nandirāgo (sī.)] cittassa sārāgo icchā mucchā ajjhosānaṃ gedho paligedho saṅgo paṅko ejā māyā janikā sañjananī sibbinī [sibbanī (sī.)] jālinī saritā visattikā suttaṃ visaṭā āyūhinī [āyūhanī (sī. syā.)] dutiyā paṇidhi bhavanetti vanaṃ vanatho santhavo sineho apekkhā paṭibandhu āsā āsisanā āsisitattaṃ [āsiṃsanā āsiṃsitattaṃ (sī. syā.)] rūpāsā saddāsā gandhāsā rasāsā phoṭṭhabbāsā lābhāsā dhanāsā puttāsā jīvitāsā jappā pajappā abhijappā jappā jappanā jappitattaṃ loluppaṃ loluppāyanā loluppāyitattaṃ pucchañjikatā [puñcikatā (syā.) pucchikatā (sī.)] sādhukamyatā adhammarāgo visamalobho nikanti nikāmanā patthanā pihanā sampatthanā kāmataṇhā bhavataṇhā vibhavataṇhā rūpataṇhā arūpataṇhā nirodhataṇhā rūpataṇhā saddataṇhā gandhataṇhā rasataṇhā phoṭṭhabbataṇhā dhammataṇhā ogho yogo gantho upādānaṃ āvaraṇaṃ nīvaraṇaṃ chādanaṃ bandhanaṃ upakkileso anusayo pariyuṭṭhānaṃ latā vevicchaṃ dukkhamūlaṃ dukkhanidānaṃ dukkhappabhavo mārapāso mārabaḷisaṃ māravisayo taṇhānadī taṇhājālaṃ taṇhāgaddulaṃ taṇhāsamuddo abhijjhā lobho akusalamūlaṃ – ayaṃ vuccati lobho.,"Which are the six roots operative in the universe of the Formless?
The three roots of good [karma], the three roots of indeterminate [states]—these are the six.",
1-1066,"1066. Tattha katamo doso? Anatthaṃ me acarīti āghāto jāyati, anatthaṃ me caratīti āghāto jāyati, anatthaṃ me carissatīti āghāto jāyati, piyassa me manāpassa anatthaṃ acari…pe… anatthaṃ carati…pe… anatthaṃ carissatīti āghāto jāyati, appiyassa me amanāpassa atthaṃ acari…pe… atthaṃ carati…pe… atthaṃ carissatīti āghāto jāyati, aṭṭhāne vā pana āghāto jāyati. Yo evarūpo cittassa āghāto paṭighāto paṭighaṃ paṭivirodho kopo pakopo sampakopo doso padoso sampadoso cittassa byāpatti manopadoso kodho kujjhanā kujjhitattaṃ doso dussanā dussitattaṃ byāpatti byāpajjanā byāpajjitattaṃ virodho paṭivirodho caṇḍikkaṃ asuropo anattamanatā cittassa – ayaṃ vuccati doso.","Which are the six roots operative in the Unincluded?
The three roots of good [karma], the three roots of indeterminate [states]—these are the six.
In this connexion,",
1-1067,"1067. Tattha katamo moho? Dukkhe aññāṇaṃ, dukkhasamudaye aññāṇaṃ, dukkhanirodhe aññāṇaṃ, dukkhanirodhagāminiyā paṭipadāya aññāṇaṃ, pubbante aññāṇaṃ, aparante aññāṇaṃ, pubbantāparante aññāṇaṃ, idappaccayatā paṭiccasamuppannesu dhammesu aññāṇaṃ, yaṃ evarūpaṃ aññāṇaṃ adassanaṃ anabhisamayo ananubodho asambodho appaṭivedho asaṃgāhanā apariyogāhanā asamapekkhanā apaccavekkhaṇā apaccakkhakammaṃ dummejjhaṃ bālyaṃ asampajaññaṃ moho pamoho sammoho avijjā avijjogho avijjāyogo avijjānusayo avijjāpariyuṭṭhānaṃ avijjālaṅgī moho akusalamūlaṃ – ayaṃ vuccati moho.
Ime tayo akusalahetū.","Which are the three roots of good [karma]?
The absence of greed, hate and dullness.
In this connexion,",
1-1068,1068. Tattha katame tayo abyākatahetū? Kusalānaṃ vā dhammānaṃ vipākato kiriyābyākatesu vā dhammesu alobho adoso amoho – ime tayo abyākatahetū.,"What is the absence of greed … of hate … of dullness?
Answers as in §§ 1055 – 1057 , omitting, in § 1056 , from “hatred” to “the absence of malice” exclusively.
These are the three root conditions of good [karma].
(D) In this connexion",
1-1069,"1069. Tattha katame nava kāmāvacarahetū? Tayo kusalahetū, tayo akusalahetū, tayo abyākatahetū – ime nava kāmāvacarahetū.",-,
1-1070,"1070. Tattha katame cha rūpāvacarahetū? Tayo kusalahetū, tayo abyākatahetū – ime cha rūpāvacarahetū.",-,
1-1071,"1071. Tattha katame cha arūpāvacarahetū? Tayo kusalahetū, tayo abyākatahetū – ime cha arūpāvacarahetū.","Which are the three roots of indeterminate [states]?
The absence of greed, hate and dullness coming to pass as the effect of good states—these are the three.
These are the six root-conditions operative in the Unincluded.
These are the states which are root-conditions.",
1-1072,"1072. Tattha katame cha apariyāpannahetū? Tayo kusalahetū, tayo abyākatahetū – ime cha apariyāpannahetū.","Which are the states that are not root-conditions?
Every state, good, bad and indeterminate, whether related to the worlds of Sense, of Form, of the Formless, or to the life that is Unincluded, except the states enumerated above; [in other words] the four skandhas; all [material] form also and unconditioned element.",
1-1073,"1073. Tattha katame tayo kusalahetū? Alobho, adoso, amoho.","Which are the states that have root-conditions as concomitants?
Those states, [to wit] the four skandhas, which have as concomitant roots the states enumerated above.",
1-1074,1074. Tattha katamo alobho? Yo alobho alubbhanā alubbhitattaṃ asārāgo asārajjanā asārajjitattaṃ anabhijjhā alobho kusalamūlaṃ – ayaṃ vuccati alobho.,"Which are the states that have not concomitant roots?
Those states, [to wit] the four skandhas, all [material] form also, and unconditioned element, which have not as concomitant roots the states enumerated above.",
1-1075,1075. Tattha katamo adoso? Yo adoso adussanā adussitattaṃ…pe… abyāpādo abyāpajjo adoso kusalamūlaṃ – ayaṃ vuccati adoso.,"Which are the states that are associated with a root-condition?
The states, [to wit] the four skandhas, which are associated with those states enumerated above.",
1-1076,"1076. Tattha katamo amoho ? Dukkhe ñāṇaṃ, dukkhasamudaye ñāṇaṃ, dukkhanirodhe ñāṇaṃ, dukkhanirodhagāminiyā paṭipadāya ñāṇaṃ, pubbante ñāṇaṃ, aparante ñāṇaṃ, pubbantāparante ñāṇaṃ, idappaccayatā paṭiccasamuppannesu dhammesu ñāṇaṃ, yā evarūpā paññā pajānanā vicayo pavicayo dhammavicayo sallakkhaṇā upalakkhaṇā paccupalakkhaṇā paṇḍiccaṃ kosallaṃ nepuññaṃ vebhabyā cintā upaparikkhā bhūrī medhā pariṇāyikā vipassanā sampajaññaṃ patodo paññā paññindriyaṃ paññābalaṃ paññāsatthaṃ paññāpāsādo paññāāloko paññāobhāso paññāpajjoto paññāratanaṃ amoho dhammavicayo sammādiṭṭhi dhammavicayasambojjhaṅgo maggaṅgaṃ maggapariyāpannaṃ – ayaṃ vuccati amoho.
Ime tayo kusalahetū.","Which are the states that are not associated with a root-condition?
The states, [to wit] the four skandhas, all [material] form also, and unconditioned element, which are not associated with the states enumerated above.",
1-1077,1077. Tattha katame tayo abyākatahetū? Kusalānaṃ dhammānaṃ vipākato alobho adoso amoho – ime tayo abyākatahetū. Ime cha apariyāpannahetū – ime dhammā hetū.,"Which are the states that both are root-conditions and have such as their concomitants?
Greed with dullness is both. Dullness with greed is both. Hate with dullness is both. Dullness with hate is both.
The absence of greed, the absence of hate, the absence of dullness—these also, taken one with the other, both are root-conditions and have such as their concomitants.",
1-1078,"1078. Katame dhammā na hetū? Te dhamme ṭhapetvā, avasesā kusalākusalābyākatā dhammā kāmāvacarā, rūpāvacarā, arūpāvacarā, apariyāpannā; vedanākkhandho…pe… viññāṇakkhandho; sabbañca rūpaṃ, asaṅkhatā ca dhātu – ime dhammā na hetū.","Which are the states that have root-conditions as their concomitants, but are not root-conditions?
The states, [to wit] the four skandhas, which have as their concomitant roots those states [enumerated above as roots], the latter states themselves excepted.",
1-1079,1079. Katame dhammā sahetukā? Tehi dhammehi ye dhammā sahetukā vedanākkhandho…pe… viññāṇakkhandho – ime dhammā sahetukā .,Which are the states that are both root-conditions and associated with such?,
1-1080,"1080. Katame dhammā ahetukā? Tehi dhammehi ye dhammā ahetukā vedanākkhandho…pe… viññāṇakkhandho, sabbañca rūpaṃ, asaṅkhatā ca dhātu – ime dhammā ahetukā.","Which are the states that are associated with a root-condition, but are not such?
Answers identical with those in the foregoing pair.",
1-1081,1081. Katame dhammā hetusampayuttā? Tehi dhammehi ye dhammā sampayuttā vedanākkhandho…pe… viññāṇakkhandho – ime dhammā hetusampayuttā.,"Which are the states that are not root-conditions, but have such as their concomitant?
The states, [to wit] the four skandhas, which are not the root-conditions of those states enumerated above, but which have any of them as their concomitants.",
1-1082,"1082. Katame dhammā hetuvippayuttā? Tehi dhammehi ye dhammā vippayuttā vedanākkhandho…pe… viññāṇakkhandho, sabbañca rūpaṃ, asaṅkhatā ca dhātu – ime dhammā hetuvippayuttā.","Which are the states that are not root-conditions and have not such as their concomitants?
The states, [to wit] the four skandhas, all [material] form also, and unconditioned element, which neither are the root-conditions of those states enumerated above, nor have any of them as their concomitants.
The Short Intermediate Set of Pairs ( cūḷantaradukaṃ )",
1-1083,"1083. Katame dhammā hetū ceva sahetukā ca? Lobho mohena hetu ceva sahetuko ca, moho lobhena hetu ceva sahetuko ca, doso mohena hetu ceva sahetuko ca, moho dosena hetu ceva sahetuko ca; alobho adoso amoho, te aññamaññaṃ hetū ceva sahetukā ca – ime dhammā hetū ceva sahetukā ca.","Which are the states that are causally related?
The five skandhas, to wit, the skandhas of [material] form, feeling, perception, synergies and consciousness.",
1-1084,"1084. Katame dhammā sahetukā ceva na ca hetū? Tehi dhammehi ye dhammā sahetukā te dhamme ṭhapetvā, vedanākkhandho…pe… viññāṇakkhandho – ime dhammā sahetukā ceva na ca hetū.","Which are the states that are not causally related?
“And unconditioned element”.",
1-1085,"1085. Katame dhammā hetū ceva hetusampayuttā ca? Lobho mohena hetu ceva hetusampayutto ca, moho lobhena hetu ceva hetusampayutto ca, doso mohena hetu ceva hetusampayutto ca, moho dosena hetu ceva hetusampayutto ca; alobho adoso amoho , te aññamaññaṃ hetū ceva hetusampayuttā ca – ime dhammā hetū ceva hetusampayuttā ca.","Which are the states that are conditioned?
Those states which are causally related.",
1-1086,"1086. Katame dhammā hetusampayuttā ceva na ca hetū? Tehi dhammehi ye dhammā sampayuttā te dhamme ṭhapetvā, vedanākkhandho…pe… viññāṇakkhandho – ime dhammā hetusampayuttā ceva na ca hetū.","Which are the states that are unconditioned?
That state which is not causally related.",
1-1087,1087. Katame dhammā na hetū sahetukā? Tehi dhammehi ye dhammā na hetū sahetukā vedanākkhandho…pe… viññāṇakkhandho – ime dhammā na hetū sahetukā.,"Which are the states that have visibility?
The sphere of [visible] shapes.",
1-1088,"1088. Katame dhammā na hetū ahetukā? Tehi dhammehi ye dhammā na hetū ahetukā vedanākkhandho…pe… viññāṇakkhandho, sabbañca rūpaṃ, asaṅkhatā ca dhātu – ime dhammā na hetū ahetukā.","Which are the states that have no visibility?
The spheres of the senses and sense-objects; the four skandhas; that [material] form also which, being neither visible nor reacting, is included under [mental] states; and unconditioned element.",
1-1089,"1089. Katame dhammā sappaccayā? Pañcakkhandhā – rūpakkhandho, vedanākkhandho, saññākkhandho , saṅkhārakkhandho, viññāṇakkhandho – ime dhammā sappaccayā.","Which are the states that react?
The spheres of the senses and sense-objects.",
1-1090,1090. Katame dhammā appaccayā? Asaṅkhatā dhātu – ime dhammā appaccayā.,"Which are the states that are non-reacting?
The four skandhas; that [material] form also which, being neither visible nor reacting, is included under [mental] states; also unconditioned element.",
1-1091,"1091. Katame dhammā saṅkhatā? Yeva te dhammā sappaccayā, teva te dhammā saṅkhatā.","Which are the states that have [material] form?
The four great principles as well as the [material] form that is derived from the four great phenomena.",
1-1092,"1092. Katame dhammā asaṅkhatā? Yo eva so dhammo appaccayo, so eva so dhammo asaṅkhato.","Which are the states that have no material form?
The four skandhas, and unconditioned element.",
1-1093,1093. Katame dhammā sanidassanā? Rūpāyatanaṃ – ime dhammā sanidassanā .,"Which are the states that are mundane?
Co-Intoxicant states, good, bad and indeterminate, relating to the worlds of Sense, of Form, or of the Formless, [to wit] the five skandhas.",
1-1094,"1094. Katame dhammā anidassanā? Cakkhāyatanaṃ…pe… phoṭṭhabbāyatanaṃ, vedanākkhandho…pe… viññāṇakkhandho, yañca rūpaṃ anidassanaṃ appaṭighaṃ dhammāyatanapariyāpannaṃ, asaṅkhatā ca dhātu – ime dhammā anidassanā.","Which are the states that are supra-mundane?
The Paths that are the Unincluded, and the Fruits of the Paths, and unconditioned element.",
1-1095,1095. Katame dhammā sappaṭighā? Cakkhāyatanaṃ…pe… phoṭṭhabbāyatanaṃ – ime dhammā sappaṭighā.,"Which are the states that are cognizable in one way and not cognizable in another way?
States that are cognizable by sight are not cognizable by hearing; conversely, states that are cognizable by hearing are not cognizable by sight. States that are cognizable by sight are not cognizable by smell … by taste … by body-sensibility, and conversely.
States that are cognizable by hearing are not cognizable by smell … by taste … by body-sensibility … by sight, and conversely.
So for states that are cognizable by smell, by taste, and by body-sensibility.
The Āsava Group ( āsava-gocchakaṃ )",
1-1096,"1096. Katame dhammā appaṭighā? Vedanākkhandho…pe… viññāṇakkhandho, yañca rūpaṃ anidassanaṃ appaṭighaṃ dhammāyatanapariyāpannaṃ, asaṅkhatā ca dhātu – ime dhammā appaṭighā.","Which are the states that are Āsavas?
The four Āsavas, [to wit] the Āsava of sensuality, the Āsava of rebirth, the Āsava of speculative opinion, the Āsava of ignorance.
In this connexion",
1-1097,1097. Katame dhammā rūpino? Cattāro ca mahābhūtā catunnañca mahābhūtānaṃ upādāya rūpaṃ – ime dhammā rūpino.,"What is the Āsava of sensuality?
That sensual desire, sensual passion, sensual delight, sensual craving, sensual fondness, sensual thirst, sensual fever, sensual languishing, sensual rapacity, which is excited by the pleasures of the senses—this is called the Āsava of sensuality.",
1-1098,"1098. Katame dhammā arūpino? Vedanākkhandho…pe… viññāṇakkhandho, asaṅkhatā ca dhātu – ime dhammā arūpino.","What is the Āsava of rebirth?
The desire, the passion for coming into being, delight in coming into being, craving, fondness for coming into being, the fever, the yearning, the hungering to come into being, which is felt concerning rebirths—this is called the Āsava of rebirth.",
1-1099,"1099. Katame dhammā lokiyā? Sāsavā kusalākusalābyākatā dhammā kāmāvacarā, rūpāvacarā, arūpāvacarā, rūpakkhandho…pe… viññāṇakkhandho – ime dhammā lokiyā.","What is the Āsava of speculative opinion?
To hold that the world is eternal, or that it is not eternal, infinite or finite; that the living soul is the body, or that the living soul is a different thing from the body; or that he who has won truth exists after death, or does not exist after death, or both exists and does not exist after death, or neither exists nor does not exist after death—this kind of opinion, this walking in opinion, this jungle of opinion, wilderness of opinion, disorder of opinion, scuffling of opinion, the fetter of opinion, the grip and tenacity of it, the inclination towards it, the being infected by it, this by-path, wrong road, wrongness, this sectarianism, this shiftiness of grasp— this is called the Āsava of speculative opinion. Moreover, the Āsava of speculation includes all false theories.",
1-1100,"1100. Katame dhammā lokuttarā? Apariyāpannā maggā ca, maggaphalāni ca, asaṅkhatā ca dhātu – ime dhammā lokuttarā.","What is the Āsava of ignorance?
Answer as in § 1061 for “dullness”.
These are the states that are Āsavas.",
1-1101,"1101. Katame dhammā kenaci viññeyyā, kenaci na viññeyyā? Ye te dhammā cakkhuviññeyyā , na te dhammā sotaviññeyyā; ye vā pana te dhammā sotaviññeyyā, na te dhammā cakkhuviññeyyā. Ye te dhammā cakkhuviññeyyā, na te dhammā ghānaviññeyyā; ye vā pana te dhammā ghānaviññeyyā, na te dhammā cakkhuviññeyyā. Ye te dhammā cakkhuviññeyyā, na te dhammā jivhāviññeyyā; ye vā pana te dhammā jivhāviññeyyā, na te dhammā cakkhuviññeyyā. Ye te dhammā cakkhuviññeyyā, na te dhammā kāyaviññeyyā; ye vā pana te dhammā kāyaviññeyyā, na te dhammā cakkhuviññeyyā. Ye te dhammā sotaviññeyyā, na te dhammā ghānaviññeyyā; ye vā pana te dhammā ghānaviññeyyā, na te dhammā sotaviññeyyā. Ye te dhammā sotaviññeyyā, na te dhammā jivhāviññeyyā; ye vā pana te dhammā jivhāviññeyyā, na te dhammā sotaviññeyyā. Ye te dhammā sotaviññeyyā, na te dhammā kāyaviññeyyā; ye vā pana te dhammā kāyaviññeyyā na te dhammā sotaviññeyyā. Ye te dhammā sotaviññeyyā, na te dhammā cakkhuviññeyyā; ye vā pana te dhammā cakkhuviññeyyā, na te dhammā sotaviññeyyā. Ye te dhammā ghānaviññeyyā, na te dhammā jivhāviññeyyā; ye vā pana te dhammā jivhāviññeyyā, na te dhammā ghānaviññeyyā. Ye te dhammā ghānaviññeyyā, na te dhammā kāyaviññeyyā; ye vā pana te dhammā kāyaviññeyyā, na te dhammā ghānaviññeyyā. Ye te dhammā ghānaviññeyyā, na te dhammā cakkhuviññeyyā; ye vā pana te dhammā cakkhuviññeyyā, na te dhammā ghānaviññeyyā. Ye te dhammā ghānaviññeyyā, na te dhammā sotaviññeyyā; ye vā pana te dhammā sotaviññeyyā, na te dhammā ghānaviññeyyā. Ye te dhammā jivhāviññeyyā, na te dhammā kāyaviññeyyā; ye vā pana te dhammā kāyaviññeyyā, na te dhammā jivhāviññeyyā. Ye te dhammā jivhāviññeyyā, na te dhammā cakkhuviññeyyā; ye vā pana te dhammā cakkhuviññeyyā, na te dhammā jivhāviññeyyā. Ye te dhammā jivhāviññeyyā, na te dhammā sotaviññeyyā; ye vā pana te dhammā sotaviññeyyā, na te dhammā jivhāviññeyyā. Ye te dhammā jivhāviññeyyā, na te dhammā ghānaviññeyyā; ye vā pana te dhammā ghānaviññeyyā, na te dhammā jivhāviññeyyā. Ye te dhammā kāyaviññeyyā, na te dhammā cakkhuviññeyyā; ye vā pana te dhammā cakkhuviññeyyā, na te dhammā kāyaviññeyyā. Ye te dhammā kāyaviññeyyā, na te dhammā sotaviññeyyā; ye vā pana te dhammā sotaviññeyyā, na te dhammā kāyaviññeyyā. Ye te dhammā kāyaviññeyyā, na te dhammā ghānaviññeyyā; ye vā pana te dhammā ghānaviññeyyā, na te dhammā kāyaviññeyyā. Ye te dhammā kāyaviññeyyā, na te dhammā jivhāviññeyyā; ye vā pana te dhammā jivhāviññeyyā, na te dhammā kāyaviññeyyā. Ime dhammā kenaci viññeyyā kenaci na viññeyyā.",-,
1-1102,"1102. Katame dhammā āsavā? Cattāro āsavā – kāmāsavo, bhavāsavo, diṭṭhāsavo, avijjāsavo.","Which are the states that are not Āsavas?
Every state, good, bad and indeterminate, which is not included in the foregoing, whether relating to the worlds of Sense, Form or the Formless, or to the life that is Unincluded, [to wit] the four skandhas; all [material] form also, and unconditioned element.",
1-1103,1103. Tattha katamo kāmāsavo? Yo kāmesu kāmacchando kāmarāgo kāmanandī kāmataṇhā kāmasineho kāmapariḷāho kāmamucchā kāmajjhosānaṃ – ayaṃ vuccati kāmāsavo.,"Which are the states that can have Āsavas?
Good, bad and indeterminate states, whether relating to the worlds of Sense, Form, or the Formless; [in other words] the five skandhas.",
1-1104,1104. Tattha katamo bhavāsavo? Yo bhavesu bhavachando [bhavacchando (sī. syā.)] bhavarāgo bhavanandī bhavataṇhā bhavasineho bhavapariḷāho bhavamucchā bhavajjhosānaṃ – ayaṃ vuccati bhavāsavo.,"Which are the states that can not have Āsavas?
The Paths that are the Unincluded, and the Fruits of the Paths, and unconditioned element.",
1-1105,"1105. Tattha katamo diṭṭhāsavo? Sassato lokoti vā, asassato lokoti vā, antavā lokoti vā, anantavā lokoti vā, taṃ jīvaṃ taṃ sarīranti vā, aññaṃ jīvaṃ aññaṃ sarīranti vā, hoti tathāgato paraṃ maraṇāti vā, na hoti tathāgato paraṃ maraṇāti vā, hoti ca na ca hoti tathāgato paraṃ maraṇāti vā, neva hoti na na hoti tathāgato paraṃ maraṇāti vā; yā evarūpā diṭṭhi diṭṭhigataṃ diṭṭhigahanaṃ diṭṭhikantāro diṭṭhivisūkāyikaṃ diṭṭhivipphanditaṃ diṭṭhisaṃyojanaṃ gāho paṭiggāho abhiniveso parāmāso kummaggo micchāpatho micchattaṃ titthāyatanaṃ vipariyāsaggāho – ayaṃ vuccati diṭṭhāsavo. Sabbāpi micchādiṭṭhi diṭṭhāsavo.","Which are the states that are “associated with Āsavas”?
The states which are associated with those states, [to wit] the four skandhas.",
1-1106,"1106. Tattha katamo avijjāsavo? Dukkhe aññāṇaṃ, dukkhasamudaye aññāṇaṃ, dukkhanirodhe aññāṇaṃ, dukkhanirodhagāminiyā paṭipadāya aññāṇaṃ , pubbante aññāṇaṃ, aparante aññāṇaṃ, pubbantāparante aññāṇaṃ, idappaccayatā paṭiccasamuppannesu dhammesu aññāṇaṃः yaṃ evarūpaṃ aññāṇaṃ adassanaṃ anabhisamayo ananubodho asambodho appaṭivedho asaṃgāhanā apariyogāhanā asamapekkhanā apaccavekkhaṇā apaccakkhakammaṃ dummejjhaṃ bālyaṃ asampajaññaṃ moho pamoho sammoho avijjā avijjogho avijjāyogo avijjānusayo avijjāpariyuṭṭhānaṃ avijjālaṅgī moho akusalamūlaṃ – ayaṃ vuccati avijjāsavo.
Ime dhammā āsavā.","Which are the states that are “disconnected with Āsavas”?
The states which are disconnected with those states, [to wit] the four skandhas; all [material] form also, and unconditioned element.",
1-1107,"1107. Katame dhammā no āsavā? Te dhamme ṭhapetvā avasesā kusalākusalābyākatā dhammā kāmāvacarā, rūpāvacarā, arūpāvacarā, apariyāpannā vedanākkhandho…pe… viññāṇakkhandho; sabbañca rūpaṃ asaṅkhatā ca dhātu – ime dhammā no āsavā.","Which are the states that are both Āsavas and can have Āsavas?
The Āsavas themselves.",
1-1108,"1108. Katame dhammā sāsavā? Kusalākusalābyākatā dhammā kāmāvacarā, rūpāvacarā, arūpāvacarā; rūpakkhandho…pe… viññāṇakkhandho – ime dhammā sāsavā.","Which are the states that can have Āsavas, but are not Āsavas?
The states which have the foregoing states ( § 1096 ) as their concomitants; that is to say, with the exception of the Āsavas, all states whatever, good, bad and indeterminate, which can have Āsavas, whether they relate to the worlds of Sense, of Form or of the Formless; [in other words] the five skandhas.",
1-1109,"1109. Katame dhammā anāsavā? Apariyāpannā maggā ca maggaphalāni ca, asaṅkhatā ca dhātu – ime dhammā anāsavā.","Which are the states that are both Āsavas and associated with Āsavas?
The Āsavas of sensuality together with that of ignorance, and conversely. The Āsava of rebirth together with that of ignorance, and conversely. The Āsava of speculative opinion together with that of ignorance, and conversely.",
1-1110,1110. Katame dhammā āsavasampayuttā? Tehi dhammehi ye dhammā sampayuttā vedanākkhandho…pe… viññāṇakkhandho – ime dhammā āsavasampayuttā.,"Which are the states that are associated with Āsavas but are not Āsavas?
The states which are associated with the foregoing states ( § 1096 )—the latter themselves excepted—[to wit] the four skandhas.",
1-1111,"1111. Katame dhammā āsavavippayuttā? Tehi dhammehi ye dhammā vippayuttā vedanākkhandho…pe… viññāṇakkhandho; sabbañca rūpaṃ, asaṅkhatā ca dhātu – ime dhammā āsavavippayuttā.","Which are the states that are disconnected with Āsavas but can have Āsavas?
The states which are disconnected with those above-named states ( § 1096 ) but which, good, bad, or indeterminate, have them as concomitants, whether they belong to the worlds of Sense, of Form, or of the Formless, [to wit] the five skandhas.",
1-1112,1112. Katame dhammā āsavā ceva sāsavā ca? Teyeva āsavā āsavā ceva sāsavā ca.,"Which are the states that are disconnected with Āsavas and can not have Āsavas?
The Paths that are the Unincluded and the Fruits of the Paths and uncompounded element.
The Group of the Fetters ( saṃyojana-gocchakaṃ )",
1-1113,"1113. Katame dhammā sāsavā ceva no ca āsavā? Tehi dhammehi ye dhammā sāsavā, te dhamme ṭhapetvā avasesā sāsavā kusalākusalābyākatā dhammā kāmāvacarā, rūpāvacarā , arūpāvacarā; rūpakkhandho…pe… viññāṇakkhandho – ime dhammā sāsavā ceva no ca āsavā.","Which are the states that are Fetters?
The ten Fetters, to wit, the Fetter of
sensuality,
repulsion,
conceit,
speculative opinion,
perplexity,
perversion as to rule and ritual,
the passion for rebirth,
envy,
meanness,
ignorance.
In this connexion,",
1-1114,"1114. Katame dhammā āsavā ceva āsavasampayuttā ca? Kāmāsavo avijjāsavena āsavo ceva āsavasampayutto ca, avijjāsavo kāmāsavena āsavo ceva āsavasampayutto ca, bhavāsavo avijjāsavena āsavo ceva āsavasampayutto ca, avijjāsavo bhavāsavena āsavo ceva āsavasampayutto ca, diṭṭhāsavo avijjāsavena āsavo ceva āsavasampayutto ca, avijjāsavo diṭṭhāsavena āsavo ceva āsavasampayutto ca – ime dhammā āsavā ceva āsavasampayuttā ca.","What is the Fetter of sensual passion?
That sensual desire, sensual passion, sensual delight, sensual craving, sensual fondness, sensual fever, sensual languor, sensual rapacity, which is excited by the pleasures of the senses—this is called the Fetter of sensuality.",
1-1115,"1115. Katame dhammā āsavasampayuttā ceva no ca āsavā? Tehi dhammehi ye dhammā sampayuttā, te dhamme ṭhapetvā vedanākkhandho…pe… viññāṇakkhandho – ime dhammā āsavasampayuttā ceva no ca āsavā.","What is the Fetter of repulsion?
Answer as for “hate”, § 1060 .",
1-1116,"1116. Katame dhammā āsavavippayuttā sāsavā? Tehi dhammehi ye dhammā vippayuttā sāsavā kusalākusalābyākatā dhammā kāmāvacarā, rūpāvacarā, arūpāvacarā, rūpakkhandho…pe… viññāṇakkhandho – ime dhammā āsavavippayuttā sāsavā.","What is the Fetter of conceit?
Conceit at the thought “I am the better man”; conceit at the thought “I am as good [as they]”; conceit at the thought “I am lowly”—all such sort of conceit, overweening conceitedness, loftiness, haughtiness, flaunting a flag, assumption, desire of the heart for self-advertisement—this is called conceit.",
1-1117,"1117. Katame dhammā āsavavippayuttā anāsavā? Apariyāpannā maggā ca, maggaphalāni ca, asaṅkhatā ca dhātu – ime dhammā āsavavippayuttā anāsavā.
Nikkhepakaṇḍe paṭhamabhāṇavāro.","What is the Fetter of speculative opinion?
Answer as for the “Intoxicant of speculative opinion”, § 1099 , with this supplement: And, with the exception of the “Fetter of perversion as to rule and ritual”, all wrong views are included in the Fetter of speculative opinion.",
1-1118,"1118. Katame dhammā saṃyojanā? Dasa saṃyojanāni – kāmarāgasaṃyojanaṃ, paṭighasaṃyojanaṃ , mānasaṃyojanaṃ, diṭṭhisaṃyojanaṃ, vicikicchāsaṃyojanaṃ, sīlabbataparāmāsasaṃyojanaṃ, bhavarāgasaṃyojanaṃ, issāsaṃyojanaṃ, macchariyasaṃyojanaṃ, avijjāsaṃyojanaṃ.","What is the Fetter of perplexity?
Answer as for “perplexity”, § 1004 .",
1-1119,1119. Tattha katamaṃ kāmarāgasaṃyojanaṃ? Yo kāmesu kāmacchando kāmarāgo kāmanandī kāmataṇhā kāmasineho kāmapariḷāho kāmamucchā kāmajjhosānaṃ – idaṃ vuccati kāmarāgasaṃyojanaṃ.,"What is the Fetter of perversion as to rule and ritual?
Answer as for “perversion”, etc., § 1005 .",
1-1120,"1120. Tattha katamaṃ paṭighasaṃyojanaṃ? Anatthaṃ me acarīti āghāto jāyati, anatthaṃ me caratīti āghāto jāyati, anatthaṃ me carissatīti āghāto jāyati, piyassa me manāpassa anatthaṃ acari…pe… anatthaṃ carati…pe… anatthaṃ carissatīti āghāto jāyati, appiyassa me amanāpassa atthaṃ acari…pe… atthaṃ carati…pe… atthaṃ carissatīti āghāto jāyati, aṭṭhāne vā pana āghāto jāyati. Yo evarūpo cittassa āghāto paṭighāto paṭighaṃ paṭivirodho kopo pakopo sampakopo doso padoso sampadoso cittassa byāpatti manopadoso kodho kujjhanā kujjhitattaṃ doso dussanā dussitattaṃ byāpatti byāpajjanā byāpajjitattaṃ virodho paṭivirodho caṇḍikkaṃ asuropo anattamanatā cittassa – idaṃ vuccati paṭighasaṃyojanaṃ.","What is the Fetter of the passion for rebirth?
Answer as for the “Intoxicant of rebirth”, § 1098 .",
1-1121,"1121. Tattha katamaṃ mānasaṃyojanaṃ? Seyyohamasmīti māno, sadisohamasmīti māno, hīnohamasmīti māno. Yo evarūpo māno maññanā maññitattaṃ unnati unnamo [uṇṇati uṇṇāmo (syā.)] dhajo sampaggāho ketukamyatā cittassa – idaṃ vuccati mānasaṃyojanaṃ.","What is the Fetter of envy ( issāsaṃyojanaṃ )?
Envy, envying, enviousness—jealousy, the expression and mood of jealousy at the gifts, the hospitality, the respect, affection, reverence and worship accruing to others—this is called the Fetter of envy.",
1-1122,"1122. Tattha katamaṃ diṭṭhisaṃyojanaṃ? Sassato lokoti vā, asassato lokoti vā, antavā lokoti vā, anantavā lokoti vā, taṃ jīvaṃ taṃ sarīranti vā, aññaṃ jīvaṃ aññaṃ sarīranti vā, hoti tathāgato paraṃ maraṇāti vā, na hoti tathāgato paraṃ maraṇāti vā, hoti ca na ca hoti tathāgato paraṃ maraṇāti vā, neva hoti na na hoti tathāgato paraṃ maraṇāti vā; yā evarūpā diṭṭhi diṭṭhigataṃ diṭṭhigahanaṃ diṭṭhikantāro diṭṭhivisūkāyikaṃ diṭṭhivipphanditaṃ diṭṭhisaṃyojanaṃ gāho paṭiggāho abhiniveso parāmāso kummaggo micchāpatho micchattaṃ titthāyatanaṃ vipariyāsaggāho – idaṃ vuccati diṭṭhisaṃyojanaṃ. Ṭhapetvā sīlabbataparāmāsasaṃyojanaṃ sabbāpi micchādiṭṭhi diṭṭhisaṃyojanaṃ.","What is the Fetter of meanness ( maccharisaṃyojanaṃ )?
The Five Meannesses, [to wit] meanness as regards dwelling, families, gifts, reputation, doctrine—all this sort of mean , grudging, mean spirit, avarice and ignobleness, niggardliness and want of generosity of heart—this is called the Fetter of meanness.",
1-1123,"1123. Tattha katamaṃ vicikicchāsaṃyojanaṃ? Satthari kaṅkhati vicikicchati, dhamme kaṅkhati vicikicchati, saṅghe kaṅkhati vicikicchati, sikkhāya kaṅkhati vicikicchati, pubbante kaṅkhati vicikicchati, aparante kaṅkhati vicikicchati, pubbantāparante kaṅkhati vicikicchati, idappaccayatā paṭiccasamuppannesu dhammesu kaṅkhati vicikicchatiः yā evarūpā kaṅkhā kaṅkhāyanā kaṅkhāyitattaṃ vimati vicikicchā dveḷhakaṃ dvedhāpatho saṃsayo anekaṃsaggāho āsappanā parisappanā apariyogāhanā thambhitattaṃ cittassa manovilekho – idaṃ vuccati vicikicchāsaṃyojanaṃ.","What is the Fetter of ignorance?
Answer as for the Intoxicant of ignorance, § 1100 .
These are the states that are Fetters.",
1-1124,1124. Tattha katamaṃ sīlabbataparāmāsasaṃyojanaṃ? Ito bahiddhā samaṇabrāhmaṇānaṃ sīlena suddhi vatena suddhi sīlabbatena suddhīti; yā evarūpā diṭṭhi diṭṭhigataṃ diṭṭhigahanaṃ diṭṭhikantāro diṭṭhivisūkāyikaṃ diṭṭhivipphanditaṃ diṭṭhisaṃyojanaṃ gāho patiṭṭhāho abhiniveso parāmāso kummaggo micchāpatho micchattaṃ titthāyatanaṃ vipariyāsaggāho – idaṃ vuccati sīlabbataparāmāsasaṃyojanaṃ.,"Which are the states that are not Fetters?
Every state, good, bad and indeterminate, which is not included in the foregoing [ten] states, whether it relates to the worlds of Sense, or of Form, or of the Formless, or to the life that is Unincluded; [in other words] the four skandhas; all form also, and unconditioned element.
Which are the states that are",
1-1125,1125. Tattha katamaṃ bhavarāgasaṃyojanaṃ? Yo bhavesu bhavachando bhavarāgo bhavanandī bhavataṇhā bhavasineho bhavapariḷāho bhavamucchā bhavajjhosānaṃ – idaṃ vuccati bhavarāgasaṃyojanaṃ.,"favourable to the Fetters?
Co-Intoxicant states, good, bad and indeterminate, relating to the worlds of Sense, Form, or the Formless; [in other words] the five skandhas.",
1-1126,1126. Tattha katamaṃ issāsaṃyojanaṃ? Yā paralābhasakkāragarukāramānanavandanapūjanāsu issā issāyanā issāyitattaṃ usūyā usūyanā usūyitattaṃ [ussuyā ussuyanā ussuyitattaṃ (ka.)] – idaṃ vuccati issāsaṃyojanaṃ.,"unfavourable to the Fetters?
The Paths that are the Unincluded and the Fruits of the Paths, and unconditioned element.
Which are the states that are",
1-1127,"1127. Tattha katamaṃ macchariyasaṃyojanaṃ? Pañca macchariyāni – āvāsamacchariyaṃ, kulamacchariyaṃ, lābhamacchariyaṃ, vaṇṇamacchariyaṃ, dhammamacchariyaṃ. Yaṃ evarūpaṃ maccheraṃ maccharāyanā maccharāyitattaṃ vevicchaṃ kadariyaṃ kaṭukañcukatā aggahitattaṃ cittassa – idaṃ vuccati macchariyasaṃyojanaṃ.",associated with the Fetters?,
1-1128,"1128. Tattha katamaṃ avijjāsaṃyojanaṃ? Dukkhe aññāṇaṃ, dukkhasamudaye aññāṇaṃ, dukkhanirodhe aññāṇaṃ, dukkhanirodhagāminiyā paṭipadāya aññāṇaṃ, pubbante aññāṇaṃ, aparante aññāṇaṃ, pubbantāparante aññāṇaṃ, idappaccayatā paṭiccasamuppannesu dhammesu aññāṇaṃः yaṃ evarūpaṃ aññāṇaṃ adassanaṃ anabhisamayo ananubodho asambodho appaṭivedho asaṃgāhanā apariyogāhanā asamapekkhanā apaccavekkhaṇā apaccakkhakammaṃ dummejjhaṃ bālyaṃ asampajaññaṃ moho pamoho sammoho avijjā avijjogho avijjāyogo avijjānusayo avijjāpariyuṭṭhānaṃ avijjālaṅgī moho akusalamūlaṃ – idaṃ vuccati avijjāsaṃyojanaṃ.
Ime dhammā saṃyojanā.","disconnected with the Fetters?
Answers identical with those given to corresponding questions respecting the “Āsavas”. § 1105 , § 1106 .
Which are the states that are",
1-1129,"1129. Katame dhammā no saṃyojanā? Te dhamme ṭhapetvā avasesā kusalākusalābyākatā dhammā kāmāvacarā, rūpāvacarā, arūpāvacarā, apariyāpannā; vedanākkhandho…pe… viññāṇakkhandho; sabbañca rūpaṃ, asaṅkhatā ca dhātu – ime dhammā no saṃyojanā.","both Fetters and favourable to the Fetters?
The Fetters themselves are both",
1-1130,"1130. Katame dhammā saṃyojaniyā? Sāsavā kusalākusalābyākatā dhammā kāmāvacarā, rūpāvacarā, arūpāvacarā; rūpakkhandho…pe… viññāṇakkhandho – ime dhammā saṃyojaniyā.","favourable to the Fetters but not themselves Fetters?
The states which are favourable to those [ten] states afore-named; that is to say, with the exception of the Fetters themselves, all co-Āsava states whatever, good, bad and indeterminate, whether relating to the worlds of Sense, Form or the Formless; [in other words] the five skandhas.
Which are the states that are",
1-1131,"1131. Katame dhammā asaṃyojaniyā? Apariyāpannā maggā ca, maggaphalāni ca, asaṅkhatā ca dhātu – ime dhammā asaṃyojaniyā.","both Fetters and associated with Fetters?
The Fetter of sensuality in conjunction with the Fetter of ignorance,and conversely, is both. So is any one of the remaining eight Fetters when in conjunction with the Fetter of ignorance, and conversely.",
1-1132,1132. Katame dhammā saṃyojanasampayuttā? Tehi dhammehi ye dhammā sampayuttā vedanākkhandho…pe… viññāṇakkhandho – ime dhammā saṃyojanasampayuttā.,"associated with the Fetters but not a Fetter?
The states which are associated with those ten states afore-named, with the exception of the Fetters themselves; [in other words] the four skandhas.
Which are the states that are",
1-1133,"1133. Katame dhammā saṃyojanavippayuttā? Tehi dhammehi ye dhammā vippayuttā vedanākkhandho…pe… viññāṇakkhandho; sabbañca rūpaṃ, asaṅkhatā ca dhātu – ime dhammā saṃyojanavippayuttā.","disconnected with the Fetters yet favourable to them?
The states which are disconnected with those aforementioned [ten] states, that is to say, good, bad and indeterminate states which are co-Āsava, whether they relate to the worlds of Sense, or of Form, or of the Formless; [in other words] the five skandhas.",
1-1134,1134. Katame dhammā saṃyojanā ceva saṃyojaniyā ca? Tāneva saṃyojanāni saṃyojanā ceva saṃyojaniyā ca.,"disconnected with the Fetters and not favourable to them?
The Paths that are the Unincluded and the Fruits of the Paths; all form also, and unconditioned element.
The Group of the Ties ( gantha-gocchakaṃ )",
1-1135,"1135. Katame dhammā saṃyojaniyā ceva no ca saṃyojanā? Tehi dhammehi ye dhammā saṃyojaniyā, te dhamme ṭhapetvā avasesā sāsavā kusalākusalābyākatā dhammā kāmāvacarā, rūpāvacarā, arūpāvacarā; rūpakkhandho…pe… viññāṇakkhandho – ime dhammā saṃyojaniyā ceva no ca saṃyojanā.","Which are the states that are Ties?
The four Ties, to wit, the bodily Tie of covetousness, the bodily Tie of ill-will, the bodily Tie of perversion as to rule and ritual, the bodily Tie of the disposition to dogmatize.
In this connexion,",
1-1136,"1136. Katame dhammā saṃyojanā ceva saṃyojanasampayuttā ca? Kāmarāgasaṃyojanaṃ avijjāsaṃyojanena saṃyojanañceva saṃyojanasampayuttañca, avijjāsaṃyojanaṃ kāmarāgasaṃyojanena saṃyojanañceva saṃyojanasampayuttañca, paṭighasaṃyojanaṃ avijjāsaṃyojanena saṃyojanañceva saṃyojanasampayuttañca, avijjāsaṃyojanaṃ paṭighasaṃyojanena saṃyojanañceva saṃyojanasampayuttañca, mānasaṃyojanaṃ avijjāsaṃyojanena saṃyojanañceva saṃyojanasampayuttañca, avijjāsaṃyojanaṃ mānasaṃyojanena saṃyojanañceva saṃyojanasampayuttañca, diṭṭhisaṃyojanaṃ avijjāsaṃyojanena saṃyojanañceva saṃyojanasampayuttañca, avijjāsaṃyojanaṃ diṭṭhisaṃyojanena saṃyojanañceva saṃyojanasampayuttañca, vicikicchāsaṃyojanaṃ avijjāsaṃyojanena saṃyojanañceva saṃyojanasampayuttañca, avijjāsaṃyojanaṃ vicikicchāsaṃyojanena saṃyojanañceva saṃyojanasampayuttañca, sīlabbataparāmāsasaṃyojanaṃ avijjāsaṃyojanena saṃyojanañceva saṃyojanasampayuttañca, avijjāsaṃyojanaṃ sīlabbataparāmāsasaṃyojanena saṃyojanañceva saṃyojanasampayuttañca, bhavarāgasaṃyojanaṃ avijjāsaṃyojanena saṃyojanañceva saṃyojanasampayuttañca, avijjāsaṃyojanaṃ bhavarāgasaṃyojanena saṃyojanañceva saṃyojanasampayuttañca, issāsaṃyojanaṃ avijjāsaṃyojanena saṃyojanañceva saṃyojanasampayuttañca, avijjāsaṃyojanaṃ issāsaṃyojanena saṃyojanañceva saṃyojanasampayuttañca, macchariyasaṃyojanaṃ avijjāsaṃyojanena saṃyojanañceva saṃyojanasampayuttañca, avijjāsaṃyojanaṃ macchariyasaṃyojanena saṃyojanañceva saṃyojanasampayuttañca – ime dhammā saṃyojanā ceva saṃyojanasampayuttā ca.","What is the bodily Tie of covetousness ( abhijjhā kāyagantho )?
Answer as for “lust”, § 1059 .",
1-1137,"1137. Katame dhammā saṃyojanasampayuttā ceva no ca saṃyojanā? Tehi dhammehi ye dhammā sampayuttā, te dhamme ṭhapetvā vedanākkhandho…pe… viññāṇakkhandho – ime dhammā saṃyojanasampayuttā ceva no ca saṃyojanā.","What is the bodily Tie of ill-will ( vyāpādo kāyagantho )?
Answer as for “hate”, § 1060 .",
1-1138,"1138. Katame dhammā saṃyojanavippayuttā saṃyojaniyā? Tehi dhammehi ye dhammā vippayuttā sāsavā kusalākusalābyākatā dhammā kāmāvacarā, rūpāvacarā, arūpāvacarā; rūpakkhandho…pe… viññāṇakkhandho – ime dhammā saṃyojanavippayuttā saṃyojaniyā.","What is the bodily Tie of perversion as to rule and ritual?
Answer as in § 1005 , and, § 1119 , for the Fetter so-called.",
1-1139,"1139. Katame dhammā saṃyojanavippayuttā asaṃyojaniyā? Apariyāpannā maggā ca, maggaphalāni ca, asaṅkhatā ca dhātu – ime dhammā saṃyojanavippayuttā asaṃyojaniyā.","What is the bodily Tie of the disposition to dogmatize?
“‘The world is eternal!’—this is true, all else is false! ‘The world is not eternal’—this is true, all else is false! ‘The world is finite … is infinite’—this is true, all else is false! ‘The living soul is the body … is a different thing from the body’—this is true, all else is false! ‘He who has won truth exists after death … does not exist after death … both exists and does not exist after death … neither exists nor does not exist after death’—this is true, all else is false!”—this kind of opinion, this walking in opinion, this jungle of opinion, wilderness of opinion, disorder of opinion, scuffling of opinion, this Fetter of opinion, the grip and tenacity of it, the inclination towards it, the being infected by it, this by-path, wrong road, wrongness, this sectarianism, this shiftiness of grasp—this is called the bodily Tie of the inclination to dogmatize.
And, excepting only the bodily Tie of perversion as to rule and ritual, all wrong views are included under the bodily Tie of the disposition to dogmatize.
These are the states which are Ties.",
1-1140,"1140. Katame dhammā ganthā? Cattāro ganthā – abhijjhā kāyagantho, byāpādo kāyagantho, sīlabbataparāmāso kāyagantho, idaṃ saccābhiniveso kāyagantho.","Which are the states that are not Ties?
Every state, good, bad and indeterminate, which is not included in the foregoing [four] states, whether it relates to the worlds of Sense or of Form, or of the Formless, or to the life that is Unincluded; [in other words] the four skandhas; all form also, and unconditioned element.
Which are the states that",
1-1141,1141. Tattha katamo abhijjhā kāyagantho? Yo rāgo sārāgo anunayo anurodho nandī nandīrāgo cittassa sārāgo icchā mucchā ajjhosānaṃ gedho paligedho saṅgo paṅko ejā māyā janikā sañjananī sibbinī jālinī saritā visattikā suttaṃ visaṭā āyūhinī dutiyā paṇidhi bhavanetti vanaṃ vanatho santhavo sineho apekkhā paṭibandhu āsā āsisanā āsisitattaṃ rūpāsā saddāsā gandhāsā rasāsā phoṭṭhabbāsā lābhāsā dhanāsā puttāsā jīvitāsā jappā pajappā abhijappā jappā jappanā jappitattaṃ loluppaṃ loluppāyanā loluppāyitattaṃ pucchañjikatā sādhukamyatā adhammarāgo visamalobho nikanti nikāmanā patthanā pihanā sampatthanā kāmataṇhā bhavataṇhā vibhavataṇhā rūpataṇhā arūpataṇhā nirodhataṇhā rūpataṇhā saddataṇhā gandhataṇhā rasataṇhā phoṭṭhabbataṇhā dhammataṇhā ogho yogo gantho upādānaṃ āvaraṇaṃ nīvaraṇaṃ chādanaṃ bandhanaṃ upakkileso anusayo pariyuṭṭhānaṃ latā vevicchaṃ dukkhamūlaṃ dukkhanidānaṃ dukkhappabhavo mārapāso mārabaḷisaṃ māravisayo taṇhānadī taṇhājālaṃ taṇhāgaddulaṃ taṇhāsamuddo abhijjhā lobho akusalamūlaṃ – ayaṃ vuccati abhijjhā kāyagantho.,"tend to become tied?
Good, bad and indeterminate states, relating to the worlds of Sense, of Form, or of the Formless, which are co-Āsava; [in other words] the five skandhas.",
1-1142,"1142. Tattha katamo byāpādo kāyagantho? Anatthaṃ me acarī ti āghāto jāyati, anatthaṃ me caratīti āghāto jāyati, anatthaṃ me carissatīti āghāto jāyati, piyassa me manāpassa anatthaṃ acari…pe… anatthaṃ carati…pe… anatthaṃ carissatīti āghāto jāyati, appiyassa me amanāpassa atthaṃ acari…pe… atthaṃ carati…pe… atthaṃ carissatīti āghāto jāyati, aṭṭhāne vā pana āghāto jāyati. Yo evarūpo cittassa āghāto paṭighāto paṭighaṃ paṭivirodho kopo pakopo sampakopo doso padoso sampadoso cittassa byāpatti manopadoso kodho kujjhanā kujjhitattaṃ doso dussanā dussitattaṃ byāpatti byāpajjanā byāpajjitattaṃ virodho paṭivirodho caṇḍikkaṃ asuropo anattamanatā cittassa – ayaṃ vuccati byāpādo kāyagantho.","do not tend to become tied?
The Paths that are the Unincluded and the Fruits of the Paths, and unconditioned element.
Which are the states that are",
1-1143,"1143. Tattha katamo sīlabbataparāmāso kāyagantho? Ito bahiddhā samaṇabrāhmaṇānaṃ sīlena suddhi, vatena suddhi, sīlabbatena suddhītiः yā evarūpā diṭṭhi diṭṭhigataṃ diṭṭhigahanaṃ diṭṭhikantāro diṭṭhivisūkāyikaṃ diṭṭhivipphanditaṃ diṭṭhisaṃyojanaṃ gāho patiṭṭhāho abhiniveso parāmāso kummaggo micchāpatho micchattaṃ titthāyatanaṃ vipariyāsaggāho – ayaṃ vuccati sīlabbataparāmāso kāyagantho.","associated with the Ties?
The states connected with those four afore-named states; [in other words] the four skandhas.",
1-1144,"1144. Tattha katamo idaṃsaccābhiniveso kāyagantho? Sassato loko, idameva saccaṃ moghamaññanti vā; asassato loko, idameva saccaṃ moghamaññanti vā; antavā loko, idameva saccaṃ moghamaññanti vā; anantavā loko, idameva saccaṃ moghamaññanti vā; taṃ jīvaṃ taṃ sarīraṃ, idameva saccaṃ moghamaññanti vā; aññaṃ jīvaṃ aññaṃ sarīraṃ, idameva saccaṃ moghamaññanti vā; hoti tathāgato paraṃ maraṇā, idameva saccaṃ moghamaññanti vā; na hoti tathāgato paraṃ maraṇā, idameva saccaṃ moghamaññanti vā; hoti ca na ca hoti tathāgato paraṃ maraṇā, idameva saccaṃ moghamaññanti vā; neva hoti na na hoti tathāgato paraṃ maraṇā, idameva saccaṃ moghamaññanti vāः yā evarūpā diṭṭhi diṭṭhigataṃ diṭṭhigahanaṃ diṭṭhikantāro diṭṭhivisūkāyikaṃ diṭṭhivipphanditaṃ diṭṭhisaṃyojanaṃ gāho patiṭṭhāho abhiniveso parāmāso kummaggo micchāpatho micchattaṃ titthāyatanaṃ vipariyāsaggāho – ayaṃ vuccati idaṃsaccābhiniveso kāyagantho. Ṭhapetvā sīlabbataparāmāsaṃ kāyaganthaṃ sabbāpi micchādiṭṭhi idaṃsaccābhiniveso kāyagantho.
Ime dhammā ganthā.","disconnected with the Ties?
The states which are disconnected with those [four afore-named] states; [in other words] the four skandhas; all [material] form also, and unconditioned element.
Which are the states that",
1-1145,"1145. Katame dhammā no ganthā? Te dhamme ṭhapetvā avasesā kusalākusalābyākatā dhammā kāmāvacarā, rūpāvacarā, arūpāvacarā, apariyāpannā; vedanākkhandho…pe… viññāṇakkhandho; sabbañca rūpaṃ, asaṅkhatā ca dhātu – ime dhammā no ganthā.","are themselves Ties and tend to become tied?
The Ties themselves are both",
1-1146,"1146. Katame dhammā ganthaniyā? Sāsavā kusalākusalābyākatā dhammā kāmāvacarā, rūpāvacarā, arūpāvacarā; rūpakkhandho…pe… viññāṇakkhandho – ime dhammā ganthaniyā.","tend to become tied, but are not Ties?
The states which tend to become tied by those [four afore-named] states, that is, every state, good, bad and indeterminate, which is not included in the latter, whether it relates to the worlds of Sense, of Form, or of the Formless; [in other words] the five skandhas.
Which are the states that are",
1-1147,"1147. Katame dhammā aganthaniyā? Apariyāpannā maggā ca, maggaphalāni ca, asaṅkhatā ca dhātu – ime dhammā aganthaniyā.","Ties themselves, and associated with the Ties?
The bodily Tie of perversion as to rule and ritual in conjunction with the bodily Tie of covetousness, and conversely, is both. The bodily Tie of the disposition to dogmatize in conjunction with the bodily Tie of covetousness, and conversely, is both.",
1-1148,1148. Katame dhammā ganthasampayuttā? Tehi dhammehi ye dhammā sampayuttā vedanākkhandho…pe… viññāṇakkhandho – ime dhammā ganthasampayuttā.,"associated with the Ties but not Ties?
The states which are associated with the four states afore-named (the Ties), the latter themselves excepted; [in other words] the four skandhas.
Which are the states that",
1-1149,"1149. Katame dhammā ganthavippayuttā? Tehi dhammehi ye dhammā vippayuttā vedanākkhandho…pe… viññāṇakkhandho, sabbañca rūpaṃ asaṅkhatā ca dhātu – ime dhammā ganthavippayuttā.","are disconnected with the Ties, but tend to become tied?
The states which are disconnected with the afore-named states, that is, good, bad and indeterminate states relating to the worlds of Sense, of Form, or of the Formless, which are co-Āsava; [in other words], the five skandhas.",
1-1150,1150. Katame dhammā ganthā ceva ganthaniyā ca? Teva ganthā ganthā ceva ganthaniyā ca.,"are disconnected with the Ties and do not tend to become tied?
The Paths that are the Unincluded and the Fruits of the Paths, and uncompounded element.
The Group of the Floods ( ogha-gocchakaṃ )",
1-1151,"1151. Katame dhammā ganthaniyā ceva no ca ganthā? Tehi dhammehi ye dhammā ganthaniyā, te dhamme ṭhapetvā avasesā sāsavā kusalākusalābyākatā dhammā kāmāvacarā, rūpāvacarā, arūpāvacarā; rūpakkhandho…pe… viññāṇakkhandho – ime dhammā ganthaniyā ceva no ca ganthā.","Which are the states that are Floods?
… [continue as in the Group of Fetters].
The Group of the Bonds ( yoga-gocchakaṃ )",
1-1152,"1152. Katame dhammā ganthā ceva ganthasampayuttā ca? Sīlabbataparāmāso kāyagantho abhijjhākāyaganthena gantho ceva ganthasampayutto ca, abhijjhākāyagantho sīlabbataparāmāsena kāyaganthena gantho ceva ganthasampayutto ca, idaṃsaccābhiniveso kāyagantho abhijjhākāyaganthena gantho ceva ganthasampayutto ca, abhijjhākāyagantho idaṃsaccābhinivesena kāyaganthena gantho ceva ganthasampayutto ca – ime dhammā ganthā ceva ganthasampayuttā ca.","Which are the states that are Hindrances?
The six Hindrances, to wit, the Hindrance of sensual desire, the Hindrance of ill will, the Hindrance of stolidity and torpor, the Hindrance of distraction and worry, the Hindrance of perplexity, the Hindrance of ignorance.
In this connexion",
1-1153,"1153. Katame dhammā ganthasampayuttā ceva no ca ganthā? Tehi dhammehi ye dhammā sampayuttā, te dhamme ṭhapetvā vedanākkhandho…pe… viññāṇakkhandho – ime dhammā ganthasampayuttā ceva no ca ganthā.","What is the Hindrance of sensual desire?
Answer as for the “Intoxicant of sensuality”, § 1097 .",
1-1154,"1154. Katame dhammā ganthavippayuttā ganthaniyā? Tehi dhammehi ye dhammā vippayuttā sāsavā kusalākusalābyākatā dhammā kāmāvacarā, rūpāvacarā, arūpāvacarā; rūpakkhandho…pe… viññāṇakkhandho – ime dhammā ganthavippayuttā ganthaniyā.","What is the Hindrance of ill will?
Answer as for the “Tie of ill will”, § 1137 .",
1-1155,"1155. Katame dhammā ganthavippayuttā aganthaniyā? Apariyāpannā maggā ca, maggaphalāni ca, asaṅkhatā ca dhātu – ime dhammā ganthavippayuttā aganthaniyā.","What is the Hindrance of stolidity and torpor?
First distinguish between stolidity and torpor.
In this connexion,",
1-1156,1156. Katame dhammā oghā? Cattāro oghā…pe… ime dhammā oghavippayuttā oghaniyā.,"What is stolidity?
That which is indisposition, unwieldiness of mind; adhering and cohering: clinging, cleaving to, stickiness; stolidity, that is, a stiffening, a rigidity of the mind—this is called stolidity.",
1-1157,1157. Katame dhammā yogā? Cattāro yogā…pe… ime dhammā yogavippayuttā yoganiyā.,"What is torpor?
That which is indisposition and unwieldiness of sense, a shrouding, enveloping, barricading within; torpor that is sleep, drowsiness; sleep, slumbering, somnolence—this is called torpor.",
1-1158,"1158. Katame dhammā nīvaraṇā? Cha nīvaraṇā [nīvaraṇāni (syā.)] – kāmacchandanīvaraṇaṃ, byāpādanīvaraṇaṃ, thinamiddhanīvaraṇaṃ, uddhaccakukkuccanīvaraṇaṃ, vicikicchānīvaraṇaṃ, avijjānīvaraṇaṃ.",Now this is the stolidity and this is the torpor which are called “the Hindrance of stolidity and torpor”.,
1-1159,1159. Tattha katamaṃ kāmacchandanīvaraṇaṃ? Yo kāmesu kāmacchando kāmarāgo kāmanandī kāmataṇhā kāmasineho kāmapariḷāho kāmamucchā kāmajjhosānaṃ – idaṃ vuccati kāmacchandanīvaraṇaṃ.,"What is the Hindrance of distraction and worry?
First distinguish between “distraction” and “worry”, In this connexion,",
1-1160,"1160. Tattha katamaṃ byāpādanīvaraṇaṃ? Anatthaṃ me acarīti āghāto jāyati, anatthaṃ me caratīti āghāto jāyati; anatthaṃ me carissatīti āghāto jāyati; piyassa me manāpassa anatthaṃ acari…pe… anatthaṃ carati…pe… anatthaṃ carissatīti āghāto jāyati, appiyassa me amanāpassa atthaṃ acari…pe… atthaṃ carati…pe… atthaṃ carissatīti āghāto jāyati, aṭṭhāne vā pana āghāto jāyati. Yo evarūpo cittassa āghāto paṭighāto paṭighaṃ paṭivirodho kopo pakopo sampakopo doso padoso sampadoso cittassa byāpatti manopadoso kodho kujjhanā kujjhitattaṃ doso dussanā dussitattaṃ byāpatti byāpajjanā byāpajjitattaṃ virodho paṭivirodho caṇḍikkaṃ asuropo anattamanatā cittassa – idaṃ vuccati byāpādanīvaraṇaṃ.","What is distraction?
That distraction of mind which is disquietude, agitation of heart, turmoil of mind—this is called distraction.",
1-1161,"1161. Tattha katamaṃ thinamiddhanīvaraṇaṃ? Atthi thinaṃ, atthi middhaṃ.","What is worry?
Consciousness of what is lawful in something that is unlawful; consciousness of what is unlawful in something that is lawful; consciousness of what is immoral in something that is moral; consciousness of what is moral in something that is immoral—all this sort of worry, fidgeting, over-scrupulousness, remorse of conscience, mental scarifying—this is what is called worry.
Now this is the distraction and this is the worry which are what is called “the Hindrance of distraction and worry”.",
1-1162,1162. Tattha katamaṃ thinaṃ? Yā cittassa akallatā akammaññatā olīyanā sallīyanā līnaṃ līyanā līyitattaṃ thinaṃ thiyanā thiyitattaṃ cittassa – idaṃ vuccati thinaṃ.,"What is the Hindrance of ignorance?
Answer as for “dullness”, § 1061 .",
1-1163,"1163. Tattha katamaṃ middhaṃ? Yā kāyassa akallatā akammaññatā onāho pariyonāho antosamorodho middhaṃ soppaṃ pacalāyikā soppaṃ supanā supitattaṃ – idaṃ vuccati middhaṃ. Iti idañca thinaṃ, idañca middhaṃ – idaṃ vuccati thinamiddhanīvaraṇaṃ.","Which are the states that are not Hindrances?
Every state, good, bad and indeterminate, which is not included in the foregoing [six] states, whether it relates to the worlds of Sense, of Form, or of the Formless, or to the life that is Unincluded; [in other words] the four skandhas; all form also, and unconditioned element.
Which are the states that are",
1-1164,"1164. Tattha katamaṃ uddhaccakukkuccanīvaraṇaṃ? Atthi uddhaccaṃ, atthi kukkuccaṃ.","favourable to the Hindrances?
States that have Āsavas, good, bad, and indeterminate, whether relating to the worlds of Sense, Form, or the Formless; [in other words] the five skandhas.",
1-1165,1165. Tattha katamaṃ uddhaccaṃ? Yaṃ cittassa uddhaccaṃ avūpasamo cetaso vikkhepo bhantattaṃ cittassa – idaṃ vuccati uddhaccaṃ.,"unfavourable to the Hindrances?
The Paths that are the Unincluded and the Fruits of the Paths, and unconditioned element.
Which are the states that are",
1-1166,"1166. Tattha katamaṃ kukkuccaṃ? Akappiye kappiyasaññitā, kappiye akappiyasaññitā, avajje vajjasaññitā, vajje avajjasaññitā. Yaṃ evarūpaṃ kukkuccaṃ kukkuccāyanā kukkuccāyitattaṃ cetaso vippaṭisāro manovilekho – idaṃ vuccati kukkuccaṃ. Iti idañca uddhaccaṃ, idañca kukkuccaṃ – idaṃ vuccati uddhaccakukkuccanīvaraṇaṃ.",associated with the Hindrances?,
1-1167,"1167. Tattha katamaṃ vicikicchānīvaraṇaṃ? Satthari kaṅkhati vicikicchati, dhamme kaṅkhati vicikicchati, saṅghe kaṅkhati vicikicchati, sikkhāya kaṅkhati vicikicchati, pubbante kaṅkhati vicikicchati, aparante kaṅkhati vicikicchati, pubbantāparante kaṅkhati vicikicchati, idappaccayatā paṭiccasamuppannesu dhammesu kaṅkhati vicikicchati. Yā evarūpā kaṅkhā kaṅkhāyanā kaṅkhāyitattaṃ vimati vicikicchā dveḷhakaṃ dvedhāpatho saṃsayo anekaṃsaggāho āsappanā parisappanā apariyogāhanā thambhitattaṃ cittassa manovilekho – idaṃ vuccati vicikicchānīvaraṇaṃ.","disconnected with the Hindrances?
Answers identical with those given to corresponding questions respecting the Āsavas, § 1105 , § 1106 .
Which are the states that are",
1-1168,"1168. Tattha katamaṃ avijjānīvaraṇaṃ? Dukkhe aññāṇaṃ, dukkhasamudaye aññāṇaṃ, dukkhanirodhe aññāṇaṃ, dukkhanirodhagāminiyā paṭipadāya aññāṇaṃ, pubbante aññāṇaṃ, aparante aññāṇaṃ, pubbantāparante aññāṇaṃ, idappaccayatā paṭiccasamuppannesu dhammesu aññāṇaṃः yaṃ evarūpaṃ aññāṇaṃ adassanaṃ anabhisamayo ananubodho asambodho appaṭivedho asaṃgāhanā apariyogāhanā asamapekkhanā apaccavekkhaṇā apaccakkhakammaṃ dummejjhaṃ bālyaṃ asampajaññaṃ moho pamoho sammoho avijjā avijjogho avijjāyogo avijjānusayo avijjāpariyuṭṭhānaṃ avijjālaṅgī moho akusalamūlaṃ – idaṃ vuccati avijjānīvaraṇaṃ.
Ime dhammā nīvaraṇā.","Hindrances themselves and favourable to the Hindrances?
The Hindrances themselves are both.",
1-1169,"1169. Katame dhammā no nīvaraṇā? Te dhamme ṭhapetvā avasesā kusalākusalābyākatā dhammā kāmāvacarā, rūpāvacarā, arūpāvacarā, apariyāpannā; vedanākkhandho…pe… viññāṇakkhandho; sabbañca rūpaṃ, asaṅkhatā ca dhātu – ime dhammā no nīvaraṇā.","favourable to the Hindrances, but not themselves Hindrances?
The states which are favourable to the Hindrances afore-named; that is to say, with the exception of the Hindrances, all states whatever that have Āsavas, good, bad, and indeterminate, whether they relate to the worlds of Sense, Form, or the Formless; [in other words] the five skandhas.
Which are the states that are",
1-1170,"1170. Katame dhammā nīvaraṇiyā? Sāsavā kusalākusalābyākatā dhammā kāmāvacarā, rūpāvacarā, arūpāvacarā; rūpakkhandho…pe… viññāṇakkhandho – ime dhammā nīvaraṇiyā.","both themselves Hindrances and associated with Hindrances?
The following pairs are both themselves Hindrances and associated with Hindrances: Sensual desire in conjunction with ignorance, and conversely. Ill-will in conjunction with ignorance, and conversely.
Stolidity and torpor,
Distraction,
Worry,
Perplexity,
taken successively, in conjunction with ignorance, and conversely.
Sensual desire,
Ill-will,
Stolidity and torpor,
Distraction,
Worry,
Perplexity,
taken successively, in conjunction with ignorance, and conversely.",
1-1171,"1171. Katame dhammā anīvaraṇiyā? Apariyāpannā maggā ca, maggaphalāni ca, asaṅkhatā ca dhātu – ime dhammā anīvaraṇiyā.","associated with Hindrances, but not themselves Hindrances?
The states which are associated with the [six aforementioned] states, the latter themselves being excepted; [in other words] the four skandhas.
Which are the states that are",
1-1172,1172. Katame dhammā nīvaraṇasampayuttā? Tehi dhammehi ye dhammā sampayuttā vedanākkhandho…pe… viññāṇakkhandho – ime dhammā nīvaraṇasampayuttā.,"disconnected with the Hindrances, but favourable to them?
The states which are disconnected with those [six] states afore-named, that is to say, states that have Āsavas, good, bad, and indeterminate, whether they relate to the worlds or Sense, Form, or the Formless; [in other words] the five skandhas.",
1-1173,"1173. Katame dhammā nīvaraṇavippayuttā? Tehi dhammehi ye dhammā vippayuttā vedanākkhandho…pe… viññāṇakkhandho; sabbañca rūpaṃ, asaṅkhatā ca dhātu – ime dhammā nīvaraṇavippayuttā.","disconnected with the Hindrances and unfavourable to them?
The Paths that are the Unincluded, and the Fruits of the Paths, and unconditioned element.
The Group on Perversion ( parāmāsa-gocchakaṃ )",
1-1174,1174. Katame dhammā nīvaraṇā ceva nīvaraṇiyā ca? Tāneva nīvaraṇāni nīvaraṇā ceva nīvaraṇiyā ca.,"Which are the states that are the Contagion of speculative opinion?
In this connexion,",
1-1175,"1175. Katame dhammā nīvaraṇiyā ceva no ca nīvaraṇā? Tehi dhammehi ye dhammā nīvaraṇiyā, te dhamme ṭhapetvā avasesā sāsavā kusalākusalābyākatā dhammā kāmāvacarā, rūpāvacarā, arūpāvacarā; rūpakkhandho…pe… viññāṇakkhandho – ime dhammā nīvaraṇiyā ceva no ca nīvaraṇā.","What is “perversion as speculative opinion”?
Answer as for the “Intoxicant of speculative opinion”, viz.: “To hold that the world is eternal, or that it is not eternal”, etc. ( § 1099 ).",
1-1176,"1176. Katame dhammā nīvaraṇā ceva nīvaraṇasampayuttā ca? Kāmacchandanīvaraṇaṃ avijjānīvaraṇena nīvaraṇañceva nīvaraṇasampayuttañca, avijjānīvaraṇaṃ kāmacchandanīvaraṇena nīvaraṇañceva nīvaraṇasampayuttañca, byāpādanīvaraṇaṃ avijjānīvaraṇena nīvaraṇañceva nīvaraṇasampayuttañca, avijjānīvaraṇaṃ byāpādanīvaraṇena nīvaraṇañceva nīvaraṇasampayuttañca, thinamiddhanīvaraṇaṃ avijjānīvaraṇena nīvaraṇañceva nīvaraṇasampayuttañca, avijjānīvaraṇaṃ thinamiddhanīvaraṇena nīvaraṇañceva nīvaraṇasampayuttañca, uddhaccanīvaraṇaṃ avijjānīvaraṇena nīvaraṇañceva nīvaraṇasampayuttañca, avijjānīvaraṇaṃ uddhaccanīvaraṇena nīvaraṇañceva nīvaraṇasampayuttañca, kukkuccanīvaraṇaṃ avijjānīvaraṇena nīvaraṇañceva nīvaraṇasampayuttañca, avijjānīvaraṇaṃ kukkuccanīvaraṇena nīvaraṇañceva nīvaraṇasampayuttañca, vicikicchānīvaraṇaṃ avijjānīvaraṇena nīvaraṇañceva nīvaraṇasampayuttañca, avijjānīvaraṇaṃ vicikicchānīvaraṇena nīvaraṇañceva nīvaraṇasampayuttañca, kāmacchandanīvaraṇaṃ uddhaccanīvaraṇena nīvaraṇañceva nīvaraṇasampayuttañca, uddhaccanīvaraṇaṃ kāmacchandanīvaraṇena nīvaraṇañceva nīvaraṇasampayuttañca, byāpādanīvaraṇaṃ uddhaccanīvaraṇena nīvaraṇañceva nīvaraṇasampayuttañca, uddhaccanīvaraṇaṃ byāpādanīvaraṇena nīvaraṇañceva nīvaraṇasampayuttañca, thinamiddhanīvaraṇaṃ uddhaccanīvaraṇena nīvaraṇañceva nīvaraṇasampayuttañca, uddhaccanīvaraṇaṃ thinamiddhanīvaraṇena nīvaraṇañceva nīvaraṇasampayuttañca, kukkuccanīvaraṇaṃ uddhaccanīvaraṇena nīvaraṇañceva nīvaraṇasampayuttañca, uddhaccanīvaraṇaṃ kukkuccanīvaraṇena nīvaraṇañceva nīvaraṇasampayuttañca, vicikicchānīvaraṇaṃ uddhaccanīvaraṇena nīvaraṇañceva nīvaraṇasampayuttañca, uddhaccanīvaraṇaṃ vicikicchānīvaraṇena nīvaraṇañceva nīvaraṇasampayuttañca, avijjānīvaraṇaṃ uddhaccanīvaraṇena nīvaraṇañceva nīvaraṇasampayuttañca, uddhaccanīvaraṇaṃ avijjānīvaraṇena nīvaraṇañceva nīvaraṇasampayuttañca – ime dhammā nīvaraṇā ceva nīvaraṇasampayuttā ca.","Which are the states that are not perversion?
Answer as in the case of the “states that are not Hindrances” ( § 1163 ).",
1-1177,"1177. Katame dhammā nīvaraṇasampayuttā ceva no ca nīvaraṇā? Tehi dhammehi ye dhammā sampayuttā, te dhamme ṭhapetvā vedanākkhandho…pe… viññāṇakkhandho – ime dhammā nīvaraṇasampayuttā ceva no ca nīvaraṇā.","Which are the states that are
perverted?
unperverted?
Answers as in the corresponding answers relating to the Hindrances ( §§ 1164 , 1165 ).",
1-1178,"1178. Katame dhammā nīvaraṇavippayuttā nīvaraṇiyā? Tehi dhammehi ye dhammā vippayuttā sāsavā kusalābyākatā dhammā kāmāvacarā, rūpāvacarā, arūpāvacarā; rūpakkhandho…pe… viññāṇakkhandho – ime dhammā nīvaraṇavippayuttā nīvaraṇiyā.",-,
1-1179,"1179. Katame dhammā nīvaraṇavippayuttā anīvaraṇiyā? Apariyāpannā maggā ca, maggaphalāni ca, asaṅkhatā ca dhātu – ime dhammā nīvaraṇavippayuttā anīvaraṇiyā.","Which are the states that are
associated with perversion?
disconnected with perversion?
Answers as in the corresponding answers relating to the Hindrances ( §§ 1166 , 1167 ).",
1-1180,1180. Katame dhammā parāmāsā? Diṭṭhiparāmāso.,-,
1-1181,"1181. Tattha katamo diṭṭhiparāmāso? Sassato lokoti vā, asassato lokoti vā, antavā lokoti vā, anantavā lokoti vā, taṃ jīvaṃ taṃ sarīranti vā, aññaṃ jīvaṃ aññaṃ sarīranti vā, hoti tathāgato paraṃ maraṇāti vā, na hoti tathāgato paraṃ maraṇāti vā, hoti ca na ca hoti tathāgato paraṃ maraṇāti vā, neva hoti na na hoti tathāgato paraṃ maraṇāti vāः yā evarūpā diṭṭhi diṭṭhigataṃ diṭṭhigahanaṃ diṭṭhikantāro diṭṭhivisūkāyikaṃ diṭṭhivipphanditaṃ diṭṭhisaṃyojanaṃ gāho patiṭṭhāho abhiniveso parāmāso kummaggo micchāpatho micchattaṃ titthāyatanaṃ vipariyāsaggāho – ayaṃ vuccati diṭṭhiparāmāso. Sabbāpi micchādiṭṭhi diṭṭhiparāmāso.
Ime dhammā parāmāsā.","Which are the states that are
themselves perversions and perverted?
Perversion itself is both.
perverted but not perversions?
The states which are infected by the states afore-named; that is to say, with the exception of the latter, all states whatever that have Āsavas, good, bad, and indeterminate, whether they relate to the worlds of Sense, Form, or the Formless; [in other words] the five skandhas.",
1-1182,"1182. Katame dhammā no parāmāsā? Te dhamme ṭhapetvā avasesā kusalākusalābyākatā dhammā kāmāvacarā, rūpāvacarā, arūpāvacarā, apariyāpannā; vedanākkhandho…pe… viññāṇakkhandho; sabbañca rūpaṃ, asaṅkhatā ca dhātu – ime dhammā no parāmāsā.",-,
1-1183,"1183. Katame dhammā parāmaṭṭhā? Sāsavā kusalākusalābyākatā dhammā kāmāvacarā, rūpāvacarā, arūpāvacarā; rūpakkhandho…pe… viññāṇakkhandho – ime dhammā parāmaṭṭhā.","Which are the states that are
disconnected with perversion yet perverted?
disconnected with perversion and unperverted?
Answers as in the corresponding sections on the Hindrances ( §§ 1172 , 1173 ).
The Great Intermediate Set of Pairs ( ahantara-dukaṃ )",
1-1184,"1184. Katame dhammā aparāmaṭṭhā? Apariyāpannā maggā ca, maggaphalāni ca, asaṅkhatā ca dhātu – ime dhammā aparāmaṭṭhā.",-,
1-1185,1185. Katame dhammā parāmāsasampayuttā? Tehi dhammehi ye dhammā sampayuttā vedanākkhandho…pe… viññāṇakkhandho – ime dhammā parāmāsasampayuttā.,"Which are the states that have
an object of thought?
The four skandhas.
no object of thought?
All [material] form, and unconditioned element.",
1-1186,"1186. Katame dhammā parāmāsavippayuttā? Tehi dhammehi ye dhammā vippayuttā vedanākkhandho…pe… viññāṇakkhandho; sabbañca rūpaṃ, asaṅkhatā ca dhātu – ime dhammā parāmāsavippayuttā.",-,
1-1187,1187. Katame dhammā parāmāsā ceva parāmaṭṭhā ca? Sveva parāmāso parāmāso ceva parāmaṭṭho ca.,"Which are the states that are
of thoughts?
Sense-cognition, the element of ideation and the element of ideational cognition.
not of thoughts?
The skandhas of feeling, perception, and synergies; all [material] form, moreover, and unconditioned element.",
1-1188,"1188. Katame dhammā parāmaṭṭhā ceva no ca parāmāsā? Tehi dhammehi ye dhammā parāmaṭṭhā, te dhamme ṭhapetvā avasesā sāsavā kusalākusalābyākatā dhammā kāmāvacarā, rūpāvacarā, arūpāvacarā; rūpakkhandho…pe… viññāṇakkhandho – ime dhammā parāmaṭṭhā ceva no ca parāmāsā.",-,
1-1189,"1189. Katame dhammā parāmāsavippayuttā parāmaṭṭhā? Tehi dhammehi ye dhammā vippayuttā sāsavā kusalākusalābyākatā dhammā kāmāvacarā, rūpāvacarā arūpāvacarā; rūpakkhandho…pe… viññāṇakkhandho – ime dhammā parāmāsavippayuttā parāmaṭṭhā.","Which are the states that are
mental properties?
The skandhas of feeling, perception, and synergies.
not mental properties?
Intellect and all [material] form and unconditioned element.",
1-1190,"1190. Katame dhammā parāmāsavippayuttā aparāmaṭṭhā? Apariyāpannā maggā ca, maggaphalāni ca, asaṅkhatā ca dhātu – ime dhammā parāmāsavippayuttā aparāmaṭṭhā.",-,
1-1191,"1191. Katame dhammā sārammaṇā? Vedanākkhandho, saññākkhandho, saṅkhārakkhandho, viññāṇakkhandho – ime dhammā sārammaṇā.","Which are the states that are
associated with thought?
The skandhas of feeling, perception, and synergies.
disconnected with thought?
All [material] form and unconditioned element.
(Thought must not be described as associated or disconnected with itself.)",
1-1192,"1192. Katame dhammā anārammaṇā? Sabbañca rūpaṃ, asaṅkhatā ca dhātu – ime dhammā anārammaṇā.",-,
1-1193,"1193. Katame dhammā cittā? Cakkhuviññāṇaṃ, sotaviññāṇaṃ, ghānaviññāṇaṃ, jivhāviññāṇaṃ, kāyaviññāṇaṃ, manodhātu, manoviññāṇadhātu – ime dhammā cittā.","Which are the states that are
conjoined with thought?
detached from thought?
Answers as in §§ 1191 , 1192 , respectively. (Thought must not be described as conjoined with, or detached from, itself.)",
1-1194,"1194. Katame dhammā no cittā? Vedanākkhandho, saññākkhandho, saṅkhārakkhandho, sabbañca rūpaṃ, asaṅkhatā ca dhātu – ime dhammā no cittā.",-,
1-1195,"1195. Katame dhammā cetasikā? Vedanākkhandho, saññākkhandho, saṅkhārakkhandho – ime dhammā cetasikā.","Which are the states that are
sprung from thought?
The skandhas of feeling, perception, and synergies; bodily and vocal intimation; or whatever other [material] form there be which is born of thought, caused by thought, sprung from thought, whether it be in the spheres of shapes, sounds, smells, tastes, or the tangible, the elements of space or fluidity, the lightness, plasticity or wieldiness of [material] form, the integration or subsistence of [material] form, or bodily nutriment.
not sprung from thought?
Thought; also every other kind of [material] form, and unconditioned element.",
1-1196,"1196. Katame dhammā acetasikā? Cittañca, sabbañca rūpaṃ, asaṅkhatā ca dhātu – ime dhammā acetasikā.",-,
1-1197,"1197. Katame dhammā cittasampayuttā? Vedanākkhandho, saññākkhandho, saṅkhārakkhandho – ime dhammā cittasampayuttā.","Which are the states that
come into being together with thought?
The skandhas of feeling, perception, and synergies; bodily and vocal intimation.
do not come into being together with thought?
Thought; also all other kinds of [material] form, and unconditioned element.",
1-1198,"1198. Katame dhammā cittavippayuttā? Sabbañca rūpaṃ, asaṅkhatā ca dhātu – ime dhammā cittavippayuttā. Cittaṃ na vattabbaṃ – cittena sampayuttantipi, cittena vippayuttantipi.",-,
1-1199,"1199. Katame dhammā cittasaṃsaṭṭhā? Vedanākkhandho, saññākkhandho, saṅkhārakkhandho – ime dhammā cittasaṃsaṭṭhā.","Which are the states that are
consecutive to thought?
not consecutive to thought?
Answers as in the two foregoing answers respectively.",
1-1200,"1200. Katame dhammā cittavisaṃsaṭṭhā? Sabbañca rūpaṃ, asaṅkhatā ca dhātu – ime dhammā cittavisaṃsaṭṭhā. Cittaṃ na vattabbaṃ – cittena saṃsaṭṭhantipi, cittena visaṃsaṭṭhantipi.",-,
1-1201,"1201. Katame dhammā cittasamuṭṭhānā? Vedanākkhandho, saññākkhandho, saṅkhārakkhandho; kāyaviññatti vacīviññatti; yaṃ vā panaññampi atthi rūpaṃ cittajaṃ cittahetukaṃ cittasamuṭṭhānaṃ rūpāyatanaṃ saddāyatanaṃ gandhāyatanaṃ rasāyatanaṃ phoṭṭhabbāyatanaṃ ākāsadhātu āpodhātu rūpassa lahutā rūpassa mudutā rūpassa kammaññatā rūpassa upacayo rūpassa santati kabaḷīkāro āhāro – ime dhammā cittasamuṭṭhānā.","Which are the states that are
conjoined with and sprung from thought?
The skandhas of feeling, perception, and synergies.
not conjoined with and sprung from thought?
Thought itself; all [material] form also, and unconditioned element.",
1-1202,"1202. Katame dhammā no cittasamuṭṭhānā? Cittañca, avasesañca rūpaṃ, asaṅkhatā ca dhātu – ime dhammā no cittasamuṭṭhānā.",-,
1-1203,"1203. Katame dhammā cittasahabhuno? Vedanākkhandho, saññākkhandho, saṅkhārakkhandho, kāyaviññatti, vacīviññatti – ime dhammā cittasahabhuno.","Which are the states that
are conjoined with and sprung from, and that come into being together with, thought?
are not such as are conjoined with and sprung from, and as come into being together with, thought?
Answers as in the two foregoing answers respectively.",
1-1204,"1204. Katame dhammā no cittasahabhuno? Cittañca, avasesañca rūpaṃ, asaṅkhatā ca dhātu – ime dhammā no cittasahabhuno.",-,
1-1205,"1205. Katame dhammā cittānuparivattino? Vedanākkhandho, saññākkhandho, saṅkhārakkhandho, kāyaviññatti, vacīviññatti – ime dhammā cittānuparivattino.","Which are the states that are
conjoined with and sprung from and consecutive to thought?
not conjoined with, sprung from and consecutive to thought?
Answers as in the two foregoing answers.",
1-1206,"1206. Katame dhammā no cittānuparivattino? Cittañca, avasesañca rūpaṃ, asaṅkhatā ca dhātu – ime dhammā no cittānuparivattino.",-,
1-1207,"1207. Katame dhammā cittasaṃsaṭṭhasamuṭṭhānā? Vedanākkhandho, saññākkhandho, saṅkhārakkhandho – ime dhammā cittasaṃsaṭṭhasamuṭṭhānā.","Which are the states that are
of the self?
The spheres of the five senses and of ideation.
external?
The spheres of the five objects of sense and of ideas.",
1-1208,"1208. Katame dhammā no cittasaṃsaṭṭhasamuṭṭhānā? Cittañca, sabbañca rūpaṃ, asaṅkhatā ca dhātu – ime dhammā no cittasaṃsaṭṭhasamuṭṭhānā.",-,
1-1209,"1209. Katame dhammā cittasaṃsaṭṭhasamuṭṭhānasahabhuno? Vedanākkhandho, saññākkhandho, saṅkhārakkhandho – ime dhammā cittasaṃsaṭṭhasamuṭṭhānasahabhuno.","Which are the states that are
derived?
The spheres of the five senses … and bodily nutriment.
not derived?
The four skandhas, the four great phenomena and unconditioned element.",
1-1210,"1210. Katame dhammā no cittasaṃsaṭṭhasamuṭṭhānasahabhuno? Cittañca, sabbañca rūpaṃ, asaṅkhatā ca dhātu – ime dhammā no cittasaṃsaṭṭhasamuṭṭhānasahabhuno.",-,
1-1211,"1211. Katame dhammā cittasaṃsaṭṭhasamuṭṭhānānuparivattino? Vedanākkhandho, saññākkhandho, saṅkhārakkhandho – ime dhammā cittasaṃsaṭṭhasamuṭṭhānānuparivattino.","Which are the states that are
grasped at?
Co-Intoxicant good and bad states, whether they relate to the worlds of Sense, of Form, or of the Formless; [in other words] the four skandhas, and such [material] form as is due to karma having been wrought.
not grasped at?
Good and bad states that have Āsavas, whether they relate to the worlds of Sense, of Form, or of the Formless; [in other words] the four skandhas; also such inoperative thoughts as are neither good, nor bad, nor the effects of karma; the Paths, moreover, that are the Unincluded and the Fruits of the Paths, and unconditioned element.
The Group on Grasping ( upādāna-gocchakaṃ )",
1-1212,"1212. Katame dhammā no cittasaṃsaṭṭhasamuṭṭhānānuparivattino? Cittañca, sabbañca rūpaṃ, asaṅkhatā ca dhātu – ime dhammā no cittasaṃsaṭṭhasamuṭṭhānānuparivattino.",-,
1-1213,1213. Katame dhammā ajjhattikā? Cakkhāyatanaṃ…pe… manāyatanaṃ – ime dhammā ajjhattikā.,"Which are the states that have the attribute of Grasping?
The four Graspings: the Grasping of sense-desires, the Grasping of speculative opinion, the Grasping of rule and ritual, the Grasping of a theory of the Self.
In this connexion,",
1-1214,1214. Katame dhammā bāhirā? Rūpāyatanaṃ…pe… dhammāyatanaṃ – ime dhammā bāhirā.,"What is the Grasping of sense-desires?
That sensual desire, sensual passion, sensual delight, sensual craving, sensual cleaving, sensual fever, sensual languishing, sensual rapacity, which is excited by the pleasures of the senses.",
1-1215,1215. Katame dhammā upādā? Cakkhāyatanaṃ…pe… kabaḷīkāro āhāro – ime dhammā upādā.,"What is the Grasping of speculative opinion?
“There is no such thing as alms, or sacrifice, or offering; there is neither fruit, nor result of good, or of evil deeds; there is no such thing as this world, or the next; there is no such thing as mother or father, or beings springing into birth without them; there are in the world no recluses or brahmins who have reached the highest point, who have attained the height, who, having understood and realized by themselves alone both this world and the next, make known the same”—all this sort of speculation, this walking in opinion, wilderness of opinion, puppet-show of opinion, scuffling of opinion, this Fetter of opinion, the grip and tenacity of it, the inclination towards it, the being infected by it, this by-path, wrong road, wrongness, this “fording-place”, this shiftiness of grasp—this is what is called the Grasping after speculative opinion.
And with the exception of the Graspings of rule and ritual and soul theory, all wrong views are included in the Grasping of speculative opinion.",
1-1216,"1216. Katame dhammā no upādā? Vedanākkhandho, saññākkhandho, saṅkhārakkhandho, viññāṇakkhandho, cattāro ca mahābhūtā, asaṅkhatā ca dhātu – ime dhammā no upādā.","What is the Grasping of rule and ritual?
Answer as for “Perversion of mere rule and ritual”, § 1005 .",
1-1217,"1217. Katame dhammā upādiṇṇā? Sāsavā kusalākusalānaṃ dhammānaṃ vipākā kāmāvacarā, rūpāvacarā, arūpāvacarā; vedanākkhandho…pe… viññāṇakkhandho; yañca rūpaṃ kammassa katattā – ime dhammā upādiṇṇā .","What is the Grasping of a theory of the Self?
Answer as for the “Theory of individuality”, § 1003 .",
1-1218,"1218. Katame dhammā anupādiṇṇā? Sāsavā kusalākusalā dhammā kāmāvacarā, rūpāvacarā, arūpāvacarā; vedanākkhandho…pe… viññāṇakkhandho; ye ca dhammā kiriyā neva kusalā nākusalā na ca kammavipākā, yañca rūpaṃ na kammassa katattā, apariyāpannā maggā ca, maggaphalāni ca, asaṅkhatā ca dhātu – ime dhammā anupādiṇṇā.","Which are the states that are not Graspings?
All other states whatever, good, bad and indeterminate (except the foregoing), whether they relate to the worlds of Sense, or of Form, or of the Formless, or to the life that is Unincluded; [in other words] the four skandhas; all [material] form also and unconditioned element.",
1-1219,"1219. Katame dhammā upādānā? Cattāri upādānāni – kāmupādānaṃ, diṭṭhupādānaṃ, sīlabbatupādānaṃ, attavādupādānaṃ [kāmūpādānaṃ diṭṭhūpādānaṃ sīlabbatūpādānaṃ attavādūpādānaṃ (sī.)].","Which are the states that are favourable to Grasping?
States that have Āsavas, good, bad and indeterminate, whether they relate to the worlds of Sense, Form or the Formless; [in other words] the five skandhas.",
1-1220,1220. Tattha katamaṃ kāmupādānaṃ? Yo kāmesu kāmacchando kāmarāgo kāmanandī kāmataṇhā kāmasineho kāmapariḷāho kāmamucchā kāmajjhosānaṃ – idaṃ vuccati kāmupādānaṃ.,"Which are the states that are not favourable to Grasping?
The Paths that are the Unincluded, and the Fruits of the Paths; and unconditioned element.",
1-1221,"1221. Tattha katamaṃ diṭṭhupādānaṃ? Natthi dinnaṃ, natthi yiṭṭhaṃ, natthi hutaṃ, natthi sukatadukkaṭānaṃ kammānaṃ phalaṃ vipāko, natthi ayaṃ loko, natthi paro loko, natthi mātā, natthi pitā, natthi sattā opapātikā, natthi loke samaṇabrāhmaṇā sammaggatā [samaggatā (ka.)] sammāpaṭipannā, ye imañca lokaṃ parañca lokaṃ sayaṃ abhiññā sacchikatvā pavedentīti – yā evarūpā diṭṭhi diṭṭhigataṃ diṭṭhigahanaṃ diṭṭhikantāro diṭṭhivisūkāyikaṃ diṭṭhivipphanditaṃ diṭṭhisaṃyojanaṃ gāho patiṭṭhāho abhiniveso parāmāso kummaggo micchāpatho micchattaṃ titthāyatanaṃ vipariyāsaggāho – idaṃ vuccati diṭṭhupādānaṃ. Ṭhapetvā sīlabbatupādānañca attavādupādānañca sabbāpi micchādiṭṭhi diṭṭhupādānaṃ.","Which are the states that are
associated with Grasping?",
1-1222,"1222. Tattha katamaṃ sīlabbatupādānaṃ? Ito bahiddhā samaṇabrāhmaṇānaṃ sīlena suddhi, vatena suddhi, sīlabbatena suddhīti – yā evarūpā diṭṭhi diṭṭhigataṃ diṭṭhigahanaṃ diṭṭhikantāro diṭṭhivisūkāyikaṃ diṭṭhivipphanditaṃ diṭṭhisaṃyojanaṃ gāho patiṭṭhāho abhiniveso parāmāso kummaggo micchāpatho micchattaṃ titthāyatanaṃ vipariyāsaggāho – idaṃ vuccati sīlabbatupādānaṃ.",disconnected with Grasping?,
1-1223,"1223. Tattha katamaṃ attavādupādānaṃ? Idha assutavā puthujjano ariyānaṃ adassāvī ariyadhammassa akovido ariyadhamme avinīto sappurisānaṃ adassāvī sappurisadhammassa akovido sappurisadhamme avinīto rūpaṃ attato samanupassati, rūpavantaṃ vā attānaṃ, attani vā rūpaṃ, rūpasmiṃ vā attānaṃ. Vedanaṃ…pe… saññaṃ…pe… saṅkhāre…pe… viññāṇaṃ attato samanupassati, viññāṇavantaṃ vā attānaṃ, attani vā viññāṇaṃ viññāṇasmiṃ vā attānaṃ. Yā evarūpā diṭṭhi diṭṭhigataṃ diṭṭhigahanaṃ diṭṭhikantāro diṭṭhivisūkāyikaṃ diṭṭhivipphanditaṃ diṭṭhisaṃyojanaṃ gāho patiṭṭhāho abhiniveso parāmāso kummaggo micchāpatho micchattaṃ titthāyatanaṃ vipariyāsaggāho – idaṃ vuccati attavādupādānaṃ.
Ime dhammā upādānā.",Graspings and also favourable to Grasping?,
1-1224,"1224. Katame dhammā no upādānā? Te dhamme ṭhapetvā avasesā kusalākusalābyākatā dhammā kāmāvacarā, rūpāvacarā, arūpāvacarā, apariyāpannā; vedanākkhandho…pe… viññāṇakkhandho; sabbañca rūpaṃ, asaṅkhatā ca dhātu – ime dhammā no upādānā.","favourable to Grasping but not Graspings?
Answers exactly analogous to those given to corresponding questions in other Groups, e.g. §§ 1125 , 1141 , 1164 .",
1-1225,"1225. Katame dhammā upādāniyā? Sāsavā kusalākusalābyākatā dhammā kāmāvacarā, rūpāvacarā, arūpāvacarā; rūpakkhandho…pe… viññāṇakkhandho – ime dhammā upādāniyā.","Which are the states that are
both Graspings and associated with Grasping?
The Grasping of speculation in conjunction with that of sense is both, and conversely.
So is each of the other two Graspings in conjunction with that of sense, and conversely.",
1-1226,"1226. Katame dhammā anupādāniyā? Apariyāpannā maggā ca, maggaphalāni ca, asaṅkhatā ca dhātu – ime dhammā anupādāniyā.",associated with Grasping but not Graspings?,
1-1227,1227. Katame dhammā upādānasampayuttā? Tehi dhammehi ye dhammā sampayuttā vedanākkhandho…pe… viññāṇakkhandho – ime dhammā upādānasampayuttā.,disconnected with Grasping yet favourable to it?,
1-1228,"1228. Katame dhammā upādānavippayuttā? Tehi dhammehi ye dhammā vippayuttā vedanākkhandho…pe… viññāṇakkhandho; sabbañca rūpaṃ, asaṅkhatā ca dhātu – ime dhammā upādānavippayuttā.","disconnected with Grasping and not favourable to it?
Answers as in the Groups specified above, §§ 1125 , 1141 , 1164 et seq.
The Group on the Vices ( kilesa-gocchakaṃ )",
1-1229,1229. Katame dhammā upādānā ceva upādāniyā ca? Tāneva upādānāni upādānā ceva upādāniyā ca.,"Which are the states that are vicious?
The ten bases of vice, to wit
greed,
hate,
dullness,
conceit,
speculative opinion,
perplexity,
stolidity,
distraction,
unconscientiousness,
disregard of blame.",
1-1230,"1230. Katame dhammā upādāniyā ceva no ca upādānā? Tehi dhammehi ye dhammā upādāniyā , te dhamme ṭhapetvā avasesā sāsavā kusalākusalābyākatā dhammā kāmāvacarā, rūpāvacarā, arūpāvacarā; rūpakkhandho…pe… viññāṇakkhandho – ime dhammā upādāniyā ceva no ca upādānā.","In this connexion,
What is greed? … hate? … dullness? … conceit? … speculative opinion? … perplexity? … stolidity? … distraction?
Answers as in §§ 1059 – 1061 , 1116 – 1118 , 1156 , 1159 .",
1-1231,"1231. Katame dhammā upādānā ceva upādānasampayuttā ca? Diṭṭhupādānaṃ kāmupādānena upādānañceva upādānasampayuttañca, kāmupādānaṃ diṭṭhupādānena upādānañceva upādānasampayuttañca, sīlabbatupādānaṃ kāmupādānena upādānañceva upādānasampayuttañca, kāmupādānaṃ sīlabbatupādānena upādānañceva upādānasampayuttañca , attavādupādānaṃ kāmupādānena upādānañceva upādānasampayuttañca, kāmupādānaṃ attavādupādānena upādānañceva upādānasampayuttañca – ime dhammā upādānā ceva upādānasampayuttā ca.",-,
1-1232,"1232. Katame dhammā upādānasampayuttā ceva no ca upādānā? Tehi dhammehi ye dhammā sampayuttā, te dhamme ṭhapetvā vedanākkhandho…pe… viññāṇakkhandho – ime dhammā upādānasampayuttā ceva no ca upādānā.",-,
1-1233,"1233. Katame dhammā upādānavippayuttā upādāniyā? Tehi dhammehi ye dhammā vippayuttā sāsavā kusalākusalābyākatā dhammā kāmāvacarā , rūpāvacarā, arūpāvacarā; rūpakkhandho…pe… viññāṇakkhandho – ime dhammā upādānavippayuttā upādāniyā.",-,
1-1234,"1234. Katame dhammā upādānavippayuttā anupādāniyā? Apariyāpannā maggā ca, maggaphalāni ca, asaṅkhatā ca dhātu – ime dhammā upādānavippayuttā anupādāniyā.
Nikkhepakaṇḍe dutiyabhāṇavāro.",-,
1-1235,"1235. Katame dhammā kilesā? Dasa kilesavatthūni – lobho, doso, moho, māno, diṭṭhi, vicikicchā, thinaṃ, uddhaccaṃ, ahirīkaṃ, anottappaṃ.",-,
1-1236,1236. Tattha katamo lobho? Yo rāgo sārāgo anunayo anurodho nandī nandīrāgo cittassa sārāgo icchā mucchā ajjhosānaṃ gedho paligedho saṅgo paṅko ejā māyā janikā sañjananī sibbinī jālinī saritā visattikā suttaṃ visaṭā āyūhinī dutiyā paṇidhi bhavanetti vanaṃ vanatho santhavo sineho apekkhā paṭibandhu āsā āsisanā āsisitattaṃ rūpāsā saddāsā gandhāsā rasāsā phoṭṭhabbāsā lābhāsā dhanāsā puttāsā jīvitāsā jappā pajappā abhijappā jappā jappanā jappitattaṃ loluppaṃ loluppāyanā loluppāyitattaṃ pucchañjikatā sādhukamyatā adhammarāgo visamalobho nikanti nikāmanā patthanā pihanā sampatthanā kāmataṇhā bhavataṇhā vibhavataṇhā rūpataṇhā arūpataṇhā nirodhataṇhā rūpataṇhā saddataṇhā gandhataṇhā rasataṇhā phoṭṭhabbataṇhā dhammataṇhā ogho yogo gantho upādānaṃ āvaraṇaṃ nīvaraṇaṃ chādanaṃ bandhanaṃ upakkileso anusayo pariyuṭṭhānaṃ latā vevicchaṃ dukkhamūlaṃ dukkhanidānaṃ dukkhappabhavo mārapāso mārabaḷisaṃ māravisayo taṇhānadī taṇhājālaṃ taṇhāgaddulaṃ taṇhāsamuddo abhijjhā lobho akusalamūlaṃ – ayaṃ vuccati lobho.,-,
1-1237,"1237. Tattha katamo doso? Anatthaṃ me acarīti āghāto jāyati, anatthaṃ me caratīti āghāto jāyati, anatthaṃ me carissatīti āghāto jāyati, piyassa me manāpassa anatthaṃ acari…pe… anatthaṃ carati…pe… anatthaṃ carissatīti āghāto jāyati, appiyassa me amanāpassa atthaṃ acari…pe… atthaṃ carati…pe… atthaṃ carissatīti āghāto jāyati, aṭṭhāne vā pana āghāto jāyati. Yo evarūpo cittassa āghāto paṭighāto paṭighaṃ paṭivirodho kopo pakopo sampakopo doso padoso sampadoso cittassa byāpatti manopadoso kodho kujjhanā kujjhitattaṃ doso dussanā dussitattaṃ byāpatti byāpajjanā byāpajjitattaṃ virodho paṭivirodho caṇḍikkaṃ asuropo anattamanatā cittassa – ayaṃ vuccati doso.",-,
1-1238,"1238. Tattha katamo moho? Dukkhe aññāṇaṃ, dukkhasamudaye aññāṇaṃ, dukkhanirodhe aññāṇaṃ, dukkhanirodhagāminiyā paṭipadāya aññāṇaṃ, pubbante aññāṇaṃ, aparante aññāṇaṃ, pubbantāparante aññāṇaṃ, idappaccayatā paṭiccasamuppannesu dhammesu aññāṇaṃ . Yaṃ evarūpaṃ aññāṇaṃ adassanaṃ anabhisamayo ananubodho asambodho appaṭivedho asaṃgāhanā apariyogāhanā asamapekkhanā apaccavekkhaṇā apaccakkhakammaṃ dummejjhaṃ bālyaṃ asampajaññaṃ moho pamoho sammoho avijjā avijjogho avijjāyogo avijjānusayo avijjāpariyuṭṭhānaṃ avijjālaṅgī moho akusalamūlaṃ – ayaṃ vuccati moho.","What is unconscientiousness?
The absence of any feeling of conscientious scruple when scruples ought to be felt; the absence of conscientious scruple at attaining to bad and evil states.",
1-1239,"1239. Tattha katamo māno? Seyyohamasmīti māno, sadisohamasmīti māno, hīnohamasmīti māno; yo evarūpo māno maññanā maññitattaṃ unnati unnamo dhajo sampaggāho ketukamyatā cittassa – ayaṃ vuccati māno.","What is disregard of blame?
The absence of any sense of guilt where a sense of guilt ought to be felt, the absence of a sense of guilt at attaining to bad and evil states.
These are the states which are vices.",
1-1240,"1240. Tattha katamā diṭṭhi? Sassato lokoti vā, asassato lokoti vā, antavā lokoti vā, anantavā lokoti vā, taṃ jīvaṃ taṃ sarīranti vā, aññaṃ jīvaṃ aññaṃ sarīranti vā, hoti tathāgato paraṃ maraṇāti vā, na hoti tathāgato paraṃ maraṇāti vā, hoti ca na ca hoti tathāgato paraṃ maraṇāti vā, neva hoti na na hoti tathāgato paraṃ maraṇāti vāः yā evarūpā diṭṭhi diṭṭhigataṃ diṭṭhigahanaṃ diṭṭhikantāro diṭṭhivisūkāyikaṃ diṭṭhivipphanditaṃ diṭṭhisaṃyojanaṃ gāho patiṭṭhāho abhiniveso parāmāso kummaggo micchāpatho micchattaṃ titthāyatanaṃ vipariyāsaggāho – ayaṃ vuccati diṭṭhi. Sabbāpi micchādiṭṭhi diṭṭhi.","Which are the states that are not vices?
All other states whatever (i.e. all except the afore-named ten), good, bad and indeterminate, whether they relate to the worlds of Sense, Form or the Formless, or to the life that is Unincluded; [in other words] the four skandhas, all [material] form also and unconditioned element.",
1-1241,"1241. Tattha katamā vicikicchā? Satthari kaṅkhati vicikicchati, dhamme kaṅkhati vicikicchati, saṅghe kaṅkhati vicikicchati sikkhāya kaṅkhati vicikicchati, pubbante kaṅkhati vicikicchati, aparante kaṅkhati vicikicchati, pubbantāparante kaṅkhati vicikicchati, idappaccayatā paṭiccasamuppannesu dhammesu kaṅkhati vicikicchatiः yā evarūpā kaṅkhā kaṅkhāyanā kaṅkhāyitattaṃ vimati vicikicchā dveḷhakaṃ dvedhāpatho saṃsayo, anekaṃsaggāho āsappanā parisappanā apariyogāhanā thambhitattaṃ cittassa manovilekho – ayaṃ vuccati vicikicchā.","Which are the states that are
vicious?
States that have Āsavas, good, bad and indeterminate, whether they relate to the worlds of Sense, of Form or of the Formless; [in other words] the five skandhas.
not vicious?
The Paths that are the Unincluded, and the Fruits of the Paths, and unconditioned element.",
1-1242,1242. Tattha katamaṃ thinaṃ? Yā cittassa akallatā akammaññatā olīyanā sallīyanā līnaṃ līyanā līyitattaṃ thinaṃ thiyanā thiyitattaṃ cittassa – idaṃ vuccati thinaṃ.,-,
1-1243,1243. Tattha katamaṃ uddhaccaṃ? Yaṃ cittassa uddhaccaṃ avūpasamo cetaso vikkhepo bhantattaṃ cittassa – idaṃ vuccati uddhaccaṃ.,-,
1-1244,"1244. Tattha katamaṃ ahirikaṃ? Yaṃ na hirīyati hiriyitabbena, na hirīyati pāpakānaṃ akusalānaṃ dhammānaṃ samāpattiyā – idaṃ vuccati ahirikaṃ.","Which are the states that are
associated with the vices?",
1-1245,"1245. Tattha katamaṃ anottappaṃ? Yaṃ na ottappati ottappitabbena, na ottappati pāpakānaṃ akusalānaṃ dhammānaṃ samāpattiyā – idaṃ vuccati anottappaṃ.
Ime dhammā kilesā.",disconnected with the vices?,
1-1246,"1246. Katame dhammā no kilesā? Te dhamme ṭhapetvā avasesā kusalākusalābyākatā dhammā kāmāvacarā, rūpāvacarā, arūpāvacarā, apariyāpannā; vedanākkhandho …pe… viññāṇakkhandho; sabbañca rūpaṃ, asaṅkhatā ca dhātu – ime dhammā no kilesā.",both vices and vicious?,
1-1247,"1247. Katame dhammā saṃkilesikā? Sāsavā kusalākusalābyākatā dhammā kāmāvacarā, rūpāvacarā, arūpāvacarā; rūpakkhandho…pe… viññāṇakkhandho – ime dhammā saṃkilesikā.","vicious but not themselves vices?
Answers as in the corresponding pairs in the “Graspings”, §§ 1221 – 1224 .",
1-1248,"1248. Katame dhammā asaṃkilesikā? Apariyāpannā maggā ca, maggaphalāni ca, asaṅkhatā ca dhātu – ime dhammā asaṃkilesikā.","Which are the states that are
both vices and vitiated?
The vices themselves.
vitiated but not themselves vices?
The states which by those ten states are vitiated, the ten themselves excepted; [in other words] the four skandhas.",
1-1249,"1249. Katame dhammā saṃkiliṭṭhā? Tīṇi akusalamūlāni – lobho, doso, moho; tadekaṭṭhā ca kilesā, taṃsampayutto vedanākkhandho…pe… viññāṇakkhandho, taṃsamuṭṭhānaṃ kāyakammaṃ, vacīkammaṃ, manokammaṃ – ime dhammā saṃkiliṭṭhā.",-,
1-1250,"1250. Katame dhammā asaṃkiliṭṭhā? Kusalābyākatā dhammā kāmāvacarā, rūpāvacarā, arūpāvacarā, apariyāpannā; vedanākkhandho…pe… viññāṇakkhandho; sabbañca rūpaṃ, asaṅkhatā ca dhātu – ime dhammā asaṃkiliṭṭhā.","Which are the states that are
both vices and associated with vice?
Greed, hate, conceit, speculative opinion, perplexity, stolidity, distraction, unconscientiousness, and disregard of blame taken severally in conjunction with dullness, and dullness in conjunction with each of them. Greed, also, in conjunction with distraction, and conversely, and so for the remaining eight bases. Greed, also, in conjunction with unconscientiousness, and conversely, and so for the remaining eight. Greed, also, in conjunction with disregard of blame, and conversely, and so for the remaining eight.",
1-1251,1251. Katame dhammā kilesasampayuttā? Tehi dhammehi ye dhammā sampayuttā vedanākkhandho…pe… viññāṇakkhandho – ime dhammā kilesasampayuttā.,associated with vices but not themselves vices?,
1-1252,"1252. Katame dhammā kilesavippayuttā? Tehi dhammehi ye dhammā vippayuttā vedanākkhandho…pe… viññāṇakkhandho ; sabbañca rūpaṃ, asaṅkhatā ca dhātu – ime dhammā kilesavippayuttā.",disconnected with vices but vicious?,
1-1253,1253. Katame dhammā kilesā ceva saṃkilesikā ca? Teva kilesā kilesā ceva saṃkilesikā ca.,"disconnected with vices and not vicious?
Answers to these three questions as in former groups. See §§ 1226 – 1228 , §§ 1771 – 1173 , etc..
In the first edition kilesā was rendered as “Corruptions”. “Vices” is not etymologically a better fit, but, as a stock term for wrong ways or states, it comes nearer in usage to kilesa. These stand, in all but the earliest Pāli (kilesā is hard to find in Vinaya or Dhamma), for the lower, unregenerate side of the average man's nature.
The Supplementary Set of Pairs ( piṭṭhidukaṃ )",
1-1254,"1254. Katame dhammā saṃkilesikā ceva no ca kilesā? Tehi dhammehi ye dhammā saṃkilesikā, te dhamme ṭhapetvā avasesā sāsavā kusalākusalābyākatā dhammā kāmāvacarā, rūpāvacarā, arūpāvacarā; rūpakkhandho…pe… viññāṇakkhandho – ime dhammā saṃkilesikā ceva no ca kilesā.","Which are the states that are to be put away by vision?
The Three Fetters, to wit: theory of individuality, perplexity and perversion as to rule and ritual.",
1-1255,1255. Katame dhammā kilesā ceva saṃkiliṭṭhā ca? Teva kilesā kilesā ceva saṃkiliṭṭhā ca.,Identical with §§ 1003 – 1006 .,
1-1256,"1256. Katame dhammā saṃkiliṭṭhā ceva no ca kilesā? Tehi dhammehi ye dhammā saṃkiliṭṭhā, te dhamme ṭhapetvā vedanākkhandho…pe… viññāṇakkhandho – ime dhammā saṃkiliṭṭhā ceva no ca kilesā.",-,
1-1257,"1257. Katame dhammā kilesā ceva kilesasampayuttā ca? Lobho mohena kileso ceva kilesasampayutto ca, moho lobhena kileso ceva kilesasampayutto ca, doso mohena kileso ceva kilesasampayutto ca, moho dosena kileso ceva kilesasampayutto ca, māno mohena kileso ceva kilesasampayutto ca, moho mānena kileso ceva kilesasampayutto ca, diṭṭhi mohena kileso ceva kilesasampayuttā ca, moho diṭṭhiyā kileso ceva kilesasampayutto ca , vicikicchā mohena kileso ceva kilesasampayuttā ca, moho vicikicchāya kileso ceva kilesasampayutto ca, thinaṃ mohena kileso ceva kilesasampayuttañca, moho thinena kileso ceva kilesasampayutto ca, uddhaccaṃ mohena kileso ceva kilesasampayuttañca, moho uddhaccena kileso ceva kilesasampayutto ca, ahirikaṃ mohena kileso ceva kilesasampayuttañca, moho ahirikena kileso ceva kilesasampayutto ca, anottappaṃ mohena kileso ceva kilesasampayuttañca, moho anottappena kileso ceva kilesasampayutto ca, lobho uddhaccena kileso ceva kilesasampayutto ca, uddhaccaṃ lobhena kileso ceva kilesasampayuttañca, doso uddhaccena kileso ceva kilesasampayutto ca, uddhaccaṃ dosena kileso ceva kilesasampayuttañca, moho uddhaccena kileso ceva kilesasampayutto ca, uddhaccaṃ mohena kileso ceva kilesasampayuttañca, māno uddhaccena kileso ceva kilesasampayutto ca, uddhaccaṃ mānena kileso ceva kilesasampayuttañca, diṭṭhi uddhaccena kileso ceva kilesasampayuttā ca, uddhaccaṃ diṭṭhiyā kileso ceva kilesasampayuttañca, vicikicchā uddhaccena kileso ceva kilesasampayuttā ca, uddhaccaṃ vicikicchāya kileso ceva kilesasampayuttañca, thinaṃ uddhaccena kileso ceva kilesasampayuttañca, uddhaccaṃ thinena kileso ceva kilesasampayuttañca, ahirikaṃ uddhaccena kileso ceva kilesasampayuttañca, uddhaccaṃ ahirikena kileso ceva kilesasampayuttañca, anottappaṃ uddhaccena kileso ceva kilesasampayuttañca, uddhaccaṃ anottappena kileso ceva kilesasampayuttañca, lobho ahirikena kileso ceva kilesasampayutto ca, ahirikaṃ lobhena kileso ceva kilesasampayuttañca, doso ahirikena kileso ceva kilesasampayutto ca, ahirikaṃ dosena kileso ceva kilesasampayuttañca, moho ahirikena kileso ceva kilesasampayutto ca, ahirikaṃ mohena kileso ceva kilesasampayuttañca, māno ahirikena kileso ceva kilesasampayutto ca , ahirikaṃ mānena kileso ceva kilesasampayuttañca, diṭṭhi ahirikena kileso ceva kilesasampayuttā ca, ahirikaṃ diṭṭhiyā kileso ceva kilesasampayuttañca, vicikicchā ahirikena kileso ceva kilesasampayuttā ca, ahirikaṃ vicikicchāya kileso ceva kilesasampayuttañca, thinaṃ ahirikena kileso ceva kilesasampayuttañca, ahirikaṃ thinena kileso ceva kilesasampayuttañca, uddhaccaṃ ahirikena kileso ceva kilesasampayuttañca, ahirikaṃ uddhaccena kileso ceva kilesasampayuttañca, anottappaṃ ahirikena kileso ceva kilesasampayuttañca, ahirikaṃ anottappena kileso ceva kilesasampayuttañca, lobho anottappena kileso ceva kilesasampayutto ca, anottappaṃ lobhena kileso ceva kilesasampayuttañca , doso anottappena kileso ceva kilesasampayutto ca, anottappaṃ dosena kileso ceva kilesasampayuttañca, moho anottappena kileso ceva kilesasampayutto ca, anottappaṃ mohena kileso ceva kilesasampayuttañca, māno anottappena kileso ceva kilesasampayutto ca, anottappaṃ mānena kileso ceva kilesasampayuttañca, diṭṭhi anottappena kileso ceva kilesasampayuttā ca, anottappaṃ diṭṭhiyā kileso ceva kilesasampayuttañca, vicikicchā anottappena kileso ceva kilesasampayuttā ca, anottappaṃ vicikicchāya kileso ceva kilesasampayuttañca, thinaṃ anottappena kileso ceva kilesasampayuttañca, anottappaṃ thinena kileso ceva kilesasampayuttañca, uddhaccaṃ anottappena kileso ceva kilesasampayuttañca, anottappaṃ uddhaccena kileso ceva kilesasampayuttañca, ahirikaṃ anottappena kileso ceva kilesasampayuttañca, anottappaṃ ahirikena kileso ceva kilesasampayuttañca – ime dhammā kilesā ceva kilesasampayuttā ca.",-,
1-1258,1258. Katame dhammā kilesasampayuttā ceva no ca kilesā? Tehi dhammehi ye dhammā sampayuttā te dhamme ṭhapetvā vedanākkhandho…pe… viññāṇakkhandho – ime dhammā kilesasampayuttā ceva no ca kilesā.,"Which are the states that are not to be put away by vision?
All states whatever, good, bad and indeterminate, except the three afore-mentioned, whether they relate to the worlds of Sense, Form or the Formless, or to the life that is Unincluded; [in other words] the four skandhas; all [material] form also and unconditioned element.",
1-1259,"1259. Katame dhammā kilesavippayuttā saṃkilesikā? Tehi dhammehi ye dhammā vippayuttā sāsavā kusalābyākatā dhammā kāmāvacarā, rūpāvacarā, arūpāvacarā; rūpakkhandho…pe… viññāṇakkhandho – ime dhammā kilesavippayuttā saṃkilesikā.","Which are the states that are
to be put away by cultivation?
All the remaining lust, hate and dullness as well as the vices united with them, the four skandhas associated with them, and the action, bodily, vocal and mental, springing from them.
not to be put away by cultivation?
Answer as for those states which are not to be put away by insight [ § 1258 ].",
1-1260,"1260. Katame dhammā kilesavippayuttā asaṃkilesikā ? Apariyāpannā maggā ca, maggaphalāni ca, asaṅkhatā ca dhātu – ime dhammā kilesavippayuttā asaṃkilesikā.",-,
1-1261,"1261. Katame dhammā dassanena pahātabbā? Tīṇi saṃyojanāni – sakkāyadiṭṭhi, vicikicchā, sīlabbataparāmāso.","Which are the states the causes of which are to be put away by vision?
The Three Fetters, to wit: theory of individuality, perplexity and perversion as to rule and ritual.",
1-1262,"1262. Tattha katamā sakkāyadiṭṭhi? Idha assutavā puthujjano ariyānaṃ adassāvī ariyadhammassa akovido ariyadhamme avinīto sappurisānaṃ adassāvī sappurisadhammassa akovido sappurisadhamme avinīto rūpaṃ attato samanupassati, rūpavantaṃ vā attānaṃ, attani vā rūpaṃ, rūpasmiṃ vā attānaṃ. Vedanaṃ…pe… saññaṃ…pe… saṅkhāre…pe… viññāṇaṃ attato samanupassati, viññāṇavantaṃ vā attānaṃ, attani vā viññāṇaṃ, viññāṇasmiṃ vā attānaṃ. Yā evarūpā diṭṭhi diṭṭhigataṃ…pe… vipariyāsaggāho – ayaṃ vuccati sakkāyadiṭṭhi.",Identical with §§ 1003 – 1006 .,
1-1263,1263. Tattha katamā vicikicchā? Satthari kaṅkhati vicikicchati…pe… thambhitattaṃ cittassa manovilekho – ayaṃ vuccati vicikicchā.,-,
1-1264,"1264. Tattha katamo sīlabbataparāmāso? Ito bahiddhā samaṇabrāhmaṇānaṃ sīlena suddhi vatena suddhi sīlabbatena suddhīti – yā evarūpā diṭṭhi diṭṭhigataṃ…pe… vipariyāsaggāho – ayaṃ vuccati sīlabbataparāmāso. Imāni tīṇi saṃyojanāni, tadekaṭṭhā ca kilesā, taṃsampayutto vedanākkhandho…pe… viññāṇakkhandho, taṃsamuṭṭhānaṃ kāyakammaṃ vacīkammaṃ manokammaṃ – ime dhammā dassanena pahātabbā.",-,
1-1265,"1265. Katame dhammā na dassanena pahātabbā? Te dhamme ṭhapetvā avasesā kusalākusalābyākatā dhammā kāmāvacarā, rūpāvacarā, arūpāvacarā, apariyāpannā; vedanākkhandho…pe… viññāṇakkhandho, sabbañca rūpaṃ, asaṅkhatā ca dhātu – ime dhammā na dassanena pahātabbā.","Which are the states the causes of which are not to be put away by insight?
Answer as for those “states which are not to be put away (by insight”, § 1258 .",
1-1266,"1266. Katame dhammā bhāvanāya pahātabbā? Avaseso lobho doso moho, tadekaṭṭhā ca kilesā, taṃsampayutto vedanākkhandho…pe… viññāṇakkhandho, taṃsamuṭṭhānaṃ kāyakammaṃ, vacīkammaṃ manokammaṃ – ime dhammā bhāvanāya pahātabbā.","Which are the states the causes of which are
to be put away by cultivation?
All the remaining lust, hate and dullness: these are the causes that are to be put away by cultivation. And the vices united with them, the four skandhas associated with them, and the action, bodily, vocal and mental, springing from them, are the states the causes of which are to be put away by cultivation.
not to be put away by cultivation?
Answer as for the “states which are not to be put away by cultivation”, § 1260 .",
1-1267,"1267. Katame dhammā na bhāvanāya pahātabbā? Te dhamme ṭhapetvā avasesā kusalākusalābyākatā dhammā kāmāvacarā, rūpāvacarā, arūpāvacarā, apariyāpannā; vedanākkhandho …pe… viññāṇakkhandho; sabbañca rūpaṃ, asaṅkhatā ca dhātu – ime dhammā na bhāvanāya pahātabbā.",-,
1-1268,"1268. Katame dhammā dassanena pahātabbahetukā? Tīṇi saṃyojanāni – sakkāyadiṭṭhi, vicikicchā, sīlabbataparāmāso.","Which are the states
“with applied thinking”?
The four skandhas when associated with conception (the latter not being included) [which springs up] in a soil wherein is application of thought, either in the worlds of Sense or Form, or in the life that is Unincluded.",
1-1269,"1269. Tattha katamā sakkāyadiṭṭhi? Idha assutavā puthujjano ariyānaṃ adassāvī ariyadhammassa akovido ariyadhamme avinīto sappurisānaṃ adassāvī sappurisadhammassa akovido sappurisadhamme avinīto rūpaṃ attato samanupassati, rūpavantaṃ vā attānaṃ, attani vā rūpaṃ, rūpasmiṃ vā attānaṃ. Vedanaṃ…pe… saññaṃ…pe… saṅkhāre…pe… viññāṇaṃ attato samanupassati, viññāṇavantaṃ vā attānaṃ, attani vā viññāṇaṃ, viññāṇasmiṃ vā attānaṃ. Yā evarūpā diṭṭhi diṭṭhigataṃ…pe… vipariyāsaggāho – ayaṃ vuccati sakkāyadiṭṭhi.","“without applied thinking”?
The four skandhas when springing up in a soil void of applied thinking, either in the worlds of Sense, Form or the Formless, or in the life that is Unincluded; applied thinking itself also, and all [material] form and unconditioned element.",
1-1270,1270. Tattha katamā vicikicchā? Satthari kaṅkhati vicikicchati…pe… thambhitattaṃ cittassa manovilekho – ayaṃ vuccati vicikicchā.,“with sustained thinking”?,
1-1271,"1271. Tattha katamo sīlabbataparāmāso? Ito bahiddhā samaṇabrāhmaṇānaṃ sīlena suddhi vatena suddhi sīlabbatena suddhīti – yā evarūpā diṭṭhi diṭṭhigataṃ…pe… vipariyāsaggāho – ayaṃ vuccati sīlabbataparāmāso. Imāni tīṇi saṃyojanāni, tadekaṭṭhā ca kilesā, taṃsampayutto vedanākkhandho…pe… viññāṇakkhandho, taṃsamuṭṭhānaṃ kāyakammaṃ, vacīkammaṃ, manokammaṃ – ime dhammā dassanena pahātabbahetukā. Tīṇi saṃyojanāni – sakkāyadiṭṭhi, vicikicchā, sīlabbataparāmāso – ime dhammā dassanena pahātabbā. Tadekaṭṭho lobho doso moho – ime dhammā dassanena pahātabbahetū. Tadekaṭṭhā ca kilesā, taṃsampayutto vedanākkhandho…pe… viññāṇakkhandho, taṃsamuṭṭhānaṃ kāyakammaṃ, vacīkammaṃ, manokammaṃ – ime dhammā dassanena pahātabbahetukā.","“without sustained thinking”?
Answers (substituting “sustained thinking” for “applied thinking”) as in § 1268 , § 1269 , respectively.",
1-1272,"1272. Katame dhammā na dassanena pahātabbahetukā? Te dhamme ṭhapetvā avasesā kusalākusalābyākatā dhammā kāmāvacarā , rūpāvacarā, arūpāvacarā, apariyāpannā; vedanākkhandho…pe… viññāṇakkhandho; sabbañca rūpaṃ, asaṅkhatā ca dhātu – ime dhammā na dassanena pahātabbahetukā.","Which are the states that are
with zest?",
1-1273,"1273. Katame dhammā bhāvanāya pahātabbahetukā? Avaseso lobho doso moho – ime dhammā bhāvanāya pahātabbahetū. Tadekaṭṭhā ca kilesā, taṃsampayutto vedanākkhandho…pe… viññāṇakkhandho, taṃsamuṭṭhānaṃ kāyakammaṃ, vacīkammaṃ, manokammaṃ – ime dhammā bhāvanāya pahātabbahetukā.",without zest?,
1-1274,"1274. Katame dhammā na bhāvanāya pahātabbahetukā? Te dhamme ṭhapetvā avasesā kusalākusalābyākatā dhammā kāmāvacarā, rūpāvacarā, arūpāvacarā, apariyāpannā; vedanākkhandho…pe… viññāṇakkhandho; sabbañca rūpaṃ, asaṅkhatā ca dhātu – ime dhammā na bhāvanāya pahātabbahetukā.",accompanied by zest?,
1-1275,"1275. Katame dhammā savitakkā? Savitakkabhūmiyaṃ kāmāvacare rūpāvacare apariyāpanne, vitakkaṃ ṭhapetvā, taṃsampayutto vedanākkhandho…pe… viññāṇakkhandho – ime dhammā savitakkā.",unaccompanied by zest?,
1-1276,"1276. Katame dhammā avitakkā? Avitakkabhūmiyaṃ kāmāvacare rūpāvacare arūpāvacare apariyāpanne; vedanākkhandho…pe… viññāṇakkhandho; vitakko ca, sabbañca rūpaṃ, asaṅkhatā ca dhātu – ime dhammā avitakkā.",accompanied by ease?,
1-1277,"1277. Katame dhammā savicārā? Savicārabhūmiyaṃ kāmāvacare rūpāvacare apariyāpanne, vicāraṃ ṭhapetvā, taṃsampayutto vedanākkhandho, saññākkhandho, saṅkhārakkhandho, viññāṇakkhandho – ime dhammā savicārā.","unaccompanied by ease?
Answers to each pair of questions analogous to those in §§ 1268 , 1269 , “zest” or “ease” being substituted in due order for “applied thinking”.",
1-1278,"1278. Katame dhammā avicārā? Avicārabhūmiyaṃ kāmāvacare rūpāvacare arūpāvacare apariyāpanne; vedanākkhandho…pe… viññāṇakkhandho; vicāro ca, sabbañca rūpaṃ, asaṅkhatā ca dhātu – ime dhammā avicārā.","Which are the states that are
accompanied by indifference?
The three skandhas of perception, synergies and consciousness, when associated with indifference (the latter not being included), [which springs up] in a soil congenial to it, either in the worlds of Sense, Form or the Formless, or in the life that is Unincluded.
unaccompanied by indifference?
The four skandhas [when springing up] in a soil uncongenial to indifference, either in the worlds of Sense or Form, or in the life that is Unincluded; indifference itself also, and all [material] form and unconditioned element.",
1-1279,"1279. Katame dhammā sappītikā? Sappītikabhūmiyaṃ kāmāvacare rūpāvacare apariyāpanne , pītiṃ ṭhapetvā, taṃsampayutto vedanākkhandho…pe… viññāṇakkhandho – ime dhammā sappītikā.",-,
1-1280,"1280. Katame dhammā appītikā? Appītikabhūmiyaṃ kāmāvacare rūpāvacare arūpāvacare apariyāpanne; vedanākkhandho…pe… viññāṇakkhandho; pīti ca, sabbañca rūpaṃ, asaṅkhatā ca dhātu – ime dhammā appītikā.","Which are the states that
relate (belong) to the universe of Sense?
Take from the waveless deep of woe beneath up to the heaven above of the Parinimittavasavatti devas inclusive—then whatever has there its range, and is therein included, whether it be skandha, element or sphere—form, feeling, perception, synergies, cognition: these are states that relate (belong) to the universe of Sense.",
1-1281,"1281. Katame dhammā pītisahagatā? Pītibhūmiyaṃ kāmāvacare rūpāvacare apariyāpanne, pītiṃ ṭhapetvā, taṃsampayutto vedanākkhandho…pe… viññāṇakkhandho – ime dhammā pītisahagatā.","do not relate (belong) to the universe of Sense?
The universe of Form, that of the Formless and the life that is Unincluded.",
1-1282,"1282. Katame dhammā na pītisahagatā? Na pītibhūmiyaṃ kāmāvacare rūpāvacare arūpāvacare apariyāpanne; vedanākkhandho…pe… viññāṇakkhandho; pīti ca, sabbañca rūpaṃ, asaṅkhatā ca dhātu – ime dhammā na pītisahagatā.","relate (belong) to the universe of Form?
Take from the Brahma-world below up to the heaven above of the Akaniṭṭha gods inclusive—then whatever states, both of mind and mental properties, have therein their range and are therein included, whether they are states of one who has attained [Jhāna having potential good], or of one in whom [resultant Jhāna] has arisen, or of one living happily under present conditions.",
1-1283,"1283. Katame dhammā sukhasahagatā? Sukhabhūmiyaṃ kāmāvacare rūpāvacare apariyāpanne, sukhaṃ ṭhapetvā, taṃsampayutto saññākkhandho, saṅkhārakkhandho, viññāṇakkhandho – ime dhammā sukhasahagatā.","do not relate (belong) to the universe of Form?
The universe of Sense, that of the Formless and the life that is Unincluded.",
1-1284,"1284. Katame dhammā na sukhasahagatā? Na sukhabhūmiyaṃ kāmāvacare rūpāvacare arūpāvacare apariyāpanne; vedanākkhandho…pe… viññāṇakkhandho; sukhañca, sabbañca rūpaṃ, asaṅkhatā ca dhātu – ime dhammā na sukhasahagatā.","relate (belong) to the universe of the Formless?
Take from the entrance among the denizens of “the sphere of infinite space” as the lower limit, and up to the entrance above among the devas of “the sphere where there is neither perception nor non-perception”—then whatever states, both of mind and mental properties, have therein their range and are therein included, whether they are states of one who has attained [Jhāna having potential good], or of one in whom [resultant Jhāna] has arisen, or of one living happily under present conditions: these are states that relate (belong) to the universe of the Formless.",
1-1285,"1285. Katame dhammā upekkhāsahagatā? Upekkhābhūmiyaṃ kāmāvacare rūpāvacare arūpāvacare apariyāpanne, upekkhaṃ ṭhapetvā, taṃsampayutto saññākkhandho, saṅkhārakkhandho, viññāṇakkhandho – ime dhammā upekkhāsahagatā.","do not relate (belong) to the universe of the Formless?
The universe of Sense, that of Form, and the life that is Unincluded.",
1-1286,"1286. Katame dhammā na upekkhāsahagatā? Na upekkhābhūmiyaṃ kāmāvacare rūpāvacare apariyāpanne, vedanākkhandho…pe… viññāṇakkhandho, upekkhā ca, sabbañca rūpaṃ, asaṅkhatā ca dhātu – ime dhammā na upekkhāsahagatā.","belong to the Included?
States that have Āsavas, good, bad and indeterminate, whether they relate to the worlds of Sense, of Form or of the Formless; [in other words] the five skandhas.",
1-1287,"1287. Katame dhammā kāmāvacarā? Heṭṭhato avicinirayaṃ pariyantaṃ karitvā, uparito paranimmitavasavattī deve [paranimmitavasavattideve (sī. ka.)] anto karitvā, yaṃ etasmiṃ antare etthāvacarā ettha pariyāpannā khandhadhātu āyatanā, rūpaṃ vedanā saññā saṅkhārā viññāṇaṃ – ime dhammā kāmāvacarā.","belong to the Unincluded?
The Paths, and the Fruit of the Paths, and unconditioned element.",
1-1288,"1288. Katame dhammā na kāmāvacarā? Rūpāvacarā, arūpāvacarā, apariyāpannā – ime dhammā na kāmāvacarā.","Which are the states by which
there is a going away?
The four Paths that are the Unincluded.
there is no going away?
All states, good, bad and indeterminate, except those four, whether they relate to the worlds of Sense, Form or the Formless, or to the life that is Unincluded; [in other words] the four skandhas; all [material] form also, and unconditioned element.",
1-1289,"1289. Katame dhammā rūpāvacarā? Heṭṭhato brahmalokaṃ pariyantaṃ karitvā, uparito akaniṭṭhe deve [akaniṭṭhadeve (sī. ka.)] anto karitvā, yaṃ etasmiṃ antare etthāvacarā ettha pariyāpannā samāpannassa vā upapannassa vā diṭṭhadhammasukhavihārissa [diṭṭhadhammasukhavihārassa (ka.)] vā cittacetasikā dhammā – ime dhammā rūpāvacarā .",-,
1-1290,"1290. Katame dhammā na rūpāvacarā? Kāmāvacarā, arūpāvacarā, apariyāpannā – ime dhammā na rūpāvacarā.","Which are the states that are
fixed?
The five acts that have immediate results, and those wrong views that are fixed in their consequences; the four Paths also that are the Unincluded.
not fixed?
Answer as in § 1289 .",
1-1291,"1291. Katame dhammā arūpāvacarā? Heṭṭhato ākāsānañcāyatanupage deve pariyantaṃ karitvā, uparito nevasaññānāsaññāyatanupage deve anto karitvā, yaṃ etasmiṃ antare etthāvacarā ettha pariyāpannā samāpannassa vā upapannassa vā diṭṭhadhammasukhavihārissa vā cittacetasikā dhammā – ime dhammā arūpāvacarā.",-,
1-1292,"1292. Katame dhammā na arūpāvacarā? Kāmāvacarā, rūpāvacarā, apariyāpannā – ime dhammā na arūpāvacarā.","Which are the states that have
something beyond?
States that have Āsavas, good, bad and indeterminate, whether they relate to the worlds of Sense, of Form or of the Formless; in other words, the five skandhas.
no “beyond”?
The four Paths that are the Unincluded, and the Fruits of the Paths, and unconditioned element.",
1-1293,"1293. Katame dhammā pariyāpannā? Sāsavā kusalākusalābyākatā dhammā kāmāvacarā, rūpāvacarā, arūpāvacarā, rūpakkhandho…pe… viññāṇakkhandho – ime dhammā pariyāpannā.",-,
1-1294,"1294. Katame dhammā apariyāpannā? Maggā ca, maggaphalāni ca, asaṅkhatā ca dhātu – ime dhammā apariyāpannā.","Which are the states that are
harmful?
The three roots of bad (karma): greed, hate and dullness—and the Corruptions united with them; the four skandhas associated with them; the action, bodily, vocal and mental, springing from them.
harmless?
Good, bad and indeterminate states, whether they relate to the worlds of Sense, Form or the Formless, or to the life that is Unincluded; [in other words] the four skandhas; all [material] form also, and unconditioned element.
A Buddhist Manual of Psychological Ethics , a rys_davids of the Dhammasaṅgaṇī, Compendium of States or Phenomena, by Caroline A.F. Rhys Davids and D. Litt., M.A. .
Published by the Pali Text Society in 1900 . Reprinted 1923, 1974, 1993, 2004.
Released by the Pali Text Society under Creative Commons Attribution-NonCommercial 3.0 licence (CC BY-NC 3.0) .
See also the statement under http://",
1-1295,1295. Katame dhammā niyyānikā? Cattāro maggā apariyāpannā – ime dhammā niyyānikā.,-,
1-1296,"1296. Katame dhammā aniyyānikā? Te dhamme ṭhapetvā avasesā kusalākusalābyākatā dhammā kāmāvacarā, rūpāvacarā, arūpāvacarā, apariyāpannā; vedanākkhandho…pe… viññāṇakkhandho, sabbañca rūpaṃ, asaṅkhatā ca dhātu – ime dhammā aniyyānikā.","Which are the states that
partake of wisdom?
States which are the associates of wisdom.
partake of ignorance?
States which are the associates of ignorance.",
1-1297,"1297. Katame dhammā niyatā? Pañca kammāni ānantarikāni, yā ca micchādiṭṭhi niyatā, cattāro maggā apariyāpannā – ime dhammā niyatā.",-,
1-1298,"1298. Katame dhammā aniyatā? Te dhamme ṭhapetvā avasesā kusalākusalābyākatā dhammā kāmāvacarā, rūpāvacarā, arūpāvacarā, apariyāpannā; vedanākkhandho…pe… viññāṇakkhandho, sabbañca rūpaṃ, asaṅkhatā ca dhātu – ime dhammā aniyatā.","Which are the states that have
the likeness of lightning?
Insight into the three lowest of the Noble Paths.
the likeness of the thunderbolt?
The science of the topmost Path, the Path of Arahantship.",
1-1299,"1299. Katame dhammā sauttarā? Sāsavā kusalākusalābyākatā dhammā kāmāvacarā, rūpāvacarā, arūpāvacarā; rūpakkhandho…pe… viññāṇakkhandho – ime dhammā sauttarā.",-,
1-1300,"1300. Katame dhammā anuttarā? Apariyāpannā maggā ca, maggaphalāni ca, asaṅkhatā ca dhātu – ime dhammā anuttarā.","Which are the states that are
foolish?
Unconscientiousness and disregard of blame. Besides, all bad states are foolish.
discreet?
Conscientiousness and fear of blame. Besides, all good states are discreet.",
1-1301,"1301. Katame dhammā saraṇā? Tīṇi akusalamūlāni lobho, doso, moho; tadekaṭṭhā ca kilesā, taṃsampayutto vedanākkhandho…pe… viññāṇakkhandho, taṃsamuṭṭhānaṃ kāyakammaṃ, vacīkammaṃ, manokammaṃ – ime dhammā saraṇā.",-,
1-1302,"1302. Katame dhammā araṇā? Kusalābyākatā dhammā kāmāvacarā, rūpāvacarā, arūpāvacarā, apariyāpannā; vedanākkhandho…pe… viññāṇakkhandho, sabbañca rūpaṃ, asaṅkhatā ca dhātu – ime dhammā araṇā.
Abhidhammadukaṃ.","Which are the states that are
dark?
Unconscientiousness and disregard of blame. Besides, all bad states are dark.
bright?
Conscientiousness and fear of blame. Besides, all good states are bright.",
1-1303,1303. Katame dhammā vijjābhāgino? Vijjāya sampayuttakā dhammā – ime dhammā vijjābhāgino.,-,
1-1304,1304. Katame dhammā avijjābhāgino? Avijjāya sampayuttakā dhammā – ime dhammā avijjābhāgino.,"Which are the states that
conduce to remorse?
Misconduct in act, word and thought. Besides, all bad states conduce to remorse.
do not conduce to remorse?
Good conduct in act, word and thought. Besides, no good states conduce to remorse.",
1-1305,1305. Katame dhammā vijjūpamā? Heṭṭhimesu tīsu ariyamaggesu paññā – ime dhammā vijjūpamā.,-,
1-1306,1306. Katame dhammā vajirūpamā? Upariṭṭhime arahattamagge paññā – ime dhammā vajirūpamā.,"Which are the states that are equivalent terms?
That which is an enumeration, that which is a designation, an expression, a current term, a name, a denomination, the assigning of a name, an interpretation, a distinctive mark of discourse on this or that state.",
1-1307,1307. Katame dhammā bālā? Ahirīkañca anottappañca – ime dhammā bālā. Sabbepi akusalā dhammā bālā.,"Which are the states that are explanations?
Answer as in § 1306 .",
1-1308,1308. Katame dhammā paṇḍitā? Hirī ca ottappañca – ime dhammā paṇḍitā. Sabbepi kusalā dhammā paṇḍitā.,"Which are the states that are expressions?
Answer as in § 1306 .",
1-1309,1309. Katame dhammā kaṇhā? Ahirīkañca anottappañca – ime dhammā kaṇhā. Sabbepi akusalā dhammā kaṇhā.,"What is name?
The four skandhas and unconditioned element.",
1-1310,1310. Katame dhammā sukkā? Hirī ca ottappañca – ime dhammā sukkā? Sabbepi kusalā dhammā sukkā.,"What is [material] form?
The four great phenomena and the [material] form which is derived from them.",
1-1311,"1311. Katame dhammā tapanīyā? Kāyaduccaritaṃ, vacīduccaritaṃ, manoduccaritaṃ – ime dhammā tapanīyā. Sabbepi akusalā dhammā tapanīyā.","What is ignorance?
Answer as for “dullness”, § 390 (omitting “on that occasion”).",
1-1312,"1312. Katame dhammā atapanīyā? Kāyasucaritaṃ, vacīsucaritaṃ, manosucaritaṃ – ime dhammā atapanīyā. Sabbepi kusalā dhammā atapanīyā.","What is the craving for rebirth?
Answer as for the “Fetter of the passion for rebirth”, § 1120 .",
1-1313,1313. Katame dhammā adhivacanā? Yā tesaṃ tesaṃ dhammānaṃ saṅkhā samaññā paññatti vohāro nāmaṃ nāmakammaṃ nāmadheyyaṃ nirutti byañjanaṃ abhilāpo – ime dhammā adhivacanā. Sabbeva dhammā adhivacanapathā.,"What is speculative opinion about rebirth?
Theories that both soul and world will come to be, etc.",
1-1314,1314. Katame dhammā nirutti? Yā tesaṃ tesaṃ dhammānaṃ saṅkhā samaññā paññatti vohāro nāmaṃ nāmakammaṃ nāmadheyyaṃ nirutti byañjanaṃ abhilāpo – ime dhammā nirutti. Sabbeva dhammā niruttipathā.,"What is speculative opinion about non-rebirth?
Theories that both soul and world will not come to be, etc.",
1-1315,1315. Katame dhammā paññatti? Yā tesaṃ tesaṃ dhammānaṃ saṅkhā samaññā paññatti vohāro nāmaṃ nāmakammaṃ nāmadheyyaṃ nirutti byañjanaṃ abhilāpo – ime dhammā paññatti. Sabbeva dhammā paññattipathā.,"What is the sort of speculation known as Eternalism?
That both soul and world are eternal, etc.",
1-1316,"1316. Tattha katamaṃ nāmaṃ? Vedanākkhandho, saññākkhandho, saṅkhārakkhandho, viññāṇakkhandho, asaṅkhatā ca dhātu – idaṃ vuccati nāmaṃ.","What is the sort of speculation known as Annihilation?
That both soul and world will be dissolved, etc.",
1-1317,"1317. Tattha katamaṃ rūpaṃ? Cattāro ca mahābhūtā, catunnañca mahābhūtānaṃ upādāya rūpaṃ – idaṃ vuccati rūpaṃ.",What is the sort of speculation known as the Finite Theory …,
1-1318,1318. Tattha katamā avijjā? Yaṃ aññāṇaṃ adassanaṃ…pe… avijjālaṅgī moho akusalamūlaṃ – ayaṃ vuccati avijjā.,"the Infinite Theory?
That both soul and world are finite … infinite, etc.",
1-1319,1319. Tattha katamā bhavataṇhā? Yo bhavesu bhavachando…pe… bhavajjhosānaṃ – ayaṃ vuccati bhavataṇhā.,What is the sort of speculation known as the Theory of Origins …,
1-1320,"1320. Tattha katamā bhavadiṭṭhi? Bhavissati attā ca loko cāti, yā evarūpā diṭṭhi diṭṭhigataṃ…pe… vipariyāsaggāho – ayaṃ vuccati bhavadiṭṭhi.","the Theory of the Hereafter?
Theories concerning the ultimate past … concerning futurity.
All this sort of opinion, walking in opinion, jungle of opinion, wilderness of opinion, disorder of opinion, scuffling of opinion, the Fetter of opinion, the grip and tenacity of it, the inclination towards it, the being infected by it, this by-path, wrong road, wrongness, this sectarianism, this shiftiness of grasp—this is what is called speculative opinion about rebirth, and the rest.",
1-1321,"1321. Tattha katamā vibhavadiṭṭhi? Na bhavissati attā ca loko cāti, yā evarūpā diṭṭhi diṭṭhigataṃ…pe… vipariyāsaggāho – ayaṃ vuccati vibhavadiṭṭhi.",What is unconscientiousness? …,
1-1322,"1322. Tattha katamā sassatadiṭṭhi? Sassato attā ca loko cāti, yā evarūpā diṭṭhi diṭṭhigataṃ…pe… vipariyāsaggāho – ayaṃ vuccati sassatadiṭṭhi.","disregard of blame?
Answers as for the ninth and tenth “bases of vice”, §§ 1238 , 1239 .",
1-1323,"1323. Tattha katamā ucchedadiṭṭhi? Ucchijjissati attā ca loko cāti, yā evarūpā diṭṭhi diṭṭhigataṃ…pe… vipariyāsaggāho – ayaṃ vuccati ucchedadiṭṭhi.","What is conscientiousness?
The feeling of conscientious scruple when scruples ought to be felt, conscientious scruple at attaining to bad and evil states.",
1-1324,"1324. Tattha katamā antavā diṭṭhi? Antavā attā ca loko cāti, yā evarūpā diṭṭhi diṭṭhigataṃ…pe… vipariyāsaggāho – ayaṃ vuccati antavā diṭṭhi.","What is discretion?
The sense of guilt where a sense of guilt ought to be felt, a sense of guilt at attaining to bad and evil states.",
1-1325,"1325. Tattha katamā anantavā diṭṭhi? Anantavā attā ca loko cāti, yā evarūpā diṭṭhi diṭṭhigataṃ…pe… vipariyāsaggāho – ayaṃ vuccati anantavā diṭṭhi.","What is contumacy?
The being surly, refractious, contumacious when that which is in accordance with the Norm has been said, contrariness, captiousness, want of regard, of consideration, of reverence, of deference.",
1-1326,1326. Tattha katamā pubbantānudiṭṭhi? Pubbantaṃ ārabbha yā uppajjati diṭṭhi diṭṭhigataṃ…pe… vipariyāsaggāho – ayaṃ vuccati pubbantānudiṭṭhi.,"What is friendship with evil?
To follow after, to frequent the company of, and associate with such persons as are unbelievers, immoral, uneducated, mean-spirited and witless; to resort to and consort with them, to be devoted to them, enthusiastic about them, and entangled with them.",
1-1327,1327. Tattha katamā aparantānudiṭṭhi? Aparantaṃ ārabbha yā uppajjati diṭṭhi diṭṭhigataṃ…pe… vipariyāsaggāho – ayaṃ vuccati aparantānudiṭṭhi.,"What is suavity?
The being gentle, tractable, amenable when that which is in accordance with the Norm has been said, the refraining from contradiction and from captiousness; the showing regard and consideration, devotion and deference.",
1-1328,"1328. Tattha katamaṃ ahirikaṃ? Yaṃ na hirīyati hiriyitabbena, na hirīyati pāpakānaṃ akusalānaṃ dhammānaṃ samāpattiyā – idaṃ vuccati ahirikaṃ.","What is friendship with good?
To follow after, frequent the company of, and associate with, such persons as are believers, virtuous, well educated, generous and wise; to resort to and consort with them, to be devoted to them, enthusiastic about them, mixed up with them.",
1-1329,"1329. Tattha katamaṃ anottappaṃ? Yaṃ na ottappati ottappitabbena, na ottappati pāpakānaṃ akusalānaṃ dhammānaṃ samāpattiyā – idaṃ vuccati anottappaṃ.","What is skill in
the Offences?
restoration from the Offences?
the Attainments?
recovery from the Attainments?
That skill which is insight, understanding, search, research, etc., when applied to
the Offences termed the Five Groups of Offences and the Seven Groups of Offences;
restoration from [the effects of] those Offences;
a case of Attainment with applied and sustained thought, a case of Attainment with only sustained thought, a case of Attainment without either mode of thought;
recovery from those Attainments.",
1-1330,"1330. Tattha katamā hirī? Yaṃ hirīyati hiriyitabbena, hirīyati pāpakānaṃ akusalānaṃ dhammānaṃ samāpattiyā – ayaṃ vuccati hirī.",-,
1-1331,"1331. Tattha katamaṃ ottappaṃ? Yaṃ ottappati ottappitabbena, ottappati pāpakānaṃ akusalānaṃ dhammānaṃ samāpattiyā – idaṃ vuccati ottappaṃ.",-,
1-1332,1332. Tattha katamā dovacassatā? Sahadhammike vuccamāne dovacassāyaṃ dovacassiyaṃ dovacassatā vippaṭikūlaggāhitā vipaccanīkasātatā anādariyaṃ anādaratā agāravatā appaṭissavatā – ayaṃ vuccati dovacassatā.,-,
1-1333,"1333. Tattha katamā pāpamittatā? Ye te puggalā assaddhā dussīlā appassutā maccharino duppaññā, yā tesaṃ sevanā nisevanā saṃsevanā bhajanā sambhajanā bhatti sambhatti taṃsampavaṅkatā – ayaṃ vuccati pāpamittatā.","What is proficiency in the Elements?
That proficiency which is insight, understanding, search, research, etc., when applied to the eighteen elements, viz.: sight, visible shape and visual cognition, hearing, sound and auditory cognition, smell, odour and olfactory cognition, taste, sapid object and gustatory cognition, body-sensibility, the tangible and tactile cognition, mind, mental object and representative cognition.",
1-1334,1334. Tattha katamā sovacassatā? Sahadhammike vuccamāne sovacassāyaṃ sovacassiyaṃ sovacassatā appaṭikūlaggāhitā avipaccanīkasātatā sagāravatā sādariyaṃ sādaratā sappaṭissavatā – ayaṃ vuccati sovacassatā.,"What is proficiency in attention?
That proficiency in attention which is insight, understanding, etc., when applied to those elements.",
1-1335,"1335. Tattha katamā kalyāṇamittatā? Ye te puggalā saddhā sīlavanto bahussutā cāgavanto paññavanto, yā tesaṃ sevanā nisevanā saṃsevanā bhajanā sambhajanā bhatti sambhatti taṃsampavaṅkatā – ayaṃ vuccati kalyāṇamittatā.","What is skill in the sphere [of sense]?
That skill which is insight, understanding, etc., when applied to the twelve spheres, namely, sight and visible shape, hearing and sound, smell and odorous object, taste and sapid object, body-sensibility and the tangible, mind and mental object.",
1-1336,"1336. Tattha katamā āpattikusalatā? Pañcapi āpattikkhandhā āpattiyo, sattapi āpattikkhandhā āpattiyo. Yā tāsaṃ āpattīnaṃ āpattikusalatā paññā pajānanā…pe… amoho dhammavicayo sammādiṭṭhi – ayaṃ vuccati āpattikusalatā.","What is skill in the causal law?
Insight, understanding, etc., when applied to the formula: “Karma comes to pass because of ignorance; consciousness comes to pass because of karma; name and shape come to pass because of consciousness; the sixfold sphere comes to pass because of name and shape; contact comes to pass because of the sixfold sphere, feeling because of contact, craving because of feeling, grasping because of craving, rebirth because of grasping, birth because of rebirth, old age and death, grief, lamentation, distress, sorrow and despair come to pass because of birth. Such is the uprising of this whole mass of Ill”.",
1-1337,1337. Tattha katamā āpattivuṭṭhānakusalatā? Yā tāhi āpattīhi vuṭṭhānakusalatā paññā pajānanā…pe… amoho dhammavicayo sammādiṭṭhi – ayaṃ vuccati āpattivuṭṭhānakusalatā.,"What is skill in affirming … in negating [causal relation]?
Insight, understanding, etc., when applied to discerning that, in a given relation, certain states are … are not, the cause, the condition of certain other states.",
1-1338,"1338. Tattha katamā samāpattikusalatā? Atthi savitakkasavicārā samāpatti, atthi avitakkavicāramattā samāpatti, atthi avitakkaavicārā samāpatti. Yā tāsaṃ samāpattīnaṃ samāpattikusalatā paññā pajānanā…pe… amoho dhammavicayo sammādiṭṭhi – ayaṃ vuccati samāpattikusalatā.",-,
1-1339,1339. Tattha katamā samāpattivuṭṭhānakusalatā? Yā tāhi samāpattīhi vuṭṭhānakusalatā paññā pajānanā…pe… amoho dhammavicayo sammādiṭṭhi – ayaṃ vuccati samāpattivuṭṭhānakusalatā.,"What is upright?
Uprightness, without deflexion, twist, crookedness.",
1-1340,"1340. Tattha katamā dhātukusalatā? Aṭṭhārasa dhātuyo cakkhudhātu rūpadhātu cakkhuviññāṇadhātu, sotadhātu saddadhātu sotaviññāṇadhātu, ghānadhātu gandhadhātu ghānaviññāṇadhātu, jivhādhātu rasadhātu jivhāviññāṇadhātu, kāyadhātu phoṭṭhabbadhātu kāyaviññāṇadhātu, manodhātu dhammadhātu manoviññāṇadhātu. Yā tāsaṃ dhātūnaṃ dhātukusalatā paññā pajānanā…pe… amoho dhammavicayo sammādiṭṭhi – ayaṃ vuccati dhātukusalatā.","What is soft?
That which is plasticity, gentleness, smoothness, pliancy, lowliness of heart.",
1-1341,1341. Tattha katamā manasikārakusalatā? Yā tāsaṃ dhātūnaṃ manasikārakusalatā paññā pajānanā…pe… amoho dhammavicayo sammādiṭṭhi – ayaṃ vuccati manasikārakusalatā.,"What is patience?
That patience which is long-suffering, compliance, absence of rudeness and abruptness, complacency of heart.",
1-1342,"1342. Tattha katamā āyatanakusalatā? Dvādasāyatanāni – cakkhāyatanaṃ, rūpāyatanaṃ, sotāyatanaṃ, saddāyatanaṃ, ghānāyatanaṃ, gandhāyatanaṃ, jivhāyatanaṃ, rasāyatanaṃ, kāyāyatanaṃ, phoṭṭhabbāyatanaṃ, manāyatanaṃ, dhammāyatanaṃ. Yā tesaṃ āyatanānaṃ āyatanakusalatā paññā pajānanā…pe… amoho dhammavicayo sammādiṭṭhi – ayaṃ vuccati āyatanakusalatā.","What is loveableness?
That which is the absence of excess in deed, in word, and in deed and word together.
Besides, all moral self-restraint is lovely.",
1-1343,"1343. Tattha katamā paṭiccasamuppādakusalatā? Avijjāpaccayā saṅkhārā, saṅkhārapaccayā viññāṇaṃ, viññāṇapaccayā nāmarūpaṃ, nāmarūpapaccayā saḷāyatanaṃ, saḷāyatanapaccayā phasso, phassapaccayā vedanā, vedanāpaccayā taṇhā, taṇhāpaccayā upādānaṃ, upādānapaccayā bhavo, bhavapaccayā jāti, jātipaccayā jarāmaraṇaṃ sokaparidevadukkhadomanassupāyāsā sambhavanti; evametassa kevalassa dukkhakkhandhassa samudayo hotīti. Yā tattha paññā pajānanā…pe… amoho dhammavicayo sammādiṭṭhi – ayaṃ vuccati paṭiccasamuppādakusalatā.","What is amity?
When all such speech as is insolent, disagreeable, scabrous, harsh to others, vituperative to others, bordering upon anger, not conducive to concentration, is put away, and when all such speech as is innocuous, pleasant to the ear, affectionate, such as goes to the heart, is urbane, sweet and acceptable to people generally—when speech of this sort is spoken—polished, friendly and gentle language—this is what is called amity.",
1-1344,"1344. Tattha katamā ṭhānakusalatā? Ye ye dhammā yesaṃ yesaṃ dhammānaṃ hetū paccayā uppādāya [upādāya (sī. ka.)] taṃ taṃ ṭhānanti, yā tattha paññā pajānanā…pe… amoho dhammavicayo sammādiṭṭhi – ayaṃ vuccati ṭhānakusalatā.","What is courtesy?
The two forms of courtesy: hospitality towards bodily needs and considerateness in matters of doctrine. When anyone shows courtesy it is in one or other of these two forms.",
1-1345,"1345. Tattha katamā aṭṭhānakusalatā? Ye ye dhammā yesaṃ yesaṃ dhammānaṃ na hetū na paccayā uppādāya taṃ taṃ aṭṭhānanti, yā tattha paññā pajānanā…pe… amoho dhammavicayo sammādiṭṭhi – ayaṃ vuccati aṭṭhānakusalatā.","What is it to have the door of the faculties unguarded?
When a certain individual sees an object with the eye he is entranced with the general appearance, or in the details of it. He does not set himself to restrain that which might give occasion for wicked states, covetous, dejected, to flow in over him, were he to dwell unrestrained as to the sense of sight. He keeps no watch over his faculty of sight, nor does he attain to mastery over it. And so in like manner when he hears a sound with the ear … smells an odour with the nose … tastes a sapid with the tongue … feels a tangible with the body … recognizes a mental object with the mind, he is entranced with the general appearance and in the details of it. He does not set himself to restrain that which might give occasion for wicked states, covetous, dejected, to flow in over him, were he to dwell unrestrained as to the mental faculty. He keeps no watch over the mental faculty, nor does he attain to mastery over it. That these six faculties should be thus unguarded, untended, unwatched over, unrestrained, is what is called having the door of the faculties unguarded.",
1-1346,1346. Tattha katamo ajjavo? Yā ajjavatā ajimhatā avaṅkatā akuṭilatā – ayaṃ vuccati ajjavo.,"What is immoderation in diet?
When anyone, through carelessness and without judgment, takes food for purposes of sport, sensual excess, personal charm and adornment, his insatiableness, immoderation, and want of judgment are what is called immoderation in diet.",
1-1347,1347. Tattha katamo maddavo? Yā mudutā maddavatā akakkhaḷatā akathinatā nīcacittatā – ayaṃ vuccati maddavo.,"What is it to have the doors of the faculties guarded?
When a certain individual sees an object with the eye he is not entranced with the general appearance or the details of it. He sets himself to restrain that which might give occasion for wicked states, covetous, dejected, to flow in over him, were he to dwell unrestrained as to the sense of sight. He keeps watch over this faculty of sight, and attains to mastery over it. And so, in like manner, when he hears a sound with the ear … smells an odour with the nose … tastes a sapid with the tongue … feels a tangible with the body … recognizes an idea with the mind, he is not entranced with the general appearance and the details of it. He sets himself to restrain that which might give occasion for wicked states, covetous, dejected, to flow in over him, were he to dwell unrestrained as to the mental faculty. He keeps watch over the mental faculty, and attains to mastery over it. That these six faculties should be thus guarded, tended, watched over, restrained, is what is called having the doors of the faculties guarded.",
1-1348,1348. Tattha katamā khanti? Yā khanti khamanatā adhivāsanatā acaṇḍikkaṃ anasuropo attamanatā cittassa – ayaṃ vuccati khanti.,"What is moderation in diet?
When anyone takes food with reflection and judgment, not for purposes of sport, excess, personal charm and attractions, but so as to suffice for the sustenance and preservation of the body, for allaying the pangs [of hunger] and for aiding the practice of the higher life, and thinking the while, “I shall subdue that which I have been feeling and shall cause no new feeling to arise, and maintenance shall be mine, blamelessness also and comfort”—this content, moderation, judgment in diet is what is called moderation in diet.",
1-1349,"1349. Tattha katamaṃ soraccaṃ? Yo kāyiko avītikkamo, vācasiko avītikkamo, kāyikavācasiko avītikkamo – idaṃ vuccati soraccaṃ. Sabbopi sīlasaṃvaro soraccaṃ.","What is forgetfulness?
Unmindfulness, lapse of memory, non-recollection, non-remembrance, not bearing in mind, superficiality, oblivion.",
1-1350,"1350. Tattha katamaṃ sākhalyaṃ? Yā sā vācā aṇḍakā kakkasā parakaṭukā parābhisajjanī kodhasāmantā asamādhisaṃvattanikā, tathārūpiṃ vācaṃ pahāya yā sā vācā neḷā kaṇṇasukhā pemanīyā hadayaṅgamā porī bahujanakantā bahujanamanāpā tathārūpiṃ vācaṃ bhāsitā hoti; yā tattha saṇhavācatā sakhilavācatā apharusavācatā – idaṃ vuccati sākhalyaṃ.","What is lack of intelligence?
Answer as for “ignorance” or “dullness”, § 1311 , etc.",
1-1351,1351. Tattha katamo paṭisanthāro? Dve paṭisanthārā – āmisapaṭisanthāro ca dhammapaṭisanthāro ca. Idhekacco paṭisanthārako hoti āmisapaṭisanthārena vā dhammapaṭisanthārena vā – ayaṃ vuccati paṭisanthāro.,"What is mindfulness?
Answer as in § 14 , omitting “on that occasion”.",
1-1352,"1352. Tattha katamā indriyesu aguttadvāratā? Idhekacco cakkhunā rūpaṃ disvā nimittaggāhī hoti anubyañjanaggāhī. Yatvādhikaraṇamenaṃ cakkhundriyaṃ asaṃvutaṃ viharantaṃ abhijjhādomanassā pāpakā akusalā dhammā anvāssaveyyuṃ, tassa saṃvarāya na paṭipajjati, na rakkhati cakkhundriyaṃ, cakkhundriye na saṃvaraṃ āpajjati. Sotena saddaṃ sutvā…pe… ghānena gandhaṃ ghāyitvā…pe… jivhāya rasaṃ sāyitvā…pe… kāyena phoṭṭhabbaṃ phusitvā…pe… manasā dhammaṃ viññāya nimittaggāhī hoti anubyañjanaggāhī. Yatvādhikaraṇamenaṃ manindriyaṃ asaṃvutaṃ viharantaṃ abhijjhādomanassā pāpakā akusalā dhammā anvāssaveyyuṃ, tassa saṃvarāya na paṭipajjati, na rakkhati manindriyaṃ, manindriye na saṃvaraṃ āpajjati. Yā imesaṃ channaṃ indriyānaṃ agutti agopanā anārakkho asaṃvaro – ayaṃ vuccati indriyesu aguttadvāratā.","What is intelligence?
Answer as for “insight”, § 16 . And see § 53 .",
1-1353,1353. Tattha katamā bhojane amattaññutā? Idhekacco appaṭisaṅkhā ayoniso āhāraṃ āhāreti davāya madāya maṇḍanāya vibhūsanāya. Yā tattha asantuṭṭhitā amattaññutā appaṭisaṅkhā bhojane – ayaṃ vuccati bhojane amattaññutā.,"What is the power [called] computation?
Answer as for “insight”, § 16 .",
1-1354,"1354. Tattha katamā indriyesu guttadvāratā? Idhekacco cakkhunā rūpaṃ disvā na nimittaggāhī hoti na anubyañjanaggāhī. Yatvādhikaraṇamenaṃ cakkhundriyaṃ asaṃvutaṃ viharantaṃ abhijjhādomanassā pāpakā akusalā dhammā anvāssaveyyuṃ, tassa saṃvarāya paṭipajjati, rakkhati cakkhundriyaṃ, cakkhundriye saṃvaraṃ āpajjati. Sotena saddaṃ sutvā…pe… ghānena gandhaṃ ghāyitvā…pe… jivhāya rasaṃ sāyitvā…pe… kāyena phoṭṭhabbaṃ phusitvā…pe… manasā dhammaṃ viññāya na nimittaggāhī hoti nānubyañjanaggāhī. Yatvādhikaraṇamenaṃ manindriyaṃ asaṃvutaṃ viharantaṃ abhijjhādomanassā pāpakā akusalā dhammā anvāssaveyyuṃ, tassa saṃvarāya paṭipajjati, rakkhati manindriyaṃ, manindriye saṃvaraṃ āpajjati. Yā imesaṃ channaṃ indriyānaṃ gutti gopanā ārakkho saṃvaro – ayaṃ vuccati indriyesu guttadvāratā.","What is the power [called] cultivation?
That which is the pursuing, the cultivating, the multiplying of good states.
Moreover, the seven factors of Enlightenment are the power of cultivation.",
1-1355,"1355. Tattha katamā bhojane mattaññutā? Idhekacco paṭisaṅkhā yoniso āhāraṃ āhāreti – neva davāya na madāya na maṇḍanāya na vibhūsanāya yāvadeva imassa kāyassa ṭhitiyā yāpanāya vihiṃsūparatiyā brahmacariyānuggahāya , iti purāṇañca vedanaṃ paṭihaṅkhāmi, navañca vedanaṃ na uppādessāmi, yātrā ca me bhavissati anavajjatā ca phāsuvihāro cāti. Yā tattha santuṭṭhitā mattaññutā paṭisaṅkhā bhojane – ayaṃ vuccati bhojane mattaññutā.","What is calm?
Answer as for “quiet”, §§ 11 , 54 .",
1-1356,1356. Tattha katamaṃ muṭṭhasaccaṃ? Yā asati ananussati appaṭissati asati asaraṇatā adhāraṇatā pilāpanatā sammusanatā – idaṃ vuccati muṭṭhasaccaṃ.,"What is intuition?
Answer as for “insight”, §§ 55 , 16 .",
1-1357,1357. Tattha katamaṃ asampajaññaṃ? Yaṃ aññāṇaṃ adassanaṃ…pe… avijjālaṅgī moho akusalamūlaṃ – idaṃ vuccati asampajaññaṃ.,"What is “the mark of calm”?
Answer as for “quiet”, § 1357 .",
1-1358,1358. Tattha katamā sati? Yā sati anussati paṭissati sati saraṇatā dhāraṇatā apilāpanatā asammusanatā sati satindriyaṃ satibalaṃ sammāsati – ayaṃ vuccati sati.,"What is “the mark of grasp”?
Answer as for “grasp” and “energy”, §§ 56 , 13 .",
1-1359,1359. Tattha katamaṃ sampajaññaṃ? Yā paññā pajānanā…pe… amoho dhammavicayo sammādiṭṭhi – idaṃ vuccati sampajaññaṃ.,"What is grasp?
Answer as for “the mark of grasp”, § 1358 .",
1-1360,1360. Tattha katamaṃ paṭisaṅkhānabalaṃ? Yā paññā pajānanā…pe… amoho dhammavicayo sammādiṭṭhi – idaṃ vuccati paṭisaṅkhānabalaṃ.,"What is balance?
Answer as for “balance”, § 57 .",
1-1361,1361. Tattha katamaṃ bhāvanābalaṃ? Yā kusalānaṃ dhammānaṃ āsevanā bhāvanā bahulīkammaṃ – idaṃ vuccati bhāvanābalaṃ. Sattapi bojjhaṅgā bhāvanābalaṃ.,"What is moral failure?
Excess in deed, excess in word, excess in both together. Moreover, all immorality is moral failure.",
1-1362,1362. Tattha katamo samatho? Yā cittassa ṭhiti…pe… sammāsamādhi – ayaṃ vuccati samatho.,"What is theoretic fallacy?
“There is no such thing as alms, or sacrifice, or offering; there is neither fruit, nor result of good or evil deeds; there is no such thing as this world or the next; there is no such thing as mother, or father, or beings springing into birth without them; there are in the world no recluses or brahmins who have reached the highest point, who have attained the height, who, having understood and realized by themselves alone both this world and the next, make known the same”—all this sort of speculation … this is what is called theoretic fallacy. Moreover, all wrong views are theoretic fallacies.",
1-1363,1363. Tattha katamā vipassanā? Yā paññā pajānanā…pe… amoho dhammavicayo sammādiṭṭhi – ayaṃ vuccati vipassanā.,"What is moral achievement?
Absence of excess in deed, in word, and in deed and word together.",
1-1364,1364. Tattha katamaṃ samathanimittaṃ? Yā cittassa ṭhiti…pe… sammāsamādhi – idaṃ vuccati samathanimittaṃ.,"What is achievement in view?
“There is such a thing as alms, sacrifice, and offering; … fruit, and the result of good and evil deeds; … this world and the next; mother, father, and beings springing into birth without them; … recluses and brahmins who have reached the highest, who have attained the height, who having understood and realized by themselves alone both this world and the other world, make known the same”—all this sort of science, understanding, etc. … this is what is called progress in theory. Moreover, all best views are achievement in view.",
1-1365,1365. Tattha katamaṃ paggāhanimittaṃ? Yo cetasiko vīriyārambho…pe… sammāvāyāmo – idaṃ vuccati paggāhanimittaṃ.,"What is purity in morals?
Absence of excess in deed, in word, and in deed and word together.",
1-1366,1366. Tattha katamo paggāho? Yo cetasiko vīriyārambho…pe… sammāvāyāmo – ayaṃ vuccati paggāho.,"What is purity in view?
Knowledge of the specific nature of Karma; knowledge of the Truths in their due order; the knowledge of him who holds the Path; the knowledge of him who holds the Fruit of the Path.
The phrase “Now purity of view” is equivalent to that insight, understanding … right theory (views) [described above, § 16 ].
In the phrase “And as the struggle of him who holds certain views”, “struggle” means that inception of energy etc. [described above, § 13 ].
The phrase “agitation” implies dread of birth, dread of old age, dread of sickness, dread of death.
The phrase “occasion of agitation” means birth, old age, sickness, death.
The phrase “And the earnest struggle of him who is agitated” refers to [the four Right Struggles]: When a bhikkhu brings forth the desire (a) that bad and wicked states which have not arisen should not arise, (b) that bad and wicked states which have arisen should be put away, (c) that good states which have not arisen should arise, (d) that good states which have arisen should stand firm, should not get confused, should be frequently practised, made to abound, cultivated, and perfected—then he uses endeavour, sets energy a-going, reaches forward in thought and struggles.
The phrase “And discontent in good states” means the longing for higher achievement in one who is dissatisfied over the cultivation of good states.
The phrase “And the not shrinking back in the struggle” means the thorough and persevering and unresting performance, the absence of stagnation, the unfaltering volition, the unflinching endurance, the assiduous pursuit, exercise and repetition which attend the cultivation of good states.
The phrase “Wisdom” means the threefold wisdom, namely, (a) reminiscent knowledge of one's former births, (b) knowledge of the decease and renascence of beings, (c) the knowledge that makes an end of the Intoxicants.
The phrase “Emancipation” means the twofold emancipation, namely, (a) freedom of thought, and (b) Nirvāna.
The phrase “knowledge in making an end” means the knowledge he has who holds the Path.
The phrase “knowledge in origins” means the knowledge he has who holds the Fruit of the Path.
End of the Division entitled “The Deposition”.
A Buddhist Manual of Psychological Ethics , a rys_davids of the Dhammasaṅgaṇī, Compendium of States or Phenomena, by Caroline A.F. Rhys Davids and D. Litt., M.A. .
Published by the Pali Text Society in 1900 . Reprinted 1923, 1974, 1993, 2004.
Released by the Pali Text Society under Creative Commons Attribution-NonCommercial 3.0 licence (CC BY-NC 3.0) .
See also the statement under http://",
1-1367,1367. Tattha katamo avikkhepo? Yā cittassa ṭhiti…pe… sammāsamādhi – ayaṃ vuccati avikkhepo.,-,
1-1368,"1368. Tattha katamā sīlavipatti? Yo kāyiko vītikkamo, vācasiko vītikkamo , kāyikavācasiko vītikkamo – ayaṃ vuccati sīlavipatti. Sabbampi dussilyaṃ sīlavipatti.",-,
1-1369,"1369. Tattha katamā diṭṭhivipatti? Natthi dinnaṃ, natthi yiṭṭhaṃ, natthi hutaṃ, natthi sukatadukkaṭānaṃ kammānaṃ phalaṃ vipāko, natthi ayaṃ loko, natthi paro loko, natthi mātā, natthi pitā, natthi sattā opapātikā, natthi loke samaṇabrāhmaṇā sammaggatā sammāpaṭipannā ye imañca lokaṃ parañca lokaṃ sayaṃ abhiññā sacchikatvā pavedentītiः yā evarūpā diṭṭhi diṭṭhigataṃ…pe… vipariyāsaggāho – ayaṃ vuccati diṭṭhivipatti. Sabbāpi micchādiṭṭhi diṭṭhivipatti.",-,
1-1370,"1370. Tattha katamā sīlasampadā? Yo kāyiko avītikkamo, vācasiko avītikkamo, kāyikavācasiko avītikkamo – ayaṃ vuccati sīlasampadā. Sabbopi sīlasaṃvaro sīlasampadā.",-,
1-1371,"1371. Tattha katamā diṭṭhisampadā? Atthi dinnaṃ, atthi yiṭṭhaṃ, atthi hutaṃ, atthi sukatadukkaṭānaṃ kammānaṃ phalaṃ vipāko, atthi ayaṃ loko, atthi paro loko, atthi mātā, atthi pitā, atthi sattā opapātikā, atthi loke samaṇabrāhmaṇā sammaggatā sammāpaṭipannā ye imañca lokaṃ parañca lokaṃ sayaṃ abhiññā sacchikatvā pavedentītiः yā evarūpā paññā pajānanā…pe… amoho dhammavicayo sammādiṭṭhi – ayaṃ vuccati diṭṭhisampadā. Sabbāpi sammādiṭṭhi diṭṭhisampadā.",-,
1-1372,"1372. Tattha katamā sīlavisuddhi? Yo kāyiko avītikkamo, vācasiko avītikkamo, kāyikavācasiko avītikkamo – ayaṃ vuccati sīlavisuddhi. Sabbopi sīlasaṃvaro sīlavisuddhi.",-,
1-1373,1373. Tattha katamā diṭṭhivisuddhi? Kammassakatañāṇaṃ saccānulomikañāṇaṃ maggasamaṅgissa ñāṇaṃ phalasamaṅgissa ñāṇaṃ.,-,
1-1374,1374. Diṭṭhivisuddhikho panāti – yā paññā pajānanā…pe… amoho dhammavicayo sammādiṭṭhi.,-,
1-1375,1375. Yathādiṭṭhissa ca padhānanti – yo cetasiko vīriyārambho…pe… sammāvāyāmo.,-,
1-1376,1376. Saṃvegoti – jātibhayaṃ jarābhayaṃ byādhibhayaṃ maraṇabhayaṃ. Saṃvejaniyaṃ [saṃvejanīyaṃ (sī.)] ṭhānanti – jāti jarā byādhi maraṇaṃ.,-,
1-1377,"1377. Saṃviggassa ca yoniso padhānanti – idha bhikkhu anuppannānaṃ pāpakānaṃ akusalānaṃ dhammānaṃ anuppādāya chandaṃ janeti vāyamati vīriyaṃ ārabhati cittaṃ paggaṇhāti padahati, uppannānaṃ pāpakānaṃ akusalānaṃ dhammānaṃ pahānāya chandaṃ janeti vāyamati vīriyaṃ ārabhati cittaṃ paggaṇhāti padahati, anuppannānaṃ kusalānaṃ dhammānaṃ uppādāya chandaṃ janeti vāyamati vīriyaṃ ārabhati cittaṃ paggaṇhāti padahati, uppannānaṃ kusalānaṃ dhammānaṃ ṭhitiyā asammosāya bhiyyobhāvāya vepullāya bhāvanāya pāripūriyā chandaṃ janeti vāyamati vīriyaṃ ārabhati cittaṃ paggaṇhāti padahati.",-,
1-1378,1378. Asantuṭṭhitā ca kusalesu dhammesūti – yā kusalānaṃ dhammānaṃ bhāvanāya asantuṭṭhassa bhiyyokamyatā.,-,
1-1379,1379. Appaṭivānitā ca padhānasminti – yā kusalānaṃ dhammānaṃ bhāvanāya sakkaccakiriyatā sātaccakiriyatā aṭṭhitakiriyatā anolīnavuttitā anikkhittachandatā anikkhittadhuratā āsevanā bhāvanā bahulīkammaṃ.,-,
1-1380,"1380. Vijjāti – tisso vijjā – pubbenivāsānussati ñāṇaṃ vijjā, sattānaṃ cutūpapāte ñāṇaṃ vijjā, āsavānaṃ khaye ñāṇaṃ vijjā.",-,
1-1381,"1381. Vimuttīti – dve vimuttiyo – cittassa [cittassa ca (sī. syā.)] adhimutti, nibbānañca.",-,
1-1382,1382. Khaye ñāṇanti – maggasamaṅgissa ñāṇaṃ.,-,
1-1383,"1383. Anuppāde ñāṇanti – phalasamaṅgissa ñāṇaṃ.
Nikkhepakaṇḍaṃ niṭṭhitaṃ.",-,
1-1384,1384. Katame dhammā kusalā? Catūsu bhūmīsu kusalaṃ – ime dhammā kusalā.,-,
1-1385,1385. Katame dhammā akusalā? Dvādasa akusalacittuppādā – ime dhammā akusalā.,-,
1-1386,"1386. Katame dhammā abyākatā? Catūsu bhūmīsu vipāko, tīsu bhūmīsu kiriyābyākataṃ, rūpañca, nibbānañca – ime dhammā abyākatā.",-,
1-1387,"1387. Katame dhammā sukhāya vedanāya sampayuttā? Kāmāvacarakusalato cattāro somanassasahagatacittuppādā, akusalato cattāro kāmāvacarakusalassa vipākato ca kiriyato ca pañca, rūpāvacaratikacatukkajjhānā kusalato ca vipākato ca kiriyato ca, lokuttaratikacatukkajjhānā kusalato ca vipākato ca, etthuppannaṃ sukhaṃ vedanaṃ ṭhapetvā – ime dhammā sukhāya vedanāya sampayuttā.",-,
1-1388,"1388. Katame dhammā dukkhāya vedanāya sampayuttā? Dve domanassasahagatacittuppādā, dukkhasahagataṃ kāyaviññāṇaṃ, etthuppannaṃ dukkhaṃ vedanaṃ ṭhapetvā – ime dhammā dukkhāya vedanāya sampayuttā.",-,
1-1389,"1389. Katame dhammā adukkhamasukhāya vedanāya sampayuttā? Kāmāvacarakusalato cattāro upekkhāsahagatacittuppādā, akusalato cha, kāmāvacarakusalassa vipākato dasa, akusalassa vipākato cha, kiriyato cha, rūpāvacaraṃ catutthaṃ jhānaṃ kusalato ca vipākato ca kiriyato ca, cattāro arūpāvacarā kusalato ca vipākato ca kiriyato ca, lokuttaraṃ catutthaṃ jhānaṃ kusalato ca vipākato ca, etthuppannaṃ adukkhamasukhaṃ vedanaṃ ṭhapetvā – ime dhammā adukkhamasukhāya vedanāya sampayuttā. Tisso ca vedanā, rūpañca, nibbānañca – ime dhammā na vattabbā sukhāya vedanāya sampayuttātipi, dukkhāya vedanāya sampayuttātipi, ya vedanāya sampayuttātipi.",-,
1-1390,1390. Katame dhammā vipākā? Catūsu bhūmīsu vipāko – ime dhammā vipākā.,-,
1-1391,1391. Katame dhammā vipākadhammadhammā? Catūsu bhūmīsu kusalaṃ akusalaṃ – ime dhammā vipākadhammadhammā.,-,
1-1392,"1392. Katame dhammā nevavipākanavipākadhammadhammā? Tīsu bhūmīsu kiriyābyākataṃ, rūpañca, nibbānañca – ime dhammā nevavipākanavipākadhammadhammā.",-,
1-1393,"1393. Katame dhammā upādiṇṇupādāniyā? Tīsu bhūmīsu vipāko, yañca rūpaṃ kammassa katattā – ime dhammā upādiṇṇupādāniyā.",-,
1-1394,"1394. Katame dhammā anupādiṇṇupādāniyā? Tīsu bhūmīsu kusalaṃ, akusalaṃ, tīsu bhūmīsu kiriyābyākataṃ , yañca rūpaṃ na kammassa katattā – ime dhammā anupādiṇṇupādāniyā.",-,
1-1395,"1395. Katame dhammā anupādiṇṇaanupādāniyā? Cattāro maggā apariyāpannā, cattāri ca sāmaññaphalāni, nibbānañca – ime dhammā anupādiṇṇaanupādāniyā.",-,
1-1396,1396. Katame dhammā saṃkiliṭṭhasaṃkilesikā? Dvādasākusalacittuppādā – ime dhammā saṃkiliṭṭhasaṃkilesikā.,-,
1-1397,"1397. Katame dhammā asaṃkiliṭṭhasaṃkilesikā? Tīsu bhūmīsu kusalaṃ, tīsu bhūmīsu vipāko, tīsu bhūmīsu kiriyābyākataṃ, sabbañca rūpaṃ – ime dhammā asaṃkiliṭṭhasaṃkilesikā.",-,
1-1398,"1398. Katame dhammā asaṃkiliṭṭhaasaṃkilesikā? Cattāro maggā apariyāpannā, cattāri ca sāmaññaphalāni, nibbānañca – ime dhammā asaṃkiliṭṭhaasaṃkilesikā.",-,
1-1399,"1399. Katame dhammā savitakkasavicārā? Kāmāvacaraṃ kusalaṃ, akusalaṃ, kāmāvacarakusalassa vipākato ekādasa cittuppādā, akusalassa vipākato dve, kiriyato ekādasa, rūpāvacaraṃ paṭhamaṃ jhānaṃ kusalato ca vipākato ca kiriyato ca, lokuttaraṃ paṭhamaṃ jhānaṃ kusalato ca vipākato ca, etthuppanne vitakkavicāre ṭhapetvā – ime dhammā savitakkasavicārā.",-,
1-1400,"1400. Katame dhammā avitakkavicāramattā? Rūpāvacarapañcakanaye dutiyaṃ jhānaṃ kusalato ca vipākato ca kiriyato ca, lokuttarapañcakanaye dutiyaṃ jhānaṃ kusalato ca vipākato ca, etthuppannaṃ vicāraṃ ṭhapetvā, vitakko ca – ime dhammā avitakkavicāramattā.",-,
1-1401,"1401. Katame dhammā avitakkaavicārā? Dvepañcaviññāṇāni, rūpāvacaratikatikajjhānā kusalato ca vipākato ca kiriyato ca, cattāro āruppā kusalato ca vipākato ca kiriyato ca lokuttaratikatikajjhānā kusalato ca vipākato ca pañcakanaye dutiye jhāne [dutiyajjhāne (sī.)], uppanno ca vicāro rūpañca nibbānañca – ime dhammā avitakkaavicārā. Vitakkasahajāto vicāro na vattabbo savitakkasavicārotipi, avitakkavicāramattotipi, avitakkaavicārotipi.",-,
1-1402,"1402. Katame dhammā pītisahagatā? Kāmāvacarakusalato cattāro somanassasahagatacittuppādā , akusalato cattāro, kāmāvacarakusalassa vipākato pañca, kiriyato pañca, rūpāvacaradukatikajjhānā kusalato ca vipākato ca kiriyato ca, lokuttaradukatikajjhānā kusalato ca vipākato ca, etthuppannaṃ pītiṃ ṭhapetvā – ime dhammā pītisahagatā.",-,
1-1403,"1403. Katame dhammā sukhasahagatā? Kāmāvacarakusalato cattāro somanassasahagatacittuppādā, akusalato cattāro, kāmāvacarakusalassa vipākato cha, kiriyato pañca, rūpāvacaratikacatukkajjhānā kusalato ca vipākato ca kiriyato ca, lokuttaratikacatukkajjhānā kusalato ca vipākato ca, etthuppannaṃ sukhaṃ ṭhapetvā – ime dhammā sukhasahagatā.",-,
1-1404,"1404. Katame dhammā upekkhāsahagatā? Kāmāvacarakusalato cattāro upekkhāsahagatacittuppādā, akusalato cha, kāmāvacarakusalassa vipākato dasa, akusalassa vipākato cha, kiriyato cha, rūpāvacaraṃ catutthaṃ jhānaṃ kusalato ca vipākato ca kiriyato ca, cattāro āruppā kusalato ca vipākato ca kiriyato ca, lokuttaraṃ catutthaṃ jhānaṃ kusalato ca vipākato ca, etthuppannaṃ upekkhaṃ ṭhapetvā – ime dhammā upekkhāsahagatā. Pīti na pītisahagatā, sukhasahagatā, na upekkhāsahagatā. Sukhaṃ na sukhasahagataṃ, siyā pītisahagataṃ, na upekkhāsahagataṃ, siyā na vattabbaṃ pītisahagatanti. Dve domanassasahagatacittuppādā, dukkhasahagatakāyaviññāṇaṃ, yā ca vedanā upekkhā , rūpañca nibbānañca – ime dhammā na vattabbā pītisahagatātipi, sukhasahagatātipi, upekkhāsahagatātipi.",-,
1-1405,"1405. Katame dhammā dassanena pahātabbā? Cattāro diṭṭhigatasampayuttacittuppādā, vicikicchāsahagato cittuppādo – ime dhammā dassanena pahātabbā.",-,
1-1406,"1406. Katame dhammā bhāvanāya pahātabbā? Uddhaccasahagato cittuppādo – ime dhammā bhāvanāya pahātabbā. Cattāro diṭṭhigatavippayuttā lobhasahagatacittuppādā, dve domanassasahagatacittuppādā – ime dhammā siyā dassanena pahātabbā siyā bhāvanāya pahātabbā.",-,
1-1407,"1407. Katame dhammā neva dassanena na bhāvanāya pahātabbā? Catūsu bhūmīsu kusalaṃ, catūsu bhūmīsu vipāko, tīsu bhūmīsu kiriyābyākataṃ, rūpañca, nibbānañca – ime dhammā neva dassanena na bhāvanāya pahātabbā.",-,
1-1408,"1408. Katame dhammā dassanena pahātabbahetukā? Cattāro diṭṭhigatasampayuttacittuppādā, vicikicchāsahagato cittuppādo, etthuppannaṃ mohaṃ ṭhapetvā – ime dhammā dassanena pahātabbahetukā.",-,
1-1409,"1409. Katame dhammā bhāvanāya pahātabbahetukā? Uddhaccasahagato cittuppādo, etthuppannaṃ mohaṃ ṭhapetvā – ime dhammā bhāvanāya pahātabbahetukā. Cattāro diṭṭhigatavippayuttā lobhasahagatacittuppādā, dve domanassasahagatacittuppādā – ime dhammā siyā dassanena pahātabbahetukā, siyā bhāvanāya pahātabbahetukā.",-,
1-1410,"1410. Katame dhammā neva dassanena na bhāvanāya pahātabbahetukā? Vicikicchāsahagato moho, uddhaccasahagato moho, catūsu bhūmīsu kusalaṃ, catūsu bhūmīsu vipāko, tīsu bhūmīsu kiriyābyākataṃ, rūpañca, nibbānañca – ime dhammā neva dassanena na bhāvanāya pahātabbahetukā.",-,
1-1411,"1411. Katame dhammā ācayagāmino? Tīsu bhūmīsu kusalaṃ, akusalaṃ – ime dhammā ācayagāmino.",-,
1-1412,1412. Katame dhammā apacayagāmino? Cattāro maggā apariyāpannā – ime dhammā apacayagāmino.,-,
1-1413,"1413. Katame dhammā nevācayagāmināpacayagāmino? Catūsu bhūmīsu vipāko, tīsu bhūmīsu kiriyābyākataṃ, rūpañca, nibbānañca – ime dhammā nevācayagāmināpacayagāmino.",-,
1-1414,"1414. Katame dhammā sekkhā? Cattāro maggā apariyāpannā, heṭṭhimāni ca tīṇi sāmaññaphalāni – ime dhammā sekkhā.",-,
1-1415,1415. Katame dhammā asekkhā? Upariṭṭhimaṃ arahattaphalaṃ – ime dhammā asekkhā.,-,
1-1416,"1416. Katame dhammā nevasekkhanāsekkhā? Tīsu bhūmīsu kusalaṃ, akusalaṃ, tīsu bhūmīsu vipāko, tīsu bhūmīsu kiriyābyākataṃ, rūpañca, nibbānañca – ime dhammā nevasekkhanāsekkhā.",-,
1-1417,"1417. Katame dhammā parittā? Kāmāvacarakusalaṃ , akusalaṃ, sabbo kāmāvacarassa vipāko, kāmāvacarakiriyābyākataṃ, sabbañca rūpaṃ – ime dhammā parittā.",-,
1-1418,"1418. Katame dhammā mahaggatā? Rūpāvacarā, arūpāvacarā, kusalābyākatā – ime dhammā mahaggatā.",-,
1-1419,"1419. Katame dhammā appamāṇā? Cattāro maggā apariyāpannā, cattāri ca sāmaññaphalāni, nibbānañca – ime dhammā appamāṇā.",-,
1-1420,"1420. Katame dhammā parittārammaṇā? Sabbo kāmāvacarassa vipāko, kiriyāmanodhātu, kiriyāhetukamanoviññāṇadhātu somanassasahagatā – ime dhammā parittārammaṇā.",-,
1-1421,"1421. Katame dhammā mahaggatārammaṇā? Viññāṇañcāyatanaṃ, nevasaññānāsaññāyatanaṃ – ime dhammā mahaggatārammaṇā.",-,
1-1422,"1422. Katame dhammā appamāṇārammaṇā? Cattāro maggā apariyāpannā, cattāri ca sāmaññaphalāni – ime dhammā appamāṇārammaṇā. Kāmāvacarakusalato cattāro ñāṇavippayuttacittuppādā, kiriyato cattāro ñāṇavippayuttacittuppādā, sabbaṃ akusalaṃ – ime dhammā siyā parittārammaṇā, siyā mahaggatārammaṇā, na appamāṇārammaṇā, siyā na vattabbā parittārammaṇātipi, mahaggatārammaṇātipi. Kāmāvacarakusalato cattāro ñāṇasampayuttacittuppādā, kiriyato cattāro ñāṇasampayuttacittuppādā, rūpāvacaraṃ catutthaṃ jhānaṃ kusalato ca kiriyato ca, kiriyāhetukamanoviññāṇadhātu upekkhāsahagatā – ime dhammā siyā parittārammaṇā, siyā mahaggatārammaṇā, siyā appamāṇārammaṇā, siyā na vattabbā parittārammaṇātipi , mahaggatārammaṇātipi, appamāṇārammaṇātipi. Rūpāvacaratikacatukkajjhānā kusalato ca vipākato ca kiriyato ca, catutthassa jhānassa vipāko, ākāsānañcāyatanaṃ , ākiñcaññāyatanaṃ – ime dhammā na vattabbā parittārammaṇātipi, mahaggatārammaṇātipi, appamāṇārammaṇātipi. Rūpañca nibbānañca anārammaṇā.",-,
1-1423,1423. Katame dhammā hīnā? Dvādasa akusalacittuppādā – ime dhammā hīnā.,-,
1-1424,"1424. Katame dhammā majjhimā? Tīsu bhūmīsu kusalaṃ, tīsu bhūmīsu vipāko, tīsu bhūmīsu kiriyābyākataṃ, sabbañca rūpaṃ – ime dhammā majjhimā.",-,
1-1425,"1425. Katame dhammā paṇītā? Cattāro maggā apariyāpannā, cattāri ca sāmaññaphalāni, nibbānañca – ime dhammā paṇītā.",-,
1-1426,"1426. Katame dhammā micchattaniyatā? Cattāro diṭṭhigatasampayuttacittuppādā, dve domanassasahagatacittuppādā – ime dhammā siyā micchattaniyatā, siyā aniyatā.",-,
1-1427,1427. Katame dhammā sammattaniyatā? Cattāro maggā apariyāpannā – ime dhammā sammattaniyatā.,-,
1-1428,"1428. Katame dhammā aniyatā? Cattāro diṭṭhigatavippayuttalobhasahagatacittuppādā, vicikicchāsahagato cittuppādo, uddhaccasahagato cittuppādo, tīsu bhūmīsu kusalaṃ, catūsu bhūmīsu vipāko, tīsu bhūmīsu kiriyābyākataṃ, rūpañca, nibbānañca – ime dhammā aniyatā.",-,
1-1429,"1429. Katame dhammā maggārammaṇā? Kāmāvacarakusalato cattāro ñāṇasampayuttacittuppādā, kiriyato cattāro ñāṇasampayuttacittuppādā – ime dhammā siyā maggārammaṇā, na maggahetukā; siyā maggādhipatino, siyā na vattabbā maggārammaṇātipi, maggādhipatinotipi . Cattāro ariyamaggā na maggārammaṇā, maggahetukā; siyā maggādhipatino, siyā na vattabbā maggādhipatinoti. Rūpāvacaracatutthaṃ jhānaṃ kusalato ca kiriyato ca, kiriyāhetukamanoviññāṇadhātu upekkhāsahagatā – ime dhammā siyā maggārammaṇā; na maggahetukā, na maggādhipatino; siyā na vattabbā maggārammaṇāti. Kāmāvacarakusalato cattāro ñāṇavippayuttacittuppādā, sabbaṃ akusalaṃ, sabbo kāmāvacarassa vipāko, kiriyato cha cittuppādā, rūpāvacaratikacatukkajjhānā kusalato ca vipākato ca kiriyato ca, catutthassa jhānassa vipāko, cattāro āruppā kusalato ca vipākato ca kiriyato ca, cattāri ca sāmaññaphalāni – ime dhammā na vattabbā maggārammaṇātipi, maggahetukātipi, maggādhipatinotipi. Rūpañca nibbānañca anārammaṇā.",-,
1-1430,"1430. Katame dhammā uppannā? Catūsu bhūmīsu vipāko, yañca rūpaṃ kammassa katattā – ime dhammā siyā uppannā, siyā uppādino; na vattabbā anuppannāti. Catūsu bhūmīsu kusalaṃ, akusalaṃ, tīsu bhūmīsu kiriyābyākataṃ, yañca rūpaṃ na kammassa katattā – ime dhammā siyā uppannā, siyā anuppannā, na vattabbā uppādinoti. Nibbānaṃ na vattabbaṃ uppannantipi, anuppannantipi, uppādinotipi.",-,
1-1431,"1431. Nibbānaṃ ṭhapetvā sabbe dhammā siyā atītā, siyā anāgatā, siyā paccuppannā. Nibbānaṃ na vattabbaṃ atītantipi, anāgatantipi , paccuppannantipi.",-,
1-1432,"1432. Katame dhammā atītārammaṇā? Viññāṇañcāyatanaṃ, nevasaññānāsaññāyatanaṃ – ime dhammā atītārammaṇā.",-,
1-1433,1433. Niyogā anāgatārammaṇā natthi.,-,
1-1434,"1434. Katame dhammā paccuppannārammaṇā? Dvepañcaviññāṇāni, tisso ca manodhātuyo – ime dhammā paccuppannārammaṇā. Kāmāvacarakusalassa vipākato dasa cittuppādā, akusalassa vipākato manoviññāṇadhātu upekkhāsahagatā, kiriyāhetukamanoviññāṇadhātu somanassasahagatā – ime dhammā siyā atītārammaṇā, siyā anāgatārammaṇā, siyā paccuppannārammaṇā. Kāmāvacarakusalaṃ, akusalaṃ, kiriyato nava cittuppādā, rūpāvacaraṃ catutthaṃ jhānaṃ kusalato ca kiriyato ca – ime dhammā siyā atītārammaṇā, siyā anāgatārammaṇā, siyā paccuppannārammaṇā; siyā na vattabbā atītārammaṇātipi, anāgatārammaṇātipi, paccuppannārammaṇātipi. Rūpāvacaratikacatukkajjhānā kusalato ca vipākato ca kiriyato ca, catutthassa jhānassa vipāko, ākāsānañcāyatanaṃ, ākiñcaññāyatanaṃ, cattāro maggā apariyāpannā, cattāri ca sāmaññaphalāni – ime dhammā na vattabbā atītārammaṇātipi, anāgatārammaṇātipi, paccuppannārammaṇātipi. Rūpañca nibbānañca anārammaṇā.",-,
1-1435,"1435. Anindriyabaddharūpañca nibbānañca ṭhapetvā, sabbe dhammā siyā ajjhattā, siyā bahiddhā, siyā ajjhattabahiddhā. Anindriyabaddharūpañca nibbānañca bahiddhā.",-,
1-1436,"1436. Katame dhammā ajjhattārammaṇā? Viññāṇañcāyatanaṃ, nevasaññānāsaññāyatanaṃ – ime dhammā ajjhattārammaṇā.",-,
1-1437,"1437. Katame dhammā bahiddhārammaṇā? Rūpāvacaratikacatukkajjhānā kusalato ca vipākato ca kiriyato ca, catutthassa jhānassa vipāko, ākāsānañcāyatanaṃ, cattāro maggā apariyāpannā cattāri ca sāmaññaphalāni – ime dhammā bahiddhārammaṇā. Rūpaṃ ṭhapetvā, sabbeva kāmāvacarā kusalākusalābyākatā dhammā, rūpāvacaraṃ catutthaṃ jhānaṃ kusalato ca kiriyato ca – ime dhammā siyā ajjhattārammaṇā, siyā bahiddhārammaṇā, siyā ajjhattabahiddhārammaṇā. Ākiñcaññāyatanaṃ na vattabbaṃ ajjhattārammaṇantipi, bahiddhārammaṇantipi, ajjhattabahiddhārammaṇantipi. Rūpañca nibbānañca anārammaṇā.",-,
1-1438,1438. Katame dhammā sanidassanasappaṭighā? Rūpāyatanaṃ – ime dhammā sanidassanasappaṭighā.,-,
1-1439,1439. Katame dhammā anidassanasappaṭighā? Cakkhāyatanaṃ…pe… phoṭṭhabbāyatanaṃ – ime dhammā anidassanasappaṭighā.,-,
1-1440,"1440. Katame dhammā anidassanaappaṭighā? Catūsu bhūmīsu kusalaṃ, akusalaṃ, catūsu bhūmīsu vipāko, tīsu bhūmīsu kiriyābyākataṃ, yañca rūpaṃ anidassanaṃ appaṭighaṃ dhammāyatanapariyāpannaṃ, nibbānañca – ime dhammā anidassanaappaṭighā.
Tikaṃ.",-,
1-1441,"1441. Katame dhammā hetū? Tayo kusalahetū, tayo akusalahetū, tayo abyākatahetū. Alobho kusalahetu, adoso kusalahetu, catūsu bhūmīsu kusalesu uppajjanti. Amoho kusalahetu, kāmāvacarakusalato cattāro ñāṇavippayutte cittuppāde ṭhapetvā, catūsu bhūmīsu kusalesu uppajjati.
Lobho aṭṭhasu lobhasahagatesu cittuppādesu uppajjati. Doso dvīsu domanassasahagatesu cittuppādesu uppajjati. Moho sabbākusalesu uppajjati.
Alobho vipākahetu adoso vipākahetu, kāmāvacarassa vipākato ahetuke cittuppāde ṭhapetvā, catūsu bhūmīsu vipākesu uppajjanti. Amoho vipākahetu, kāmāvacarassa vipākato ahetuke cittuppāde ṭhapetvā, cattāro ñāṇavippayutte cittuppāde ṭhapetvā, catūsu bhūmīsu vipākesu uppajjati.
Alobho kiriyahetu adoso kiriyahetu, kāmāvacarakiriyato ahetuke cittuppāde ṭhapetvā, tīsu bhūmīsu kiriyesu uppajjanti . Amoho kiriyahetu, kāmāvacarakiriyato ahetuke cittuppāde ṭhapetvā, cattāro ñāṇavippayutte cittuppāde ṭhapetvā, tīsu bhūmīsu kiriyesu uppajjati – ime dhammā hetū.",-,
1-1442,"1442. Katame dhammā na hetū? Ṭhapetvā hetū, catūsu bhūmīsu kusalaṃ, akusalaṃ, catūsu bhūmīsu vipāko, tīsu bhūmīsu kiriyābyākataṃ, rūpañca, nibbānañca – ime dhammā na hetū.",-,
1-1443,"1443. Katame dhammā sahetukā? Vicikicchāsahagataṃ uddhaccasahagataṃ mohaṃ ṭhapetvā avasesaṃ akusalaṃ, catūsu bhūmīsu kusalaṃ, kāmāvacarassa vipākato ahetuke cittuppāde ṭhapetvā catūsu bhūmīsu vipāko, kāmāvacarakiriyato ahetuke cittuppāde ṭhapetvā tīsu bhūmīsu kiriyābyākataṃ – ime dhammā sahetukā.",-,
1-1444,"1444. Katame dhammā ahetukā? Vicikicchāsahagato moho, uddhaccasahagato moho, dvepañcaviññāṇāni, tisso ca manodhātuyo, pañca ca ahetukamanoviññāṇadhātuyo, rūpañca, nibbānañca – ime dhammā ahetukā.",-,
1-1445,"1445. Katame dhammā hetusampayuttā? Vicikicchāsahagataṃ uddhaccasahagataṃ mohaṃ ṭhapetvā avasesaṃ akusalaṃ, catūsu bhūmīsu kusalaṃ, kāmāvacarassa vipākato ahetuke cittuppāde ṭhapetvā catūsu bhūmīsu vipāko, kāmāvacarakiriyato ahetuke cittuppāde ṭhapetvā tīsu bhūmīsu kiriyābyākataṃ – ime dhammā hetusampayuttā.",-,
1-1446,"1446. Katame dhammā hetuvippayuttā? Vicikicchāsahagato moho, uddhaccasahagato moho, dvepañcaviññāṇāni tisso ca manodhātuyo pañca ca ahetukamanoviññāṇadhātuyo, rūpañca, nibbānañca – ime dhammā hetuvippayuttā.",-,
1-1447,1447. Katame dhammā hetū ceva sahetukā ca? Yattha dve tayo hetū ekato uppajjanti – ime dhammā hetū ceva sahetukā ca.,-,
1-1448,"1448. Katame dhammā sahetukā ceva na ca hetū? Catūsu bhūmīsu kusalaṃ, akusalaṃ, kāmāvacarassa vipākato ahetuke cittuppāde ṭhapetvā catūsu bhūmīsu vipāko, kāmāvacarakiriyato ahetuke cittuppāde ṭhapetvā tīsu bhūmīsu kiriyābyākataṃ, etthuppanne hetū ṭhapetvā – ime dhammā sahetukā ceva na ca hetū. Ahetukā dhammā na vattabbā – hetū ceva sahetukā cātipi, sahetukā ceva na ca hetūtipi.",-,
1-1449,1449. Katame dhammā hetū ceva hetusampayuttā ca? Yattha dve tayo hetū ekato uppajjanti – ime dhammā hetū ceva hetusampayuttā ca.,-,
1-1450,"1450. Katame dhammā hetusampayuttā ceva na ca hetū? Catūsu bhūmīsu kusalaṃ, akusalaṃ, kāmāvacarassa vipākato ahetuke cittuppāde ṭhapetvā catūsu bhūmīsu vipāko, kāmāvacarakiriyato ahetuke cittuppāde ṭhapetvā tīsu bhūmīsu kiriyābyākataṃ, etthuppanne hetū ṭhapetvā – ime dhammā hetusampayuttā ceva na ca hetū. Hetuvippayuttā dhammā na vattabbā – hetū ceva hetusampayuttā cātipi, hetusampayuttā ceva na ca hetūtipi.",-,
1-1451,"1451. Katame dhammā na hetū sahetukā? Catūsu bhūmīsu kusalaṃ, akusalaṃ, kāmāvacarassa vipākato ahetuke cittuppāde ṭhapetvā catūsu bhūmīsu vipāko, kāmāvacarakiriyato ahetuke cittuppāde ṭhapetvā tīsu bhūmīsu kiriyābyākataṃ, etthuppanne hetū ṭhapetvā – ime dhammā na hetū sahetukā.",-,
1-1452,"1452. Katame dhammā na hetū ahetukā? Dvepañcaviññāṇāni, tisso ca manodhātuyo, pañca ca ahetukamanoviññāṇadhātuyo, rūpañca, nibbānañca – ime dhammā na hetū ahetukā . Hetū dhammā na vattabbā – na hetū sahetukātipi, na hetū ahetukātipi.",-,
1-1453,"1453. Katame dhammā sappaccayā? Catūsu bhūmīsu kusalaṃ, akusalaṃ, catūsu bhūmīsu vipāko, tīsu bhūmīsu kiriyābyākataṃ, sabbañca rūpaṃ – ime dhammā sappaccayā.",-,
1-1454,1454. Katame dhammā appaccayā? Nibbānaṃ – ime dhammā appaccayā.,-,
1-1455,"1455. Katame dhammā saṅkhatā? Catūsu bhūmīsu kusalaṃ, akusalaṃ, catūsu bhūmīsu vipāko, tīsu bhūmīsu kiriyābyākataṃ, sabbañca rūpaṃ – ime dhammā saṅkhatā.",-,
1-1456,1456. Katame dhammā asaṅkhatā? Nibbānaṃ – ime dhammā asaṅkhatā.,-,
1-1457,1457. Katame dhammā sanidassanā? Rūpāyatanaṃ – ime dhammā sanidassanā.,-,
1-1458,"1458. Katame dhammā anidassanā? Cakkhāyatanaṃ …pe… phoṭṭhabbāyatanaṃ, catūsu bhūmīsu kusalaṃ, akusalaṃ, catūsu bhūmīsu vipāko, tīsu bhūmīsu kiriyābyākataṃ, yañca rūpaṃ anidassanaṃ appaṭighaṃ dhammāyatanapariyāpannaṃ, nibbānañca – ime dhammā anidassanā.",-,
1-1459,1459. Katame dhammā sappaṭighā? Cakkhāyatanaṃ…pe… phoṭṭhabbāyatanaṃ – ime dhammā sappaṭighā.,-,
1-1460,"1460. Katame dhammā appaṭighā? Catūsu bhūmīsu kusalaṃ, akusalaṃ, catūsu bhūmīsu vipāko, tīsu bhūmīsu kiriyābyākataṃ, yañca rūpaṃ anidassanaṃ appaṭighaṃ dhammāyatanapariyāpannaṃ, nibbānañca – ime dhammā appaṭighā.",-,
1-1461,"1461. Katame dhammā rūpino? Cattāro ca mahābhūtā, catunnañca mahābhūtānaṃ upādāya rūpaṃ – ime dhammā rūpino.",-,
1-1462,"1462. Katame dhammā arūpino? Catūsu bhūmīsu kusalaṃ, akusalaṃ, catūsu bhūmīsu vipāko, tīsu bhūmīsu kiriyābyākataṃ, nibbānañca – ime dhammā arūpino.",-,
1-1463,"1463. Katame dhammā lokiyā? Tīsu bhūmīsu kusalaṃ, akusalaṃ, tīsu bhūmīsu vipāko, tīsu bhūmīsu kiriyābyākataṃ, sabbañca rūpaṃ – ime dhammā lokiyā.",-,
1-1464,"1464. Katame dhammā lokuttarā? Cattāro maggā apariyāpannā, cattāri ca sāmaññaphalāni, nibbānañca – ime dhammā lokuttarā. Sabbe [sabbeva (syā.)] dhammā kenaci viññeyyā, kenaci na viññeyyā.",-,
1-1465,"1465. Katame dhammā āsavā? Cattāro āsavā – kāmāsavo, bhavāsavo, diṭṭhāsavo, avijjāsavo. Kāmāsavo aṭṭhasu lobhasahagatesu cittuppādesu uppajjati bhavāsavo catūsu diṭṭhigatavippayuttalobhasahagatesu cittuppādesu uppajjati diṭṭhāsavo catūsu diṭṭhigatasampayuttesu cittuppādesu uppajjati. Avijjāsavo sabbākusalesu uppajjati – ime dhammā āsavā.",-,
1-1466,"1466. Katame dhammā no āsavā? Ṭhapetvā āsave avasesaṃ akusalaṃ, catūsu bhūmīsu kusalaṃ , catūsu bhūmīsu vipāko, tīsu bhūmīsu kiriyābyākataṃ, rūpañca, nibbānañca – ime dhammā no āsavā.",-,
1-1467,"1467. Katame dhammā sāsavā? Tīsu bhūmīsu kusalaṃ, akusalaṃ, tīsu bhūmīsu vipāko, tīsu bhūmīsu kiriyābyākataṃ, sabbañca rūpaṃ – ime dhammā sāsavā.",-,
1-1468,"1468. Katame dhammā anāsavā? Cattāro maggā apariyāpannā, cattāri ca sāmaññaphalāni, nibbānañca – ime dhammā anāsavā.",-,
1-1469,"1469. Katame dhammā āsavasampayuttā? Dve domanassasahagatacittuppādā etthuppannaṃ mohaṃ ṭhapetvā, vicikicchāsahagataṃ uddhaccasahagataṃ mohaṃ ṭhapetvā, avasesaṃ akusalaṃ – ime dhammā āsavasampayuttā.",-,
1-1470,"1470. Katame dhammā āsavavippayuttā? Dvīsu domanassasahagatesu cittuppādesu uppanno moho, vicikicchāsahagato moho, uddhaccasahagato moho, catūsu bhūmīsu kusalaṃ, catūsu bhūmīsu vipāko, tīsu bhūmīsu kiriyābyākataṃ, rūpañca, nibbānañca – ime dhammā āsavavippayuttā.",-,
1-1471,1471. Katame dhammā āsavā ceva sāsavā ca? Teva āsavā āsavā ceva sāsavā ca.,-,
1-1472,"1472. Katame dhammā sāsavā ceva no ca āsavā? Ṭhapetvā āsave, avasesaṃ akusalaṃ, tīsu bhūmīsu kusalaṃ, tīsu bhūmīsu vipāko, tīsu bhūmīsu kiriyābyākataṃ, sabbañca rūpaṃ – ime dhammā sāsavā ceva no ca āsavā. Anāsavā dhammā na vattabbā – āsavā ceva sāsavā cātipi, sāsavā ceva no ca āsavātipi.",-,
1-1473,1473. Katame dhammā āsavā ceva āsavasampayuttā ca? Yattha dve tayo āsavā ekato uppajjanti – ime dhammā āsavā ceva āsavasampayuttā ca.,-,
1-1474,"1474. Katame dhammā āsavasampayuttā ceva no ca āsavā? Ṭhapetvā āsave, avasesaṃ akusalaṃ – ime dhammā āsavasampayuttā ceva no ca āsavā. Āsavavippayuttā dhammā na vattabbā – āsavā ceva āsavasampayuttā cātipi, āsavasampayuttā ceva no ca āsavātipi.",-,
1-1475,"1475. Katame dhammā āsavavippayuttā sāsavā? Dvīsu domanassasahagatesu cittuppādesu uppanno moho, vicikicchāsahagato moho, uddhaccasahagato moho, tīsu bhūmīsu kusalaṃ, tīsu bhūmīsu vipāko, tīsu bhūmīsu kiriyābyākataṃ, sabbañca rūpaṃ – ime dhammā āsavavippayuttā sāsavā.",-,
1-1476,"1476. Katame dhammā āsavavippayuttā anāsavā? Cattāro maggā apariyāpannā, cattāri ca sāmaññaphalāni, nibbānañca – ime dhammā āsavavippayuttā anāsavā. Āsavasampayuttā dhammā na vattabbā – āsavavippayuttā sāsavātipi, āsavavippayuttā anāsavātipi.",-,
1-1477,"1477. Katame dhammā saṃyojanā? Dasa saṃyojanāni – kāmarāgasaṃyojanaṃ, paṭighasaṃyojanaṃ, mānasaṃyojanaṃ, diṭṭhisaṃyojanaṃ, vicikicchāsaṃyojanaṃ, sīlabbataparāmāsasaṃyojanaṃ, bhavarāgasaṃyojanaṃ, issāsaṃyojanaṃ, macchariyasaṃyojanaṃ, avijjāsaṃyojanaṃ. Kāmarāgasaṃyojanaṃ aṭṭhasu lobhasahagatesu cittuppādesu uppajjati. Paṭighasaṃyojanaṃ dvīsu domanassasahagatesu cittuppādesu uppajjati. Mānasaṃyojanaṃ catūsu diṭṭhigatavippayuttalobhasahagatesu cittuppādesu uppajjati. Diṭṭhisaṃyojanaṃ catūsu diṭṭhigatasampayuttesu cittuppādesu uppajjati. Vicikicchāsaṃyojanaṃ vicikicchāsahagatesu cittuppādesu uppajjati. Sīlabbataparāmāsasaṃyojanaṃ catūsu diṭṭhigatasampayuttesu cittuppādesu uppajjati. Bhavarāgasaṃyojanaṃ catūsu diṭṭhigatavippayuttalobhasahagatesu cittuppādesu uppajjati. Issāsaṃyojanañca macchariyasaṃyojanañca dvīsu domanassasahagatesu cittuppādesu uppajjanti. Avijjāsaṃyojanaṃ sabbākusalesu uppajjati – ime dhammā saṃyojanā.",-,
1-1478,"1478. Katame dhammā no saṃyojanā. Ṭhapetvā saṃyojane avasesaṃ akusalaṃ, catūsu bhūmīsu kusalaṃ, catūsu bhūmīsu vipāko, tīsu bhūmīsu kiriyābyākataṃ, rūpañca, nibbānañca – ime dhammā no saṃyojanā.",-,
1-1479,"1479. Katame dhammā saṃyojaniyā? Tīsu bhūmīsu kusalaṃ, akusalaṃ, tīsu bhūmīsu vipāko, tīsu bhūmīsu kiriyābyākataṃ, sabbañca rūpaṃ – ime dhammā saṃyojaniyā.",-,
1-1480,"1480. Katame dhammā asaṃyojaniyā? Cattāro maggā apariyāpannā, cattāri ca sāmaññaphalāni, nibbānañca – ime dhammā asaṃyojaniyā.",-,
1-1481,1481. Katame dhammā saṃyojanasampayuttā? Uddhaccasahagataṃ mohaṃ ṭhapetvā avasesaṃ akusalaṃ – ime dhammā saṃyojanasampayuttā.,-,
1-1482,"1482. Katame dhammā saṃyojanavippayuttā? Uddhaccasahagato moho, catūsu bhūmīsu kusalaṃ, catūsu bhūmīsu vipāko, tīsu bhūmīsu kiriyābyākataṃ, rūpañca, nibbānañca – ime dhammā saṃyojanavippayuttā.",-,
1-1483,1483. Katame dhammā saṃyojanā ceva saṃyojaniyā ca? Tāneva saṃyojanāni saṃyojanā ceva saṃyojaniyā ca.,-,
1-1484,"1484. Katame dhammā saṃyojaniyā ceva no ca saṃyojanā? Ṭhapetvā saṃyojane avasesaṃ akusalaṃ, tīsu bhūmīsu kusalaṃ, tīsu bhūmīsu vipāko, tīsu bhūmīsu kiriyābyākataṃ, sabbañca rūpaṃ – ime dhammā saṃyojaniyā ceva no ca saṃyojanā. Asaṃyojaniyā dhammā na vattabbā – saṃyojanā ceva saṃyojaniyā cātipi, saṃyojaniyā ceva no ca saṃyojanātipi.",-,
1-1485,1485. Katame dhammā saṃyojanā ceva saṃyojanasampayuttā ca? Yattha dve tīṇi saṃyojanāni ekato uppajjanti – ime dhammā saṃyojanā ceva saṃyojanasampayuttā ca.,-,
1-1486,"1486. Katame dhammā saṃyojanasampayuttā ceva no ca saṃyojanā? Ṭhapetvā saṃyojane, avasesaṃ akusalaṃ – ime dhammā saṃyojanasampayuttā ceva no ca saṃyojanā. Saṃyojanavippayuttā dhammā na vattabbā – saṃyojanā ceva saṃyojanasampayuttā cātipi, saṃyojanasampayuttā ceva no ca saṃyojanātipi.",-,
1-1487,"1487. Katame dhammā saṃyojanavippayuttā saṃyojaniyā? Uddhaccasahagato moho, tīsu bhūmīsu kusalaṃ, tīsu bhūmīsu vipāko, tīsu bhūmīsu kiriyābyākataṃ, sabbañca rūpaṃ – ime dhammā saṃyojanavippayuttā saṃyojaniyā.",-,
1-1488,"1488. Katame dhammā saṃyojanavippayuttā asaṃyojaniyā? Cattāro maggā apariyāpannā, cattāri ca sāmaññaphalāni, nibbānañca – ime dhammā saṃyojanavippayuttā asaṃyojaniyā. Saṃyojanasampayuttā dhammā na vattabbā – saṃyojanavippayuttā saṃyojaniyātipi, saṃyojanavippayuttā asaṃyojaniyātipi.",-,
1-1489,"1489. Katame dhammā ganthā? Cattāro ganthā – abhijjhākāyagantho, byāpādo kāyagantho, sīlabbataparāmāso kāyagantho, idaṃsaccābhiniveso kāyagantho. Abhijjhākāyagantho aṭṭhasu lobhasahagatesu cittuppādesu uppajjati. Byāpādo kāyagantho dvīsu domanassasahagatesu cittuppādesu uppajjati. Sīlabbataparāmāso kāyagantho ca idaṃsaccābhiniveso kāyagantho ca catūsu diṭṭhigatasampayuttesu cittuppādesu uppajjanti – ime dhammā ganthā.",-,
1-1490,"1490. Katame dhammā no ganthā? Ṭhapetvā ganthe, avasesaṃ akusalaṃ, catūsu bhūmīsu kusalaṃ, catūsu bhūmīsu vipāko, tīsu bhūmīsu kiriyābyākataṃ, rūpañca, nibbānañca – ime dhammā no ganthā.",-,
1-1491,"1491. Katame dhammā ganthaniyā? Tīsu bhūmīsu kusalaṃ, akusalaṃ, tīsu bhūmīsu vipāko, tīsu bhūmīsu kiriyābyākataṃ, sabbañca rūpaṃ – ime dhammā ganthaniyā.",-,
1-1492,"1492. Katame dhammā aganthaniyā? Cattāro maggā apariyāpannā, cattāri ca sāmaññaphalāni, nibbānañca – ime dhammā aganthaniyā.",-,
1-1493,"1493. Katame dhammā ganthasampayuttā? Cattāro diṭṭhigatasampayuttacittuppādā , cattāro diṭṭhigatavippayuttalobhasahagatacittuppādā, etthuppannaṃ lobhaṃ ṭhapetvā, dve domanassasahagatacittuppādā, etthuppannaṃ paṭighaṃ ṭhapetvā – ime dhammā ganthasampayuttā.",-,
1-1494,"1494. Katame dhammā ganthavippayuttā? Catūsu diṭṭhigatavippayuttalobhasahagatesu cittuppādesu uppanno lobho, dvīsu domanassasahagatesu cittuppādesu uppannaṃ paṭighaṃ, vicikicchāsahagato cittuppādo, uddhaccasahagato cittuppādo, catūsu bhūmīsu kusalaṃ, catūsu bhūmīsu vipāko, tīsu bhūmīsu kiriyābyākataṃ, rūpañca, nibbānañca – ime dhammā ganthavippayuttā.",-,
1-1495,1495. Katame dhammā ganthā ceva ganthaniyā ca? Teva ganthā ganthā ceva ganthaniyā ca.,-,
1-1496,"1496. Katame dhammā ganthaniyā ceva no ca ganthā? Ṭhapetvā ganthe avasesaṃ akusalaṃ, tīsu bhūmīsu kusalaṃ, tīsu bhūmīsu vipāko, tīsu bhūmīsu kiriyābyākataṃ, sabbañca rūpaṃ – ime dhammā ganthaniyā ceva no ca ganthā. Aganthaniyā dhammā na vattabbā – ganthā ceva ganthaniyā cātipi, ganthaniyā ceva no ca ganthātipi.",-,
1-1497,1497. Katame dhammā ganthā ceva ganthasampayuttā ca? Yattha diṭṭhi ca lobho ca ekato uppajjanti – ime dhammā ganthā ceva ganthasampayuttā ca.,-,
1-1498,"1498. Katame dhammā ganthasampayuttā ceva no ca ganthā? Aṭṭha lobhasahagatacittuppādā dve domanassasahagatacittuppādā, etthuppanne ganthe ṭhapetvā – ime dhammā ganthasampayuttā ceva no ca ganthā. Ganthavippayuttā dhammā na vattabbā – ganthā ceva ganthasampayuttā cātipi, ganthasampayuttā ceva no ca ganthātipi.",-,
1-1499,"1499. Katame dhammā ganthavippayuttā ganthaniyā? Catūsu diṭṭhigatavippayuttalobhasahagatesu cittuppādesu uppanno lobho, dvīsu domanassasahagatesu cittuppādesu uppannaṃ paṭighaṃ, vicikicchāsahagato cittuppādo, uddhaccasahagato cittuppādo, tīsu bhūmīsu kusalaṃ, tīsu bhūmīsu vipāko, tīsu bhūmīsu kiriyābyākataṃ, sabbañca rūpaṃ – ime dhammā ganthavippayuttā ganthaniyā.",-,
1-1500,"1500. Katame dhammā ganthavippayuttā aganthaniyā? Cattāro maggā apariyāpannā, cattāri ca sāmaññaphalāni, nibbānañca – ime dhammā ganthavippayuttā aganthaniyā. Ganthasampayuttā dhammā na vattabbā – ganthavippayuttā ganthaniyātipi, ganthavippayuttā aganthaniyātipi.",-,
1-1501,1501. Katame dhammā oghā…pe….,-,
1-1502,1502. Katame dhammā yogā…pe….,-,
1-1503,"1503. Katame dhammā nīvaraṇā? Cha nīvaraṇā – kāmacchandanīvaraṇaṃ, byāpādanīvaraṇaṃ, thinamiddhanīvaraṇaṃ, uddhaccakukkuccanīvaraṇaṃ, vicikicchānīvaraṇaṃ, avijjānīvaraṇaṃ . Kāmacchandanīvaraṇaṃ aṭṭhasu lobhasahagatesu cittuppādesu uppajjati, byāpādanīvaraṇaṃ dvīsu domanassasahagatesu cittuppādesu uppajjati, thinamiddhanīvaraṇaṃ sasaṅkhārikesu akusalesu uppajjati, uddhaccanīvaraṇaṃ uddhaccasahagatesu cittuppādesu uppajjati, kukkuccanīvaraṇaṃ dvīsu domanassasahagatesu cittuppādesu uppajjati, vicikicchānīvaraṇaṃ vicikicchāsahagatesu cittuppādesu uppajjati, avijjānīvaraṇaṃ sabbākusalesu uppajjati – ime dhammā nīvaraṇā.",-,
1-1504,"1504. Katame dhammā no nīvaraṇā? Ṭhapetvā nīvaraṇe avasesaṃ akusalaṃ, catūsu bhūmīsu kusalaṃ, catūsu bhūmīsu vipāko, tīsu bhūmīsu kiriyābyākataṃ, rūpañca, nibbānañca – ime dhammā no nīvaraṇā.",-,
1-1505,"1505. Katame dhammā nīvaraṇiyā? Tīsu bhūmīsu kusalaṃ, akusalaṃ, tīsu bhūmīsu vipāko, tīsu bhūmīsu kiriyābyākataṃ, sabbañca rūpaṃ – ime dhammā nīvaraṇiyā.",-,
1-1506,"1506. Katame dhammā anīvaraṇiyā? Cattāro maggā apariyāpannā, cattāri ca sāmaññaphalāni, nibbānañca – ime dhammā anīvaraṇiyā.",-,
1-1507,1507. Katame dhammā nīvaraṇasampayuttā? Dvādasa akusalacittuppādā – ime dhammā nīvaraṇasampayuttā.,-,
1-1508,"1508. Katame dhammā nīvaraṇavippayuttā? Catūsu bhūmīsu kusalaṃ, catūsu bhūmīsu vipāko, tīsu bhūmīsu kiriyābyākataṃ, rūpañca, nibbānañca – ime dhammā nīvaraṇavippayuttā.",-,
1-1509,1509. Katame dhammā nīvaraṇā ceva nīvaraṇiyā ca? Tāneva nīvaraṇāni nīvaraṇā ceva nīvaraṇiyā ca.,-,
1-1510,"1510. Katame dhammā nīvaraṇiyā ceva no ca nīvaraṇā? Ṭhapetvā nīvaraṇe, avasesaṃ akusalaṃ, tīsu bhūmīsu kusalaṃ, tīsu bhūmīsu vipāko, tīsu bhūmīsu kiriyābyākataṃ, sabbañca rūpaṃ – ime dhammā nīvaraṇiyā ceva no ca nīvaraṇā. Anīvaraṇiyā dhammā na vattabbā – nīvaraṇā ceva nīvaraṇiyā cātipi, nīvaraṇiyā ceva no ca nīvaraṇātipi.",-,
1-1511,1511. Katame dhammā nīvaraṇā ceva nīvaraṇasampayuttā ca? Yattha dve tīṇi nīvaraṇāni ekato uppajjanti – ime dhammā nīvaraṇā ceva nīvaraṇasampayuttā ca.,-,
1-1512,"1512. Katame dhammā nīvaraṇasampayuttā ceva no ca nīvaraṇā? Ṭhapetvā nīvaraṇe, avasesaṃ akusalaṃ – ime dhammā nīvaraṇasampayuttā ceva no ca nīvaraṇā. Nīvaraṇavippayuttā dhammā na vattabbā – nīvaraṇā ceva nīvaraṇasampayuttā cātipi, nīvaraṇasampayuttā ceva no ca nīvaraṇātipi.",-,
1-1513,"1513. Katame dhammā nīvaraṇavippayuttā nīvaraṇiyā? Tīsu bhūmīsu kusalaṃ, tīsu bhūmīsu vipāko, tīsu bhūmīsu kiriyābyākataṃ, sabbañca rūpaṃ – ime dhammā nīvaraṇavippayuttā nīvaraṇiyā.",-,
1-1514,"1514. Katame dhammā nīvaraṇavippayuttā anīvaraṇiyā? Cattāro maggā apariyāpannā, cattāri ca sāmaññaphalāni, nibbānañca – ime dhammā nīvaraṇavippayuttā anīvaraṇiyā. Nīvaraṇasampayuttā dhammā na vattabbā – nīvaraṇavippayuttā nīvaraṇiyātipi, nīvaraṇavippayuttā anīvaraṇiyātipi.",-,
1-1515,1515. Katame dhammā parāmāsā? Diṭṭhiparāmāso catūsu diṭṭhigatasampayuttesu cittuppādesu uppajjati – ime dhammā parāmāsā.,-,
1-1516,"1516. Katame dhammā no parāmāsā? Ṭhapetvā parāmāsaṃ avasesaṃ akusalaṃ, catūsu bhūmīsu kusalaṃ, catūsu bhūmīsu vipāko, tīsu bhūmīsu kiriyābyākataṃ, rūpañca, nibbānañca – ime dhammā no parāmāsā.",-,
1-1517,"1517. Katame dhammā parāmaṭṭhā? Tīsu bhūmīsu kusalaṃ, akusalaṃ, tīsu bhūmīsu vipāko, tīsu bhūmīsu kiriyābyākataṃ, sabbañca rūpaṃ – ime dhammā parāmaṭṭhā.",-,
1-1518,"1518. Katame dhammā aparāmaṭṭhā? Cattāro maggā apariyāpannā, cattāri ca sāmaññaphalāni nibbānañca – ime dhammā aparāmaṭṭhā.",-,
1-1519,"1519. Katame dhammā parāmāsasampayuttā? Cattāro diṭṭhigatasampayuttacittuppādā, etthuppannaṃ parāmāsaṃ ṭhapetvā – ime dhammā parāmāsasampayuttā.",-,
1-1520,"1520. Katame dhammā parāmāsavippayuttā? Cattāro diṭṭhigatavippayuttalobhasahagatacittuppādā , dve domanassasahagatacittuppādā, vicikicchāsahagato cittuppādo, uddhaccasahagato cittuppādo, catūsu bhūmīsu kusalaṃ, catūsu bhūmīsu vipāko, tīsu bhūmīsu kiriyābyākataṃ, rūpañca, nibbānañca – ime dhammā parāmāsavippayuttā. Parāmāso na vattabbo – parāmāsasampayuttotipi, parāmāsavippayuttotipi.",-,
1-1521,1521. Katame dhammā parāmāsā ceva parāmaṭṭhā ca? So eva parāmāso parāmāso ceva parāmaṭṭho ca.,-,
1-1522,"1522. Katame dhammā parāmaṭṭhā ceva no ca parāmāsā? Ṭhapetvā parāmāsaṃ avasesaṃ akusalaṃ, tīsu bhūmīsu kusalaṃ, tīsu bhūmīsu vipāko, tīsu bhūmīsu kiriyābyākataṃ, sabbañca rūpaṃ – ime dhammā parāmaṭṭhā ceva no ca parāmāsā. Aparāmaṭṭhā dhammā na vattabbā – parāmāsā ceva parāmaṭṭhā cātipi, parāmaṭṭhā ceva no ca parāmāsātipi.",-,
1-1523,"1523. Katame dhammā parāmāsavippayuttā parāmaṭṭhā? Cattāro diṭṭhigatavippayuttalobhasahagatacittuppādā, dve domanassasahagatacittuppādā, vicikicchāsahagato cittuppādo, uddhaccasahagato cittuppādo, tīsu bhūmīsu kusalaṃ, tīsu bhūmīsu vipāko, tīsu bhūmīsu kiriyābyākataṃ, sabbañca rūpaṃ – ime dhammā parāmāsavippayuttā parāmaṭṭhā.",-,
1-1524,"1524. Katame dhammā parāmāsavippayuttā aparāmaṭṭhā? Cattāro maggā apariyāpannā, cattāri ca sāmaññaphalāni, nibbānañca – ime dhammā parāmāsavippayuttā aparāmaṭṭhā. Parāmāsā ca parāmāsasampayuttā ca dhammā na vattabbā – parāmāsavippayuttā parāmaṭṭhātipi, parāmāsavippayuttā aparāmaṭṭhātipi.",-,
1-1525,"1525. Katame dhammā sārammaṇā? Catūsu bhūmīsu kusalaṃ, akusalaṃ, catūsu bhūmīsu vipāko, tīsu bhūmīsu kiriyābyākataṃ – ime dhammā sārammaṇā.",-,
1-1526,"1526. Katame dhammā anārammaṇā? Rūpañca, nibbānañca – ime dhammā anārammaṇā.",-,
1-1527,"1527. Katame dhammā cittā? Cakkhuviññāṇaṃ, sotaviññāṇaṃ, ghānaviññāṇaṃ, jivhāviññāṇaṃ, kāyaviññāṇaṃ, manodhātu, manoviññāṇadhātu – ime dhammā cittā.",-,
1-1528,"1528. Katame dhammā no cittā? Vedanākkhandho, saññākkhandho, saṅkhārakkhandho, rūpañca, nibbānañca – ime dhammā no cittā.",-,
1-1529,"1529. Katame dhammā cetasikā? Vedanākkhandho, saññākkhandho, saṅkhārakkhandho – ime dhammā cetasikā.",-,
1-1530,"1530. Katame dhammā acetasikā? Cittañca, rūpañca, nibbānañca – ime dhammā acetasikā.",-,
1-1531,"1531. Katame dhammā cittasampayuttā? Vedanākkhandho, saññākkhandho, saṅkhārakkhandho – ime dhammā cittasampayuttā.",-,
1-1532,"1532. Katame dhammā cittavippayuttā? Rūpañca, nibbānañca – ime dhammā cittavippayuttā. Cittaṃ na vattabbaṃ – cittena sampayuttantipi, cittena vippayuttantipi.",-,
1-1533,"1533. Katame dhammā cittasaṃsaṭṭhā? Vedanākkhandho, saññākkhandho, saṅkhārakkhandho – ime dhammā cittasaṃsaṭṭhā.",-,
1-1534,"1534. Katame dhammā cittavisaṃsaṭṭhā? Rūpañca, nibbānañca – ime dhammā cittavisaṃsaṭṭhā. Cittaṃ na vattabbaṃ – cittena saṃsaṭṭhantipi, cittena visaṃsaṭṭhantipi.",-,
1-1535,"1535. Katame dhammā cittasamuṭṭhānā? Vedanākkhandho, saññākkhandho, saṅkhārakkhandho, kāyaviññatti, vacīviññatti, yaṃ vā panaññampi atthi rūpaṃ cittajaṃ cittahetukaṃ cittasamuṭṭhānaṃ – rūpāyatanaṃ saddāyatanaṃ gandhāyatanaṃ rasāyatanaṃ phoṭṭhabbāyatanaṃ ākāsadhātu āpodhātu rūpassa lahutā rūpassa mudutā rūpassa kammaññatā rūpassa upacayo rūpassa santati kabaḷīkāro āhāro – ime dhammā cittasamuṭṭhānā.",-,
1-1536,"1536. Katame dhammā no cittasamuṭṭhānā? Cittañca, avasesañca rūpaṃ, nibbānañca – ime dhammā no cittasamuṭṭhānā.",-,
1-1537,"1537. Katame dhammā cittasahabhuno? Vedanākkhandho, saññākkhandho, saṅkhārakkhandho, kāyaviññatti, vacīviññatti – ime dhammā cittasahabhuno.",-,
1-1538,"1538. Katame dhammā no cittasahabhuno? Cittañca, avasesañca rūpaṃ, nibbānañca – ime dhammā no cittasahabhuno.",-,
1-1539,"1539. Katame dhammā cittānuparivattino? Vedanākkhandho, saññākkhandho, saṅkhārakkhandho, kāyaviññatti, vacīviññatti – ime dhammā cittānuparivattino.",-,
1-1540,"1540. Katame dhammā no cittānuparivattino? Cittañca, avasesañca rūpaṃ, nibbānañca – ime dhammā no cittānuparivattino.",-,
1-1541,"1541. Katame dhammā cittasaṃsaṭṭhasamuṭṭhānā? Vedanākkhandho , saññākkhandho, saṅkhārakkhandho – ime dhammā cittasaṃsaṭṭhasamuṭṭhānā.",-,
1-1542,"1542. Katame dhammā no cittasaṃsaṭṭhasamuṭṭhānā? Cittañca, rūpañca, nibbānañca – ime dhammā no cittasaṃsaṭṭhasamuṭṭhānā.",-,
1-1543,"1543. Katame dhammā cittasaṃsaṭṭhasamuṭṭhānasahabhuno? Vedanākkhandho, saññākkhandho, saṅkhārakkhandho – ime dhammā cittasaṃsaṭṭhasamuṭṭhānasahabhuno.",-,
1-1544,"1544. Katame dhammā no cittasaṃsaṭṭhasamuṭṭhānasahabhuno? Cittañca, rūpañca , nibbānañca – ime dhammā no cittasaṃsaṭṭhasamuṭṭhānasahabhuno.",-,
1-1545,"1545. Katame dhammā cittasaṃsaṭṭhasamuṭṭhānānuparivattino? Vedanākkhandho, saññākkhandho, saṅkhārakkhandho – ime dhammā cittasaṃsaṭṭhasamuṭṭhānānuparivattino.",-,
1-1546,"1546. Katame dhammā no cittasaṃsaṭṭhasamuṭṭhānānuparivattino? Cittañca, rūpañca, nibbānañca – ime dhammā no cittasaṃsaṭṭhasamuṭṭhānānuparivattino.",-,
1-1547,1547. Katame dhammā ajjhattikā? Cakkhāyatanaṃ…pe… manāyatanaṃ – ime dhammā ajjhattikā.,-,
1-1548,1548. Katame dhammā bāhirā? Rūpāyatanaṃ…pe… dhammāyatanaṃ – ime dhammā bāhirā.,-,
1-1549,1549. Katame dhammā upādā? Cakkhāyatanaṃ…pe… kabaḷīkāro āhāro – ime dhammā upādā.,-,
1-1550,"1550. Katame dhammā no upādā? Catūsu bhūmīsu kusalaṃ, akusalaṃ, catūsu bhūmīsu vipāko, tīsu bhūmīsu kiriyābyākataṃ, cattāro ca mahābhūtā, nibbānañca – ime dhammā no upādā.",-,
1-1551,"1551. Katame dhammā upādiṇṇā? Tīsu bhūmīsu vipāko, yañca rūpaṃ kammassa katattā – ime dhammā upādiṇṇā.",-,
1-1552,"1552. Katame dhammā anupādiṇṇā? Tīsu bhūmīsu kusalaṃ, akusalaṃ, tīsu bhūmīsu kiriyābyākataṃ, yañca rūpaṃ na kammassa katattā, cattāro maggā apariyāpannā, cattāri ca sāmaññaphalāni, nibbānañca – ime dhammā anupādiṇṇā.",-,
1-1553,"1553. Katame dhammā upādānā? Cattāri upādānāni – kāmupādānaṃ , diṭṭhupādānaṃ, sīlabbatupādānaṃ, attavādupādānaṃ. Kāmupādānaṃ aṭṭhasu lobhasahagatesu cittuppādesu uppajjati. Diṭṭhupādānañca sīlabbatupādānañca attavādupādānañca catūsu diṭṭhigatasampayuttesu cittuppādesu uppajjanti – ime dhammā upādānā.",-,
1-1554,"1554. Katame dhammā no upādānā? Ṭhapetvā upādāne avasesaṃ akusalaṃ, catūsu bhūmīsu kusalaṃ, catūsu bhūmīsu vipāko, tīsu bhūmīsu kiriyābyākataṃ, rūpañca, nibbānañca – ime dhammā no upādānā.",-,
1-1555,"1555. Katame dhammā upādāniyā? Tīsu bhūmīsu kusalaṃ, akusalaṃ, tīsu bhūmīsu vipāko, tīsu bhūmīsu kiriyābyākataṃ, sabbañca rūpaṃ – ime dhammā upādāniyā.",-,
1-1556,"1556. Katame dhammā anupādāniyā? Cattāro maggā apariyāpannā, cattāri ca sāmaññaphalāni, nibbānañca – ime dhammā anupādāniyā.",-,
1-1557,"1557. Katame dhammā upādānasampayuttā? Cattāro diṭṭhigatasampayuttalobhasahagatacittuppādā, cattāro diṭṭhigatavippayuttalobhasahagatacittuppādā, etthuppannaṃ lobhaṃ ṭhapetvā – ime dhammā upādānasampayuttā.",-,
1-1558,"1558. Katame dhammā upādānavippayuttā? Catūsu diṭṭhigatavippayuttalobhasahagatesu cittuppādesu uppanno lobho, dve domanassasahagatacittuppādā, vicikicchāsahagato cittuppādo, uddhaccasahagato cittuppādo, catūsu bhūmīsu kusalaṃ, catūsu bhūmīsu vipāko, tīsu bhūmīsu kiriyābyākataṃ, rūpañca, nibbānañca – ime dhammā upādānavippayuttā.",-,
1-1559,1559. Katame dhammā upādānā ceva upādāniyā ca? Tāneva upādānāni upādānā ceva upādāniyā ca.,-,
1-1560,"1560. Katame dhammā upādāniyā ceva no ca upādānā? Ṭhapetvā upādāne avasesaṃ akusalaṃ, tīsu bhūmīsu kusalaṃ, tīsu bhūmīsu vipāko, tīsu bhūmīsu kiriyābyākataṃ, sabbañca rūpaṃ – ime dhammā upādāniyā ceva no ca upādānā . Anupādāniyā dhammā na vattabbā – upādānā ceva upādāniyā cātipi, upādāniyā ceva no ca upādānātipi.",-,
1-1561,1561. Katame dhammā upādānā ceva upādānasampayuttā ca? Yattha diṭṭhi ca lobho ca ekato uppajjanti – ime dhammā upādānā ceva upādānasampayuttā ca.,-,
1-1562,"1562. Katame dhammā upādānasampayuttā ceva no ca upādānā? Aṭṭha lobhasahagatacittuppādā, etthuppanne upādāne ṭhapetvā – ime dhammā upādānasampayuttā ceva no ca upādānā. Upādānavippayuttā dhammā na vattabbā – upādānā ceva upādānasampayuttā cātipi, upādānasampayuttā ceva no ca upādānātipi.",-,
1-1563,"1563. Katame dhammā upādānavippayuttā upādāniyā? Catūsu diṭṭhigatavippayuttalobhasahagatesu cittuppādesu uppanno lobho, dve domanassasahagatacittuppādā, vicikicchāsahagato cittuppādo, uddhaccasahagato cittuppādo, tīsu bhūmīsu kusalaṃ, tīsu bhūmīsu vipāko, tīsu bhūmīsu kiriyābyākataṃ, sabbañca rūpaṃ – ime dhammā upādānavippayuttā upādāniyā.",-,
1-1564,"1564. Katame dhammā upādānavippayuttā anupādāniyā? Cattāro maggā apariyāpannā, cattāri ca sāmaññaphalāni, nibbānañca – ime dhammā upādānavippayuttā anupādāniyā. Upādānasampayuttā dhammā na vattabbā – upādānavippayuttā upādāniyātipi, upādānavippayuttā anupādāniyātipi.",-,
1-1565,"1565. Katame dhammā kilesā? Dasa kilesavatthūni – lobho, doso, moho, māno, diṭṭhi, vicikicchā, thinaṃ, uddhaccaṃ, ahirikaṃ, anottappaṃ. Lobho aṭṭhasu lobhasahagatesu cittuppādesu uppajjati. Doso dvīsu domanassasahagatesu cittuppādesu uppajjati. Moho sabbākusalesu uppajjati. Māno catūsu diṭṭhigatavippayuttalobhasahagatesu cittuppādesu uppajjati. Diṭṭhi catūsu diṭṭhigatasampayuttesu cittuppādesu uppajjati. Vicikicchā vicikicchāsahagatesu cittuppādesu uppajjati. Thinaṃ sasaṅkhārikesu akusalesu uppajjati. Uddhaccañca ahirikañca anottappañca sabbākusalesu uppajjanti – ime dhammā kilesā.",-,
1-1566,"1566. Katame dhammā no kilesā? Ṭhapetvā kilese avasesaṃ akusalaṃ, catūsu bhūmīsu kusalaṃ, catūsu bhūmīsu vipāko, tīsu bhūmīsu kiriyābyākataṃ, rūpañca, nibbānañca – ime dhammā no kilesā.",-,
1-1567,"1567. Katame dhammā saṃkilesikā? Tīsu bhūmīsu kusalaṃ, akusalaṃ, tīsu bhūmīsu vipāko, tīsu bhūmīsu kiriyābyākataṃ sabbañca rūpaṃ – ime dhammā saṃkilesikā.",-,
1-1568,"1568. Katame dhammā asaṃkilesikā? Cattāro maggā apariyāpannā, cattāri ca sāmaññaphalāni, nibbānañca – ime dhammā asaṃkilesikā.",-,
1-1569,1569. Katame dhammā saṃkiliṭṭhā? Dvādasa akusalacittuppādā – ime dhammā saṃkiliṭṭhā.,-,
1-1570,"1570. Katame dhammā asaṃkiliṭṭhā? Catūsu bhūmīsu kusalaṃ, catūsu bhūmīsu vipāko, tīsu bhūmīsu kiriyābyākataṃ, rūpañca, nibbānañca – ime dhammā asaṃkiliṭṭhā.",-,
1-1571,1571. Katame dhammā kilesasampayuttā? Dvādasa akusalacittuppādā – ime dhammā kilesasampayuttā.,-,
1-1572,"1572. Katame dhammā kilesavippayuttā? Catūsu bhūmīsu kusalaṃ, catūsu bhūmīsu vipāko, tīsu bhūmīsu kiriyābyākataṃ, rūpañca, nibbānañca – ime dhammā kilesavippayuttā.",-,
1-1573,1573. Katame dhammā kilesā ceva saṃkilesikā ca? Teva kilesā kilesā ceva saṃkilesikā ca.,-,
1-1574,"1574. Katame dhammā saṃkilesikā ceva no ca kilesā? Ṭhapetvā kilese avasesaṃ akusalaṃ, tīsu bhūmīsu kusalaṃ, tīsu bhūmīsu vipāko, tīsu bhūmīsu kiriyābyākataṃ, sabbañca rūpaṃ – ime dhammā saṃkilesikā ceva no ca kilesā. Asaṃkilesikā dhammā na vattabbā – kilesā ceva saṃkilesikā cātipi, saṃkilesikā ceva no ca kilesātipi.",-,
1-1575,1575. Katame dhammā kilesā ceva saṃkiliṭṭhā ca? Teva kilesā kilesā ceva saṃkiliṭṭhā ca.,-,
1-1576,"1576. Katame dhammā saṃkiliṭṭhā ceva no ca kilesā? Ṭhapetvā kilese avasesaṃ akusalaṃ – ime dhammā saṃkiliṭṭhā ceva no ca kilesā . Asaṃkiliṭṭhā dhammā na vattabbā – kilesā ceva saṃkiliṭṭhā cātipi, saṃkiliṭṭhā ceva no ca kilesātipi.",-,
1-1577,1577. Katame dhammā kilesā ceva kilesasampayuttā ca? Yattha dve tayo kilesā ekato uppajjanti – ime dhammā kilesā ceva kilesasampayuttā ca.,-,
1-1578,"1578. Katame dhammā kilesasampayuttā ceva no ca kilesā? Ṭhapetvā kilese avasesaṃ akusalaṃ – ime dhammā kilesasampayuttā ceva no ca kilesā. Kilesavippayuttā dhammā na vattabbā – kilesā ceva kilesasampayuttā cātipi, kilesasampayuttā ceva no ca kilesātipi.",-,
1-1579,"1579. Katame dhammā kilesavippayuttā saṃkilesikā? Tīsu bhūmīsu kusalaṃ, tīsu bhūmīsu vipāko, tīsu bhūmīsu kiriyābyākataṃ, sabbañca rūpaṃ – ime dhammā kilesavippayuttā saṃkilesikā.",-,
1-1580,"1580. Katame dhammā kilesavippayuttā asaṃkilesikā? Cattāro maggā apariyāpannā , cattāri ca sāmaññaphalāni, nibbānañca – ime dhammā kilesavippayuttā asaṃkilesikā. Kilesasampayuttā dhammā na vattabbā – kilesavippayuttā saṃkilesikātipi, kilesavippayuttā asaṃkilesikātipi.",-,
1-1581,"1581. Katame dhammā dassanena pahātabbā? Cattāro diṭṭhigatasampayuttacittuppādā, vicikicchāsahagato cittuppādo – ime dhammā dassanena pahātabbā. Cattāro diṭṭhigatavippayuttalobhasahagatacittuppādā, dve domanassasahagatacittuppādā – ime dhammā siyā dassanena pahātabbā, siyā na dassanena pahātabbā.",-,
1-1582,"1582. Katame dhammā na dassanena pahātabbā? Uddhaccasahagato cittuppādo, catūsu bhūmīsu kusalaṃ, catūsu bhūmīsu vipāko, tīsu bhūmīsu kiriyābyākataṃ, rūpañca, nibbānañca – ime dhammā na dassanena pahātabbā.",-,
1-1583,"1583. Katame dhammā bhāvanāya pahātabbā? Uddhaccasahagato cittuppādo – ime dhammā bhāvanāya pahātabbā. Cattāro diṭṭhigatavippayuttalobhasahagatacittuppādā, dve domanassasahagatacittuppādā – ime dhammā siyā bhāvanāya pahātabbā, siyā na bhāvanāya pahātabbā.",-,
1-1584,"1584. Katame dhammā na bhāvanāya pahātabbā? Cattāro diṭṭhigatasampayuttacittuppādā, vicikicchāsahagato cittuppādo, catūsu bhūmīsu kusalaṃ, catūsu bhūmīsu vipāko, tīsu bhūmīsu kiriyābyākataṃ, rūpañca, nibbānañca – ime dhammā na bhāvanāya pahātabbā.",-,
1-1585,"1585. Katame dhammā dassanena pahātabbahetukā? Cattāro diṭṭhigatasampayuttacittuppādā, vicikicchāsahagato cittuppādo, etthuppannaṃ mohaṃ ṭhapetvā – ime dhammā dassanena pahātabbahetukā. Cattāro diṭṭhigatavippayuttalobhasahagatacittuppādā, dve domanassasahagatacittuppādā – ime dhammā siyā dassanena pahātabbahetukā, siyā na dassanena pahātabbahetukā.",-,
1-1586,"1586. Katame dhammā na dassanena pahātabbahetukā? Vicikicchāsahagato moho, uddhaccasahagato cittuppādo, catūsu bhūmīsu kusalaṃ, catūsu bhūmīsu vipāko, tīsu bhūmīsu kiriyābyākataṃ, rūpañca, nibbānañca – ime dhammā na dassanena pahātabbahetukā.",-,
1-1587,"1587. Katame dhammā bhāvanāya pahātabbahetukā? Uddhaccasahagato cittuppādo, etthuppannaṃ mohaṃ ṭhapetvā – ime dhammā bhāvanāya pahātabbahetukā. Cattāro diṭṭhigatavippayuttalobhasahagatacittuppādā, dve domanassasahagatacittuppādā – ime dhammā siyā bhāvanāya pahātabbahetukā, siyā na bhāvanāya pahātabbahetukā.",-,
1-1588,"1588. Katame dhammā na bhāvanāya pahātabbahetukā? Cattāro diṭṭhigatasampayuttacittuppādā, vicikicchāsahagato cittuppādo, uddhaccasahagato moho, catūsu bhūmīsu kusalaṃ, catūsu bhūmīsu vipāko, tīsu bhūmīsu kiriyābyākataṃ, rūpañca, nibbānañca – ime dhammā na bhāvanāya pahātabbahetukā.",-,
1-1589,"1589. Katame dhammā savitakkā? Kāmāvacarakusalaṃ, akusalaṃ, kāmāvacarakusalassa vipākato ekādasa cittuppādā, akusalassa vipākato dve, kiriyato ekādasa, rūpāvacaraṃ paṭhamaṃ jhānaṃ kusalato ca vipākato ca kiriyato ca lokuttaraṃ paṭhamaṃ jhānaṃ kusalato ca vipākato ca, etthuppannaṃ vitakkaṃ ṭhapetvā – ime dhammā savitakkā.",-,
1-1590,"1590. Katame dhammā avitakkā? Dvepañcaviññāṇāni, rūpāvacaratikacatukkajjhānā kusalato ca vipākato ca kiriyato ca, cattāro arūpāvacarā kusalato ca vipākato ca kiriyato ca, lokuttaratikacatukkajjhānā kusalato ca vipākato ca, vitakko ca, rūpañca, nibbānañca – ime dhammā avitakkā.",-,
1-1591,"1591. Katame dhammā savicārā? Kāmāvacarakusalaṃ , akusalaṃ, kāmāvacarakusalassa vipākato ekādasa cittuppādā, akusalassa vipākato dve kiriyato ekādasa, rūpāvacaraekakadukajjhānā kusalato ca vipākato ca kiriyato ca, lokuttaraekakadukajjhānā kusalato ca vipākato ca, etthuppannaṃ vicāraṃ ṭhapetvā – ime dhammā savicārā.",-,
1-1592,"1592. Katame dhammā avicārā? Dvepañcaviññāṇāni, rūpāvacaratikatikajjhānā kusalato ca vipākato ca kiriyato ca, cattāro āruppā kusalato ca vipākato ca kiriyato ca, lokuttaratikatikajjhānā kusalato ca vipākato ca, vicāro ca, rūpañca, nibbānañca – ime dhammā avicārā.",-,
1-1593,"1593. Katame dhammā sappītikā? Kāmāvacarakusalato cattāro somanassasahagatacittuppādā, akusalato cattāro, kāmāvacarakusalassa vipākato pañca, kiriyato pañca, rūpāvacaradukatikajjhānā kusalato ca vipākato ca kiriyato ca, lokuttaradukatikajjhānā kusalato ca vipākato ca, etthuppannaṃ pītiṃ ṭhapetvā – ime dhammā sappītikā.",-,
1-1594,"1594. Katame dhammā appītikā? Kāmāvacarakusalato cattāro upekkhāsahagatacittuppādā, akusalato aṭṭha, kāmāvacarakusalassa vipākato ekādasa, akusalassa vipākato satta, kiriyato cha, rūpāvacaradukadukajjhānā kusalato ca vipākato ca kiriyato ca, cattāro āruppā kusalato ca vipākato ca kiriyato ca, lokuttaradukadukajjhānā kusalato ca vipākato ca pīti ca, rūpañca, nibbānañca – ime dhammā appītikā.",-,
1-1595,"1595. Katame dhammā pītisahagatā? Kāmāvacarakusalato cattāro somanassasahagatacittuppādā, akusalato cattāro, kāmāvacarakusalassa vipākato pañca, kiriyato pañca, rūpāvacaradukatikajjhānā kusalato ca vipākato ca kiriyato ca, lokuttaradukatikajjhānā kusalato ca vipākato ca, etthuppannaṃ pītiṃ ṭhapetvā – ime dhammā pītisahagatā.",-,
1-1596,"1596. Katame dhammā na pītisahagatā? Kāmāvacarakusalato cattāro upekkhāsahagatacittuppādā, akusalato aṭṭha, kāmāvacarakusalassa vipākato ekādasa, akusalassa vipākato satta, kiriyato cha, rūpāvacaradukadukajjhānā kusalato ca vipākato ca kiriyato ca, cattāro āruppā kusalato ca vipākato ca kiriyato ca, lokuttaradukadukajjhānā kusalato ca vipākato ca, pīti ca, rūpañca, nibbānañca – ime dhammā na pītisahagatā.",-,
1-1597,"1597. Katame dhammā sukhasahagatā? Kāmāvacarakusalato cattāro somanassasahagatacittuppādā, akusalato cattāro, kāmāvacarakusalassa vipākato cha, kiriyato pañca, rūpāvacaratikacatukkajjhānā kusalato ca vipākato ca kiriyato ca lokuttaratikacatukkajjhānā kusalato ca vipākato ca, etthuppannaṃ sukhaṃ ṭhapetvā – ime dhammā sukhasahagatā.",-,
1-1598,"1598. Katame dhammā na sukhasahagatā? Kāmāvacarakusalato cattāro upekkhāsahagatacittuppādā, akusalato aṭṭha, kāmāvacarakusalassa vipākato dasa, akusalassa vipākato satta, kiriyato cha, rūpāvacaraṃ catutthaṃ jhānaṃ kusalato ca vipākato ca kiriyato ca, cattāro āruppā kusalato ca vipākato ca kiriyato ca lokuttaraṃ catutthaṃ jhānaṃ kusalato ca vipākato ca, sukhañca, rūpañca, nibbānañca – ime dhammā na sukhasahagatā.",-,
1-1599,"1599. Katame dhammā upekkhāsahagatā? Kāmāvacarakusalato cattāro upekkhāsahagatacittuppādā, akusalato cha, kāmāvacarakusalassa vipākato dasa, akusalassa vipākato cha, kiriyato cha , rūpāvacaraṃ catutthaṃ jhānaṃ kusalato ca vipākato ca kiriyato ca, cattāro āruppā kusalato ca vipākato ca kiriyato ca, lokuttaraṃ catutthaṃ jhānaṃ kusalato ca vipākato ca, etthuppannaṃ upekkhaṃ ṭhapetvā – ime dhammā upekkhāsahagatā.",-,
1-1600,"1600. Katame dhammā na upekkhāsahagatā? Kāmāvacarakusalato cattāro somanassasahagatacittuppādā, akusalato cha, kāmāvacarakusalassa vipākato cha, akusalassa vipākato eko, kiriyato pañca, rūpāvacaratikacatukkajjhānā kusalato ca vipākato ca kiriyato ca, lokuttaratikacatukkajjhānā kusalato ca vipākato ca, upekkhā ca, rūpañca, nibbānañca – ime dhammā na upekkhāsahagatā.",-,
1-1601,"1601. Katame dhammā kāmāvacarā? Kāmāvacarakusalaṃ, akusalaṃ, sabbo kāmāvacarassa vipāko, kāmāvacarakiriyābyākataṃ, sabbañca rūpaṃ – ime dhammā kāmāvacarā.",-,
1-1602,"1602. Katame dhammā na kāmāvacarā? Rūpāvacarā , arūpāvacarā, apariyāpannā – ime dhammā na kāmāvacarā.",-,
1-1603,1603. Katame dhammā rūpāvacarā? Rūpāvacaracatukkapañcakajjhānā kusalato ca vipākato ca kiriyato ca – ime dhammā rūpāvacarā.,-,
1-1604,"1604. Katame dhammā na rūpāvacarā? Kāmāvacarā, arūpāvacarā, apariyāpannā – ime dhammā na rūpāvacarā.",-,
1-1605,1605. Katame dhammā arūpāvacarā? Cattāro āruppā kusalato ca vipākato ca kiriyato ca – ime dhammā arūpāvacarā.,-,
1-1606,"1606. Katame dhammā na arūpāvacarā? Kāmāvacarā, rūpāvacarā, apariyāpannā – ime dhammā na arūpāvacarā.",-,
1-1607,"1607. Katame dhammā pariyāpannā? Tīsu bhūmīsu kusalaṃ, akusalaṃ, tīsu bhūmīsu vipāko, tīsu bhūmīsu kiriyābyākataṃ, sabbañca rūpaṃ – ime dhammā pariyāpannā.",-,
1-1608,"1608. Katame dhammā apariyāpannā? Cattāro maggā apariyāpannā, cattāri ca sāmaññaphalāni, nibbānañca – ime dhammā apariyāpannā.",-,
1-1609,1609. Katame dhammā niyyānikā? Cattāro maggā apariyāpannā – ime dhammā niyyānikā.,-,
1-1610,"1610. Katame dhammā aniyyānikā? Tīsu bhūmīsu kusalaṃ, akusalaṃ, catūsu bhūmīsu vipāko, tīsu bhūmīsu kiriyābyākataṃ, rūpañca, nibbānañca – ime dhammā aniyyānikā.",-,
1-1611,"1611. Katame dhammā niyatā? Cattāro diṭṭhigatasampayuttacittuppādā, dve domanassasahagatacittuppādā – ime dhammā siyā niyatā siyā aniyatā. Cattāro maggā apariyāpannā – ime dhammā niyatā.",-,
1-1612,"1612. Katame dhammā aniyatā? Cattāro diṭṭhigatavippayuttalobhasahagatacittuppādā, vicikicchāsahagato cittuppādo, uddhaccasahagato cittuppādo, tīsu bhūmīsu kusalaṃ, catūsu bhūmīsu vipāko, tīsu bhūmīsu kiriyābyākataṃ, rūpañca, nibbānañca – ime dhammā aniyatā.",-,
1-1613,"1613. Katame dhammā sauttarā? Tīsu bhūmīsu kusalaṃ, akusalaṃ, tīsu bhūmīsu vipāko, tīsu bhūmīsu kiriyābyākataṃ, sabbañca rūpaṃ – ime dhammā sauttarā.",-,
1-1614,"1614. Katame dhammā anuttarā? Cattāro maggā apariyāpannā, cattāri ca sāmaññaphalāni, nibbānañca – ime dhammā anuttarā.",-,
1-1615,1615. Katame dhammā saraṇā? Dvādasa akusalacittuppādā – ime dhammā saraṇā.,-,
1-1616,"1616. Katame dhammā araṇā? Catūsu bhūmīsu kusalaṃ, catūsu bhūmīsu vipāko, tīsu bhūmīsu kiriyābyākataṃ, rūpañca, nibbānañca – ime dhammā araṇā.
Atthuddhāro niṭṭhito.
Dhammasaṅgaṇīpakaraṇaṃ niṭṭhitaṃ.",-,
1-0a-1,"1. (Ka) kusalā dhammā.
(Kha) akusalā dhammā.
(Ga) abyākatā dhammā.","States that are good, bad, indeterminate.",
1-0a-2,"2. (Ka) sukhāya vedanāya sampayuttā dhammā.
(Kha) dukkhāya vedanāya sampayuttā dhammā.
(Ga) adukkhamasukhāya vedanāya sampayuttā dhammā.","States that are associated with pleasant feeling, painful feeling, neutral feeling.",
1-0a-3,"3. (Ka) vipākā dhammā.
(Kha) vipākadhammadhammā.
(Ga) nevavipākanavipākadhammadhammā.",States that are results; that have resultant quality; that are neither.,
1-0a-4,"4. (Ka) upādiṇṇupādāniyā [upādinnupādāniyā (syā.)] dhammā.
(Kha) anupādiṇṇupādāniyā dhammā.
(Ga) anupādiṇṇaanupādāniyā [anupādinnānupādāniyā (syā.)] dhammā.",States that are grasped at and favourable to grasping; that are not grasped at but are favourable to grasping; that are neither.,
1-0a-5,"5. (Ka) saṃkiliṭṭhasaṃkilesikā dhammā.
(Kha) asaṃkiliṭṭhasaṃkilesikā dhammā.
(Ga) asaṃkiliṭṭhaasaṃkilesikā [asaṃkiliṭṭhāsaṃkilesikā (syā.)] dhammā.",States that are vitiated and vicious; that are not vitiated but are vicious; that are neither.,
1-0a-6,"6. (Ka) savitakkasavicārā dhammā.
(Kha) avitakkavicāramattā dhammā.
(Ga) avitakkaavicārā [avitakkāvicārā (syā.)] dhammā.",States that have applied and sustained thinking; sustained thinking only; neither.,
1-0a-7,"7. (Ka) pītisahagatā dhammā.
(Kha) sukhasahagatā dhammā.
(Ga) upekkhāsahagatā dhammā.",States that are accompanied by zest; by happiness; by indifference.,
1-0a-8,"8. (Ka) dassanena pahātabbā dhammā.
(Kha) bhāvanāya pahātabbā dhammā.
(Ga) neva dassanena na bhāvanāya pahātabbā dhammā.",States that are to be put away by vision; by culture; by neither.,
1-0a-9,"9. (Ka) dassanena pahātabbahetukā dhammā.
(Kha) bhāvanāya pahātabbahetukā dhammā.
(Ga) neva dassanena na bhāvanāya pahātabbahetukā dhammā.","States, the moral roots of which are to be put away by vision; by culture; by neither.",
1-0a-10,"10. (Ka) ācayagāmino dhammā.
(Kha) apacayagāmino dhammā.
(Ga) nevācayagāmināpacayagāmino [nevācayagāmino nāpacayagāmino (syā.)] dhammā.",States going to building up; going to pulling down; going to neither.,
1-0a-11,"11. (Ka) sekkhā dhammā.
(Kha) asekkhā dhammā.
(Ga) nevasekkhanāsekkhā [nevasekkhānāsekkhā (sī. syā.)] dhammā.",States of one in training; of the adept; of one who is neither.,
1-0a-12,"12. (Ka) parittā dhammā.
(Kha) mahaggatā dhammā.
(Ga) appamāṇā dhammā.","States that are limited, sublime, infinite.",
1-0a-13,"13. (Ka) parittārammaṇā dhammā.
(Kha) mahaggatārammaṇā dhammā.
(Ga) appamāṇārammaṇā dhammā.",States that have a limited object; a sublime object; neither.,
1-0a-14,"14. (Ka) hīnā dhammā.
(Kha) majjhimā dhammā.
(Ga) paṇītā dhammā.",States that are base; of medium worth; excellent.,
1-0a-15,"15. (Ka) micchattaniyatā dhammā.
(Kha) sammattaniyatā dhammā.
(Ga) aniyatā dhammā.",States that are of a wrongfulness fixed as to consequences; that are of a righteousness fixed as to consequences; that do not entail fixed consequences.,
1-0a-16,"16. (Ka) maggārammaṇā dhammā.
(Kha) maggahetukā dhammā.
(Ga) maggādhipatino dhammā.",States that have the Path as object; whose moral root is the Path; whose dominant influence is the Path.,
1-0a-17,"17. (Ka) uppannā dhammā.
(Kha) anuppannā dhammā.
(Ga) uppādino dhammā.",States that have arisen; that have not arisen; that are bound to arise.,
1-0a-18,"18. (Ka) atītā dhammā.
(Kha) anāgatā dhammā.
(Ga) paccuppannā dhammā.",States that are past; present; future.,
1-0a-19,"19. (Ka) atītārammaṇā dhammā.
(Kha) anāgatārammaṇā dhammā.
(Ga) paccuppannārammaṇā dhammā.",States that have the past as their object; the present as their object; the future as their object.,
1-0a-20,"20. (Ka) ajjhattā dhammā.
(Kha) bahiddhā dhammā.
(Ga) ajjhattabahiddhā dhammā.",States that belong to one's self; are external to one's self; are belonging or external to one's self.,
1-0a-21,"21. (Ka) ajjhattārammaṇā dhammā.
(Kha) bahiddhārammaṇā dhammā.
(Ga) ajjhattabahiddhārammaṇā dhammā.",States that have for an object one's self; an object external to one's self; an object that is both.,
1-0a-22,"22. (Ka) sanidassanasappaṭighā dhammā.
(Kha) anidassanasappaṭighā dhammā.
(Ga) anidassanaappaṭighā [anidassanāppaṭighā (syā.)] dhammā.
Tikamātikā.",States that are visible and reacting; invisible and reacting; neither.,
1-0b-1,"1. (Ka) hetū dhammā.
(Kha) na hetū dhammā.",States that are moral roots; not moral roots.,
1-0b-2,"2. (Ka) sahetukā dhammā.
(Kha) ahetukā dhammā.",States concomitant with a moral root; not so concomitant.,
1-0b-3,"3. (Ka) hetusampayuttā dhammā.
(Kha) hetuvippayuttā dhammā.",States associated with a moral root; dissociated from a moral root.,
1-0b-4,"4. (Ka) hetū ceva dhammā sahetukā ca.
(Kha) sahetukā ceva dhammā na ca hetū.",States that are both moral roots and concomitant with a moral root; states of mind that are the latter but not the former.,
1-0b-5,"5. (Ka) hetū ceva dhammā hetusampayuttā ca.
(Kha) hetusampayuttā ceva dhammā na ca hetū.",States that are both moral roots and associated with moral roots; states of mind that are the latter but not the former.,
1-0b-6,"6. (Ka) na hetū kho pana dhammā sahetukāpi.
(Kha) ahetukāpi.
Hetugocchakaṃ.","States that are not moral roots, but are either concomitant with moral roots or not.",
1-0b-7,"7. (Ka) sappaccayā dhammā.
(Kha) appaccayā dhammā.",States that are causally related; not causally related.,
1-0b-8,"8. (Ka) saṅkhatā dhammā.
(Kha) asaṅkhatā dhammā.",States that are conditioned; unconditioned.,
1-0b-9,"9. (Ka) sanidassanā dhammā.
(Kha) anidassanā dhammā.",States that are visible; invisible.,
1-0b-10,"10. (Ka) sappaṭighā dhammā.
(Kha) appaṭighā dhammā.",States that are reactions; not reactions.,
1-0b-11,"11. (Ka) rūpino dhammā.
(Kha) arūpino dhammā.",States that have material form; that are immaterial.,
1-0b-12,"12. (Ka) lokiyā dhammā .
(Kha) lokuttarā dhammā.",States that are mundane; supramundane.,
1-0b-13,"13. (Ka) kenaci viññeyyā dhammā.
(Kha) kenaci na viññeyyā dhammā.
Cūḷantaradukaṃ.",States that may be cognized in a given way; that may not be cognized in that given way.,
1-0b-14,"14. (Ka) āsavā dhammā.
(Kha) no āsavā dhammā.",States that are āsavas; are not āsavas.,
1-0b-15,"15. (Ka) sāsavā dhammā.
(Kha) anāsavā dhammā.","States that have āsavas, have not āsavas.",
1-0b-16,"16. (Ka) āsavasampayuttā dhammā.
(Kha) āsavavippayuttā dhammā.",States that are associated with āsavas; dissociated from āsavas.,
1-0b-17,"17. (Ka) āsavā ceva dhammā sāsavā ca.
(Kha) sāsavā ceva dhammā no ca āsavā.",States that both are and have āsavas; that have āsavas but are not āsavas.,
1-0b-18,"18. (Ka) āsavā ceva dhammā āsavasampayuttā ca.
(Kha) āsavasampayuttā ceva dhammā no ca āsavā.",States that are both āsavas and associated with āsavas; that are associated with āsavas but are not āsavas.,
1-0b-19,"19. (Ka) āsavavippayuttā kho pana dhammā sāsavāpi.
(Kha) anāsavāpi.
Āsavagocchakaṃ.","States that are dissociated from āsavas, but may have or may not have āsavas.",
1-0b-20,"20. (Ka) saṃyojanā dhammā.
(Kha) no saṃyojanā dhammā.",States that are fetters; are not fetters.,
1-0b-21,"21. (Ka) saṃyojaniyā dhammā.
(Kha) asaṃyojaniyā dhammā.",States that are favourable to fetters; are not so.,
1-0b-22,"22. (Ka) saṃyojanasampayuttā dhammā.
(Kha) saṃyojanavippayuttā dhammā.",States that are associated with fetters; are dissociated from fetters.,
1-0b-23,"23. (Ka) saṃyojanā ceva dhammā saṃyojaniyā ca.
(Kha) saṃyojaniyā ceva dhammā no ca saṃyojanā.",States that are both fetters and favourable to fetters; that are the latter but not the former.,
1-0b-24,"24. (Ka) saṃyojanā ceva dhammā saṃyojanasampayuttā ca.
(Kha) saṃyojanasampayuttā ceva dhammā no ca saṃyojanā.",States that are both fetters and associated with fetters; that are the latter but not the former.,
1-0b-25,"25. (Ka) saṃyojanavippayuttā kho pana dhammā saṃyojaniyāpi.
(Kha) asaṃyojaniyāpi.
Saṃyojanagocchakaṃ.","States that are dissociated from fetters, but may be favourable to fetters or unfavourable.",
1-0b-26,"26. (Ka) ganthā dhammā.
(Kha) no ganthā dhammā.",States that are ties; are not ties.,
1-0b-27,"27. (Ka) ganthaniyā dhammā.
(Kha) aganthaniyā dhammā.",States that are favourable to ties; are not so.,
1-0b-28,"28. (Ka) ganthasampayuttā dhammā.
(Kha) ganthavippayuttā dhammā.",States that are associated with ties; dissociated from ties.,
1-0b-29,"29. (Ka) ganthā ceva dhammā ganthaniyā ca.
(Kha) ganthaniyā ceva dhammā no ca ganthā.",States that are both ties and favourable to ties; that are the latter but not the former.,
1-0b-30,"30. (Ka) ganthā ceva dhammā ganthasampayuttā ca.
(Kha) ganthasampayuttā ceva dhammā no ca ganthā.",States that are both ties and associated with ties; are the latter but not the former.,
1-0b-31,"31. (Ka) ganthavippayuttā kho pana dhammā ganthaniyāpi.
(Kha) aganthaniyāpi.
Ganthagocchakaṃ.",States that are dissociated from ties; but may or may not be favourable to ties.,
1-0b-32,"32. (Ka) oghā dhammā.
(Kha) no oghā dhammā.",-,
1-0b-33,"33. (Ka) oghaniyā dhammā.
(Kha) anoghaniyā dhammā.",-,
1-0b-34,"34. (Ka) oghasampayuttā dhammā.
(Kha) oghavippayuttā dhammā.",-,
1-0b-35,"35. (Ka) oghā ceva dhammā oghaniyā ca.
(Kha) oghaniyā ceva dhammā no ca oghā.",-,
1-0b-36,"36. (Ka) oghā ceva dhammā oghasampayuttā ca.
(Kha) oghasampayuttā ceva dhammā no ca oghā.",-,
1-0b-37,"37. (Ka) oghavippayuttā kho pana dhammā oghaniyāpi.
(Kha) anoghaniyāpi.
Oghagocchakaṃ.",-,
1-0b-38,"38. (Ka) yogā dhammā.
(Kha) no yogā dhammā.",-,
1-0b-39,"39. (Ka) yoganiyā dhammā.
(Kha) ayoganiyā dhammā.",-,
1-0b-40,"40. (Ka) yogasampayuttā dhammā.
(Kha) yogavippayuttā dhammā.",-,
1-0b-41,"41. (Ka) yogā ceva dhammā yoganiyā ca.
(Kha) yoganiyā ceva dhammā no ca yogā.",-,
1-0b-42,"42. (Ka) yogā ceva dhammā yogasampayuttā ca.
(Kha) yogasampayuttā ceva dhammā no ca yogā.",-,
1-0b-43,"43. (Ka) yogavippayuttā kho pana dhammā yoganiyāpi.
(Kha) ayoganiyāpi.
Yogagocchakaṃ.",-,
1-0b-44,"44. (Ka) nīvaraṇā dhammā.
(Kha) no nīvaraṇā dhammā.",-,
1-0b-45,"45. (Ka) nīvaraṇiyā dhammā.
(Kha) anīvaraṇiyā dhammā.",-,
1-0b-46,"46. (Ka) nīvaraṇasampayuttā dhammā.
(Kha) nīvaraṇavippayuttā dhammā.",-,
1-0b-47,"47. (Ka) nīvaraṇā ceva dhammā nīvaraṇiyā ca.
(Kha) nīvaraṇiyā ceva dhammā no ca nīvaraṇā.",-,
1-0b-48,"48. (Ka) nīvaraṇā ceva dhammā nīvaraṇasampayuttā ca.
(Kha) nīvaraṇasampayuttā ceva dhammā no ca nīvaraṇā.",-,
1-0b-49,"49. (Ka) nīvaraṇavippayuttā kho pana dhammā nīvaraṇiyāpi.
(Kha) anīvaraṇiyāpi .
Nīvaraṇagocchakaṃ.",-,
1-0b-50,"50. (Ka) parāmāsā dhammā.
(Kha) no parāmāsā dhammā.",States that are perversions; are not perversions.,
1-0b-51,"51. (Ka) parāmaṭṭhā dhammā.
(Kha) aparāmaṭṭhā dhammā.",States that are perverted; unperverted.,
1-0b-52,"52. (Ka) parāmāsasampayuttā dhammā.
(Kha) parāmāsavippayuttā dhammā.",States that are associated with perversion; dissociated from perversion.,
1-0b-53,"53. (Ka) parāmāsā ceva dhammā parāmaṭṭhā ca.
(Kha) parāmaṭṭhā ceva dhammā no ca parāmāsā.",States that are both perversions and perverted; are the latter but not the former.,
1-0b-54,"54. (Ka) parāmāsavippayuttā kho pana dhammā parāmaṭṭhāpi.
(Kha) aparāmaṭṭhāpi.
Parāmāsagocchakaṃ.","States that are dissociated from perversion, but are either perverted or unperverted.",
1-0b-55,"55. (Ka) sārammaṇā dhammā.
(Kha) anārammaṇā dhammā.",States that have objects of thought; have not such.,
1-0b-56,"56. (Ka) cittā dhammā.
(Kha) no cittā dhammā.",States that have thought; have not thought.,
1-0b-57,"57. (Ka) cetasikā dhammā.
(Kha) acetasikā dhammā.",States that are mental properties; are not such.,
1-0b-58,"58. (Ka) cittasampayuttā dhammā.
(Kha) cittavippayuttā dhammā.",States that are associated with thought; dissociated from thought.,
1-0b-59,"59. (Ka) cittasaṃsaṭṭhā dhammā.
(Kha) cittavisaṃsaṭṭhā dhammā.",States that are conjoined with thought; detached from thought.,
1-0b-60,"60. (Ka) cittasamuṭṭhānā dhammā.
(Kha) no cittasamuṭṭhānā dhammā.",States that are sprung from thought; are not so.,
1-0b-61,"61. (Ka) cittasahabhuno dhammā.
(Kha) no cittasahabhuno dhammā.",States that come into being together with thought; do not so come into being.,
1-0b-62,"62. (Ka) cittānuparivattino dhammā.
(Kha) no cittānuparivattino dhammā.",States that are consecutive to thought; are not so.,
1-0b-63,"63. (Ka) cittasaṃsaṭṭhasamuṭṭhānā dhammā.
(Kha) no cittasaṃsaṭṭhasamuṭṭhānā dhammā.",States that are conjoined with and sprung from thought; are not so.,
1-0b-64,"64. (Ka) cittasaṃsaṭṭhasamuṭṭhānasahabhuno dhammā.
(Kha) no cittasaṃsaṭṭhasamuṭṭhānasahabhuno dhammā.","States that are conjoined with, sprung from, come into being together with thought; are not so.",
1-0b-65,"65. (Ka) cittasaṃsaṭṭhasamuṭṭhānānuparivattino dhammā.
(Kha) no cittasaṃsaṭṭhasamuṭṭhānānuparivattino dhammā.","States that are conjoined with, sprung from, consecutive to thought; are not so.",
1-0b-66,"66. (Ka) ajjhattikā dhammā.
(Kha) bāhirā dhammā.",States that are one's own; are external.,
1-0b-67,"67. (Ka) upādā dhammā.
(Kha) no upādā dhammā.",States that are derived; are not derived.,
1-0b-68,"68. (Ka) upādiṇṇā [upādinnā (sī. syā.)] dhammā.
(Kha) anupādiṇṇā dhammā.
Mahantaradukaṃ.",States that are grasped at; are not grasped at.,
1-0b-69,"69. (Ka) upādānā dhammā.
(Kha) no upādānā dhammā.",States that are graspings; are not graspings.,
1-0b-70,"70. (Ka) upādāniyā dhammā.
(Kha) anupādāniyā dhammā.",States that are favourable to grasping; not favourable.,
1-0b-71,"71. (Ka) upādānasampayuttā dhammā.
(Kha) upādānavippayuttā dhammā.",States that are associated with grasping; dissociated from grasping.,
1-0b-72,"72. (Ka) upādānā ceva dhammā upādāniyā ca.
(Kha) upādāniyā ceva dhammā no ca upādānā.",States that are both graspings and favourable to grasping; are the latter but not the former.,
1-0b-73,"73. (Ka) upādānā ceva dhammā upādānasampayuttā ca.
(Kha) upādānasampayuttā ceva dhammā no ca upādānā.",States that are both graspings and associated with grasping; are the latter but not the former.,
1-0b-74,"74. (Ka) upādānavippayuttā kho pana dhammā upādāniyāpi.
(Kha) anupādāniyāpi.
Upādānagocchakaṃ.","States that are dissociated from grasping, but may be either favourable or unfavourable to grasping.",
1-0b-75,"75. (Ka) kilesā dhammā.
(Kha) no kilesā dhammā.",States that are vices; are not vices.,
1-0b-76,"76. (Ka) saṃkilesikā dhammā.
(Kha) asaṃkilesikā dhammā.",States that are vicious; are not vicious.,
1-0b-77,"77. (Ka) saṃkiliṭṭhā dhammā.
(Kha) asaṃkiliṭṭhā dhammā.",States that are vitiated; are not vitiated.,
1-0b-78,"78. (Ka) kilesasampayuttā dhammā.
(Kha) kilesavippayuttā dhammā.",States that are associated with vice; are dissociated from vice.,
1-0b-79,"79. (Ka) kilesā ceva dhammā saṃkilesikā ca.
(Kha) saṃkilesikā ceva dhammā no ca kilesā.",States that are both vices and vicious; are vicious but not vices.,
1-0b-80,"80. (Ka) kilesā ceva dhammā saṃkiliṭṭhā ca.
(Kha) saṃkiliṭṭhā ceva dhammā no ca kilesā.",States that are both vices and vitiated; are vitiated but not vices.,
1-0b-81,"81. (Ka) kilesā ceva dhammā kilesasampayuttā ca.
(Kha) kilesasampayuttā ceva dhammā no ca kilesā.",States that are both vices and associated with vice; are the latter but not the former.,
1-0b-82,"82. (Ka) kilesavippayuttā kho pana dhammā saṃkilesikāpi.
(Kha) asaṃkilesikāpi.
Kilesagocchakaṃ.","States that are dissociated from vice, but may be either vicious or not.",
1-0b-83,"83. (Ka) dassanena pahātabbā dhammā.
(Kha) na dassanena pahātabbā dhammā.",States that may be put away by vision; not so put away.,
1-0b-84,"84. (Ka) bhāvanāya pahātabbā dhammā.
(Kha) na bhāvanāya pahātabbā dhammā.",States that may be put away by culture; not so put away.,
1-0b-85,"85. (Ka) dassanena pahātabbahetukā dhammā.
(Kha) na dassanena pahātabbahetukā dhammā.","States, the moral root of which may be put away by vision; may not be so put away.",
1-0b-86,"86. (Ka) bhāvanāya pahātabbahetukā dhammā.
(Kha) na bhāvanāya pahātabbahetukā dhammā.","States, the moral root of which may be put away by culture; may not be so put away.",
1-0b-87,"87. (Ka) savitakkā dhammā.
(Kha) avitakkā dhammā.",States having applied thinking; not having applied thinking.,
1-0b-88,"88. (Ka) savicārā dhammā.
(Kha) avicārā dhammā.",States having sustained thinking; not having sustained thinking.,
1-0b-89,"89. (Ka) sappītikā dhammā.
(Kha) appītikā dhammā.",States concomitant with zest; not concomitant with zest.,
1-0b-90,"90. (Ka) pītisahagatā dhammā.
(Kha) na pītisahagatā dhammā.",States accompanied by zest; unaccompanied by zest.,
1-0b-91,"91. (Ka) sukhasahagatā dhammā.
(Kha) na sukhasahagatā dhammā.",States accompanied by ease; unaccompanied by ease.,
1-0b-92,"92. (Ka) upekkhāsahagatā dhammā.
(Kha) na upekkhāsahagatā dhammā.",States accompanied by indifference; unaccompanied by indifference.,
1-0b-93,"93. (Ka) kāmāvacarā dhammā.
(Kha) na kāmāvacarā dhammā.",States of the universe of sense; not of that universe.,
1-0b-94,"94. (Ka) rūpāvacarā dhammā.
(Kha) na rūpāvacarā dhammā.",States of the universe of form; not of that universe.,
1-0b-95,"95. (Ka) arūpāvacarā dhammā.
(Kha) na arūpāvacarā dhammā.",States of the formless universe; not of that universe.,
1-0b-96,"96. (Ka) pariyāpannā dhammā.
(Kha) apariyāpannā dhammā.",States that are included; unincluded.,
1-0b-97,"97. (Ka) niyyānikā dhammā.
(Kha) aniyyānikā dhammā.",States that lead onward; do not lead onward.,
1-0b-98,"98. (Ka) niyatā dhammā.
(Kha) aniyatā dhammā.",States that are fixed; are not fixed.,
1-0b-99,"99. (Ka) sauttarā dhammā.
(Kha) anuttarā dhammā.",States that have a beyond; have no beyond.,
1-0b-100,"100. (Ka) saraṇā dhammā.
(Kha) araṇā dhammā.
Piṭṭhidukaṃ.
Abhidhammadukamātikā.",States that are harmful; are harmless.,
1-0b-101,"101. (Ka) vijjābhāgino dhammā.
(Kha) avijjābhāgino dhammā.",States that partake of wisdom; do not partake of wisdom.,
1-0b-102,"102. (Ka) vijjūpamā dhammā.
(Kha) vajirūpamā dhammā.",States that resemble lightning; are comparable to the thunderbolt.,
1-0b-103,"103. (Ka) bālā dhammā.
(Kha) paṇḍitā dhammā.",States that are foolish; discreet.,
1-0b-104,"104. (Ka) kaṇhā dhammā.
(Kha) sukkā dhammā.",States that are dark; bright.,
1-0b-105,"105. (Ka) tapanīyā dhammā.
(Kha) atapanīyā dhammā.",States that conduce to remorse; that do not.,
1-0b-106,"106. (Ka) adhivacanā dhammā.
(Kha) adhivacanapathā dhammā.",States that are equivalent terms; processes of such.,
1-0b-107,"107. (Ka) nirutti dhammā.
(Kha) niruttipathā dhammā.",States that are explanations; processes of explanation.,
1-0b-108,"108. (Ka) paññatti dhammā.
(Kha) paññattipathā dhammā.",States that are expressions; processes of expression.,
1-0b-109,"109. (Ka) nāmañca.
(Kha) rūpañca.",Name and shape.,
1-0b-110,"110. (Ka) avijjā ca.
(Kha) bhavataṇhā ca.",Ignorance and craving for rebirth.,
1-0b-111,"111. (Ka) bhavadiṭṭhi ca.
(Kha) vibhavadiṭṭhi ca.",Theory of rebirth and theory of dissolution.,
1-0b-112,"112. (Ka) sassatadiṭṭhi ca.
(Kha) ucchedadiṭṭhi ca.",Theory of eternalism and theory of annihilation.,
1-0b-113,"113. (Ka) antavā diṭṭhi ca.
(Kha) anantavā diṭṭhi ca.",Theory of infiniteness and theory of finiteness.,
1-0b-114,"114. (Ka) pubbantānudiṭṭhi ca.
(Kha) aparantānudiṭṭhi ca.",Theory of first and last things.,
1-0b-115,"115. (Ka) ahirikañca.
(Kha) anottappañca.",Unconscientiousness and indiscretion.,
1-0b-116,"116. (Ka) hirī ca.
(Kha) ottappañca.",Conscientiousness and discretion.,
1-0b-117,"117. (Ka) dovacassatā ca.
(Kha) pāpamittatā ca.",Contumacy and friendship with evil.,
1-0b-118,"118. (Ka) sovacassatā ca.
(Kha) kalyāṇamittatā ca.",Suavity and friendship with good.,
1-0b-119,"119. (Ka) āpattikusalatā ca.
(Kha) āpattivuṭṭhānakusalatā ca.",Skill in offences and in restoration from the offences.,
1-0b-120,"120. (Ka) samāpattikusalatā ca.
(Kha) samāpattivuṭṭhānakusalatā ca.",Skill in the attainments and in recovery from the attainments.,
1-0b-121,"121. (Ka) dhātukusalatā ca.
(Kha) manasikārakusalatā ca.",Skill in the elements and in attention.,
1-0b-122,"122. (Ka) āyatanakusalatā ca.
(Kha) paṭiccasamuppādakusalatā ca.",Skill in the spheres of sense and in the causal law.,
1-0b-123,"123. (Ka) ṭhānakusalatā ca.
(Kha) aṭṭhānakusalatā ca.",Skill in affirming and in negating causal relation.,
1-0b-124,"124. (Ka) ajjavo ca.
(Kha) maddavo ca.",Upright and soft.,
1-0b-125,"125. (Ka) khanti ca.
(Kha) soraccañca.",Patience and loveableness.,
1-0b-126,"126. (Ka) sākhalyañca.
(Kha) paṭisanthāro ca [paṭisandhāro ca (ka.)].",Amity and courtesy.,
1-0b-127,"127. (Ka) indriyesu aguttadvāratā ca.
(Kha) bhojane amattaññutā ca.",Unguardedness in the gateways of sense and immoderation in diet.,
1-0b-128,"128. (Ka) indriyesu guttadvāratā ca.
(Kha) bhojane mattaññutā ca.",Guardedness in the gateways of sense and moderation in diet.,
1-0b-129,"129. (Ka) muṭṭhasaccañca.
(Kha) asampajaññañca.",Forgetfulness and unintelligence.,
1-0b-130,"130. (Ka) sati ca.
(Kha) sampajaññañca.",Mindfulness and intelligence.,
1-0b-131,"131. (Ka) paṭisaṅkhānabalañca.
(Kha) bhāvanābalañca.",Computing power and developing power.,
1-0b-132,"132. (Ka) samatho ca.
(Kha) vipassanā ca.",Calm and intuition.,
1-0b-133,"133. (Ka) samathanimittañca .
(Kha) paggāhanimittañca.",The sign of calm and the sign of grasp.,
1-0b-134,"134. (Ka) paggāho ca.
(Kha) avikkhepo ca.",Grasp and balance.,
1-0b-135,"135. (Ka) sīlavipatti ca.
(Kha) diṭṭhivipatti ca.",Moral failure and theoretic fallacy.,
1-0b-136,"136. (Ka) sīlasampadā ca.
(Kha) diṭṭhisampadā ca.",Moral achievement and theoretic achievement.,
1-0b-137,"137. (Ka) sīlavisuddhi ca.
(Kha) diṭṭhivisuddhi ca.",Purity of morals and of theory.,
1-0b-138,"138. (Ka) diṭṭhivisuddhi kho pana.
(Kha) yathādiṭṭhissa ca padhānaṃ.",Purity in views and the struggle of him who holds the views.,
1-0b-139,"139. (Ka) saṃvego ca saṃvejaniyesu ṭhānesu.
(Kha) saṃviggassa ca yoniso padhānaṃ.",Agitation on occasions calling for agitation and the struggle of the agitated.,
1-0b-140,"140. (Ka) asantuṭṭhitā ca kusalesu dhammesu.
(Kha) appaṭivānitā ca padhānasmiṃ.",Discontent as to good states and unfalteringness in the struggle.,
1-0b-141,"141. (Ka) vijjā ca.
(Kha) vimutti ca.",Wisdom and freedom.,
1-0b-142,"142. (Ka) khaye ñāṇaṃ.
(Kha) anuppāde ñāṇanti.
Suttantikadukamātikā [suttantamātikā (syā.)].
Mātikā niṭṭhitā.",Knowledge in making an end; knowledge in not coming to pass.,
